:04000005080041B9F5
:020000040800F2
:103F00000031000000000000000000000000000080
:103F100047E52D3454573138363700000000000093
:103F200000000000000000000000485300000000F6
:103F30000000000000000000000000000000000081
:103F40000000000000000000000000000000000071
:103F50000000000000000000000000000000000061
:103F60000000000000000000000000000000000051
:103F70000000000000000000000000000000000041
:103F80000000000000000000000000000000000031
:103F90000000000000000000000000000000000021
:103FA0000000000000000000000000000000000011
:103FB0000000000000000000000000000000000001
:103FC00000000000000000000000000000000000F1
:103FD00000000000000000000000000000000000E1
:103FE00000000000000000000000000000000000D1
:103FF00000000000000000000000000000000000C1
:1040000000040020B9410008BB410008BB41000882
:10401000BB410008BB410008BB4100084C21010026
:104020009E16D9D0BB410008BB410008ED1701081E
:10403000BB410008BB410008BB410008272A01081A
:10404000BB410008BB410008BB410008BB41000860
:10405000BB410008BB410008A5760008E5760008D2
:104060002577000869770008AD770008BB41000894
:10407000BB410008BB410008F1300108BB4100080A
:10408000F1770008BB410008BB410008BB410008B4
:10409000BB410008BB410008BB410008BB41000810
:1040A000BB410008BB410008DD2C0108F12C0108D0
:1040B000BB410008BB410008BB410008BB410008F0
:1040C000452A010891780008BB410008457900089D
:1040D000BB410008BB410008BB410008BB410008D0
:1040E00072B6264880F30888254880F30988254859
:1040F00025490860022080F31488BFF36F8F0DF00C
:104100008FF80CF06BFE4FF0553020491B4A91425E
:104110003CBF41F8040BFAE71D49194A91423CBFE4
:1041200041F8040BFAE71B491B4A1C4B9A423EBF5D
:1041300051F8040B42F8040BF8E700201849194A1B
:1041400091423CBF41F8040BFAE70DF06DF80DF019
:1041500068F8154C154DAC4203DA54F8041B884737
:10416000F9E707F0EBFB124C124DAC4203DA54F8BE
:10417000041B8847F9E70DF055B800000004002043
:10418000000C00200040000808ED00E000000020C6
:1041900000040020685A0108000C0020E4110020EF
:1041A000E8110020F0400020E0400008E040000856
:1041B000E0400008E040000892E700F000F8FEE769
:1041C0002DE9F04FC1F80CD0C3689D46BDE8F08FD3
:1041D000002383F311882846A04700200DF03AFA07
:1041E000FEE70DF06BF900DFFEE7000053B94AB9B6
:1041F000002908BF00281CBF4FF0FF314FF0FF30EF
:1042000000F076B9ADF1080C6DE904CE00F006F8C7
:10421000DDF804E0DDE9022304B070472DE9F04742
:10422000089E0D4604468846002B4DD18A4294468E
:1042300068D9B2FA82F252B101FA02F3C2F1200156
:1042400020FA01F10CFA02FC41EA030894404FEA1B
:104250001C41B8FBF1F71FFA8CFE01FB178807FB26
:104260000EF0230C43EA084398420AD91CEB0303DF
:1042700007F1FF3580F01E81984240F21B81023F1A
:1042800063441B1AB3FBF1F001FB103300FB0EFE7D
:10429000A4B244EA0344A6450AD91CEB040400F185
:1042A000FF3380F00981A64540F20681644402385C
:1042B0000021A4EB0E0440EA07401EB10023D440C5
:1042C000C6E90043BDE8F0878B4208D9002E00F014
:1042D000EE800021C6E900050846BDE8F087B3FA84
:1042E00083F100294AD1AB4202D3824200F2FC8022
:1042F000841A65EB030301209846002EE2D0C6E93C
:104300000048DFE702B9FFDEB2FA82F2002A40F08D
:104310009180A1EB0C0001214FEA1C471FFA8CFE93
:10432000B0FBF7F307FB1300250C45EA00450EFB35
:1043300003F0A84208D91CEB050503F1FF3802D2AF
:10434000A84200F2CE8043462D1AB5FBF7F007FBDA
:1043500010550EFB00FEA4B244EA0544A64508D958
:104360001CEB040400F1FF3502D2A64500F2B68032
:104370002846A4EB0E0440EA03409EE7C1F1200763
:104380008B4022FA07FC4CEA030C25FA07FA4FEAA5
:104390001C49BAFBF9F820FA07F309FB18AA8D406B
:1043A0001FFA8CFE1D4300FA01F308FB0EF02C0CE3
:1043B00044EA0A44A04202FA01F20BD91CEB0404BD
:1043C00008F1FF3A80F08880A04240F28580A8F191
:1043D00002086444241AB4FBF9F009FB104400FB02
:1043E0000EFEADB245EA0444A64508D91CEB040410
:1043F00000F1FF356CD2A6456AD90238644440EA20
:104400000840A0FB0295A4EB0E04AC42C846AE46A1
:1044100056D353D0002E69D0B3EB080264EB0E04E0
:1044200022FA01F304FA07F71F43CC40C6E90074EF
:10443000002147E70CFA02FCC2F1200125FA01F342
:104440004FEA1C4720FA01F195400D43B3FBF7F109
:1044500007FB11331FFA8CFE280C40EA034001FBD6
:104460000EF3834204FA02F408D91CEB000001F1B8
:10447000FF382FD283422DD902396044C01AB0FBD5
:10448000F7F307FB1300ADB245EA004503FB0EF05E
:10449000A84208D91CEB050503F1FF3816D2A84243
:1044A00014D9023B6544281A43EA014138E73146F2
:1044B000304607E72F46E4E61846F9E64B45A9D211
:1044C000B9EB020865EB0C0E0138A3E74346EAE7B7
:1044D000284694E74146D1E7D0467BE7644402385A
:1044E00047E7023B65442FE7084606E73146E9E621
:1044F000704700BF062008B500F0E0FA01200EF07A
:10450000DBF800BF024B0146186800F06DB900BF30
:10451000000C0020024B0146186800F0FFB800BFF5
:10452000000C0020032A10B516D940EA010C1CF03B
:10453000030F04460B4622D119462046D1F800E06D
:10454000D0F800C00433F44504F1040417D1043A50
:10455000032A20461946EFD8541EA2B100F1FF3CB1
:10456000013901E0C3180CD01CF801EF11F8012F3C
:10457000A4EB0C039645F5D0AEEB020010BD541E23
:10458000ECE7184610BD104610BD00BF844641EA56
:10459000000313F0030349D1403A23D30B680360AF
:1045A0004B6843608B688360CB68C3600B690361B1
:1045B0004B6943618B698361CB69C3610B6A036299
:1045C0004B6A43628B6A8362CB6AC3620B6B036381
:1045D0004B6B43638B6B8363CB6BC3634030403166
:1045E000403ADBD230320BD30B6803604B68436038
:1045F0008B688360CB68C36010301031103AF3D2FF
:104600000C3205D351F8043B40F8043B043AF9D28C
:10461000043208D0D2071CBF11F8013B00F8013B5F
:1046200001D30B8803806046704700BF082A13D36C
:104630008B07B1D010F00303AED0C3F10403D21A3C
:10464000DB071CBF11F8013B00F8013BA4D331F894
:10465000023B20F8023B9FE7043AD9D3013A11F814
:10466000013B00F8013BF9D20B7803704B784370A3
:104670008B78837060467047830730B548D0541EEE
:10468000002A3FD00346CAB201E0013C3AD303F806
:10469000012B9D07F9D1032C2DD9CDB245EA052573
:1046A0000F2C45EA054536D9A4F1100222F00F0C73
:1046B00003F1200EE6444FEA121C03F1100242E916
:1046C000045542E9025510327245F8D10CF101024D
:1046D00014F00C0F03EB021204F00F0C13D0ACF12A
:1046E000040323F003030433134442F8045B9342AE
:1046F000FBD10CF003042CB1CAB21C4403F8012B0B
:104700009C42FBD130BD64461346002CF4D1F9E73E
:1047100003461446BFE71A46A446E0E7002952D0F4
:1047200038B551F8043C0C1F002BB8BFE4180546FF
:1047300000F0F0FA2B4A1368002B45D0A3420CD9A5
:1047400021686018834228D0636028461460BDE861
:10475000384000F0E1BAA3420FD81A465B68002B3C
:10476000F9D11168501884421DD034D3636054606D
:104770002846BDE8384000F0CFBA11685018A04272
:1047800015D028D8216860188342EFD118685B687B
:104790000144C4E900135460EAE718685B68014407
:1047A000C4E90013D1E7236819441160E0E72068E9
:1047B0000144501883421160DAD1D3E90003014467
:1047C000C2E90013D4E77047284663601460BDE86F
:1047D000384000F0A1BA0C2328462B60BDE83840D1
:1047E00000F09ABAE8110020F8B5CD1C25F00305B9
:1047F00008350C2D38BF0C25002D064623DBA942B9
:1048000021D8264F00F086FA3A6822B3144603E016
:1048100063682246FBB11C4623685B1BF8D40B2B54
:1048200015D8636894420CBF3B605360304600F07B
:1048300073FA04F10B00231D20F00700C21A01D007
:104840001B1AA350F8BD0C2300203360F8BD236071
:104850001C442560EAE77968D1B1294630460DF05D
:104860000FFF431C01460CD0C41C24F00304A042DB
:1048700005D03046611A0DF003FF013001D02560EC
:10488000D4E70C233046336000F046FA0020F8BD30
:1048900030460DF0F5FE7860DFE700BFE81100203C
:1048A00038B5124B04461D68AA6B1AB10023C2E941
:1048B000044338BD1820FFF725FE0246A86378B1EF
:1048C00000210B2301209381C2E90401084B09490F
:1048D000094DC2E9011300231560C2E9044338BD44
:1048E0004221064B064800F0CDF900BF000C002025
:1048F000ECDE050034126DE60E33CDAB985901089D
:10490000B059010838B5194B1C68A26B8AB11369FC
:104910001749546903FB01F1164800FB0411A3FB7E
:104920000030013341EB0001C2E9043121F00040C5
:1049300038BD1820FFF7E6FD0246A06388B10124C8
:1049400000250B230A480C49C2E9044511600146C1
:104950000A4D0B4C93810B4BC2E90154C2E904315F
:1049600038BD4E21084B094800F08CF9000C00209E
:104970002DF451582D7F954C0E33CDAB34126DE68E
:10498000ECDE05002E7F954C98590108B0590108BE
:1049900038B5446C0CB1002038BD80210546FFF7C6
:1049A00023FF0246686430B1031F7C3243F8044F92
:1049B0009342FBD1EFE74FF0FF3038BD1F29F8B528
:1049C000054608D8466C0C4617464EB156F82400EA
:1049D00046F82470F8BD16234FF0FF302B60F8BD69
:1049E0008021FFF701FF0646686440B10021031FE4
:1049F00000F17C0543F8041F9D42FBD1E6E74FF030
:104A0000FF30F8BD1F2938B5054620D8426C0C464A
:104A10006AB152F8213053B1012B16D0591C10D075
:104A20000025204642F824509847284638BD28469D
:104A300000F0F8F8224601462846BDE8384000F06C
:104A4000DDB8162301202B6038BD002038BD1623A9
:104A50004FF0FF302B6038BD1F292BD8426C38B582
:104A60000C46054682B152F8243002EB84024BB169
:104A7000591C1AD0012B16D00025204615609847E6
:104A8000284638BD012038BD8021FFF7ADFE024623
:104A9000686460B10020131F02F17C0143F8040F29
:104AA0009942FBD1DFE7032038BD022038BD4FF02B
:104AB000FF3038BD4FF0FF30704700BF38B5144BA2
:104AC0001F281D681FD86A6C044662B152F8203056
:104AD0004BB1012B15D0591C0FD0002542F82050A6
:104AE0009847284638BD284600F09CF822460146E3
:104AF0002846BDE8384000F081B8162301202B601D
:104B000038BD002038BD16234FF0FF302B6038BD74
:104B1000000C0020124B1F2870B51E6808D80D46E7
:104B2000716C044649B151F8240041F8245070BD1D
:104B300016234FF0FF30336070BD80213046FFF701
:104B400053FE0146706440B10022031F00F17C0C4B
:104B500043F8042F6345FBD1E5E74FF0FF3070BD0C
:104B6000000C002038B50B4B1D686C6C0CB100209C
:104B700038BD80212846FFF737FE686438B1031F2F
:104B800000F17C0243F8044F9342FBD1EFE74FF072
:104B9000FF3038BD000C002038B5174B1F281D68AA
:104BA00027D86A6C044682B152F8243002EB8402A2
:104BB0004BB1591C1BD0012B17D000252046156086
:104BC0009847284638BD012038BD80212846FFF788
:104BD0000BFE0246686460B10020131F02F17C01E5
:104BE00043F8040F8B42FBD1DEE7032038BD0220DF
:104BF00038BD4FF0FF3038BD000C002070B50026E6
:104C0000074D0446084611462E600DF05DFD431C1D
:104C100000D070BD2B68002BFBD0236070BD00BF9F
:104C2000F01100200DF058BD20F0030110F003003A
:104C3000C0F1000051F8043B00F1040C4FEACC0C29
:104C40006FF000021CBF22FA0CF213434FF0010C6C
:104C50004CEA0C2C4CEA0C4CA3EB0C0222EA0302AB
:104C600012EACC1204BF51F8043B0430F4D0C2F174
:104C7000000102EA0102B2FA82F2C2F11F0200EB65
:104C8000D2007047144600B51A460A4B0D461B6801
:104C900085B0DE6803464CB10749019130460749AB
:104CA0000294009500F022F8FFF724FC04490C461A
:104CB000F3E700BF000C0020E4590108F459010893
:104CC000F059010808B513460022FFF7DBFF00BFCB
:104CD0000CB400B583B004AB53F8042B019300F07F
:104CE00057F803B05DF804EB02B070470EB400B59E
:104CF000074A82B003AB0146106853F8042B0193B6
:104D000000F046F802B05DF804EB03B0704700BF56
:104D1000000C0020704700BF704700BF9368013B44
:104D2000002B936005DAD2F818C0634507DB0A2927
:104D300005D01368581C106008461970704700F0C1
:104D400069BB00BF9BB1F8B5134406460F46541E1D
:104D50005D1E01E0AC4208D03A46304614F8011F0F
:104D6000FFF7DCFF431CF5D1F8BD0020F8BD0020A3
:104D7000704700BF936810B5144613B918465360C6
:104D800010BD00F031FE0023C4E9013310BD00BFA7
:104D90002DE9F04F0E4692461C4607469FB018B1CB
:104DA0008369002B00F0A880954B9E4200F0AA80FA
:104DB000944B9E4200F0B580934B9E4208BFFE6824
:104DC000B389180740F1A3803369002B00F09F805E
:104DD000002320220B9330239AF80010059401251C
:104DE0008A4C8DF831208DF8323000297DD0D146A3
:104DF0000B4604E019F8013F002B00F09480252BAE
:104E0000F8D1B9EB0A0B40F0918099F80030002BF3
:104E10006BD000234FF0FF3209F10109CDE90723E0
:104E2000069309938DF85B301C9304E0001B05FA90
:104E300000F018430690CA460522204619F8011BC7
:104E400001F01CF8069B0028F0D1D90644BF2022AF
:104E50008DF85B201A0748BF2B229AF8001048BF34
:104E60008DF85B202A2972D1059A11680432002935
:104E70000592C0F2A08009919AF801100AF1010A86
:104E80002E2976D0DFF888910322484600F0F6FFFD
:104E900048B14022069BA0EB090002FA00F0034350
:104EA0000AF1010A06931AF8011B062259488DF8E7
:104EB000301000F0E3FF002800F08380564B002BF9
:104EC0006CD005A9009132463846544B06A9AFF381
:104ED00000800390039B013307D00B9B039A9AF841
:104EE000001013440B93002981D1B3895B0615D4BC
:104EF0000B981FB0BDE8F08F00F056FD404B9E426E
:104F00007FF456AF7E68B38918073FF55DAF314631
:104F1000384600F0E1FA00283FF45AAF4FF0FF3076
:104F2000E7E7BE684CE7B9EB0A0BDED0D046CAF122
:104F3000010A03E0934538D918F8011F3246384674
:104F4000FFF7ECFE01300AEB0802F3D1CDE7A1F147
:104F50003002092A94D8099B1AF8011F03EB830336
:104F600002EB4303A1F13002092AF5D92E29099356
:104F700088D19AF801102A292DD1059B0AF1020047
:104F80001A680433002A0593B8BF4FF0FF339AF82C
:104F9000021007928246B8BF079373E7059B073359
:104FA00023F007030833059397E70B9A99F800302D
:104FB0005A440B922BE7494243F0020309910693AE
:104FC0005AE705A9009132463846144B06A900F06D
:104FD000CBF803907EE70023A1F13002092A0AF101
:104FE000010A07933FF64EAF1AF8011F03EB830344
:104FF00002EB4303A1F13002092AF5D9079341E7F7
:105000005C4601083C4601081C460108245A010878
:105010002C5A0108305A010800000000454D0008D4
:105020008C4600B586461346034A714610685DF803
:1050300004EB6246FFF7ACBE000C00202DE9F04700
:1050400091461E460A698B680C469A42B8BF1A46BA
:10505000C9F8002091F843300546DDF8208013B1EF
:105060000132C9F80020226891065DD5D9F80030D8
:105070000233C9F80030226812F0060F11461ED123
:10508000E168CB1A002BD8BF114618DD002704F1C8
:10509000190A06E0D9F80030E268A2EB030CBC451F
:1050A0000CDD0123524631462846C047013007F146
:1050B0000107EFD14FF0FF30BDE8F087216894F889
:1050C0004330003B18BF01238A060AD53021E2187D
:1050D00082F8431094F845105A1C2244023382F897
:1050E00043103146284604F14302C0470130E1D065
:1050F000236803F00603042B1DD0A36822699342A2
:1051000025DD00279B1A1F4404F11A09002401E041
:10511000BC421CDA01234A4631462846C0470130CA
:1051200004F10104F4D1C5E712F0060F12D0003BE0
:1051300018BF0123D5E7D9F80030E1682269C91A00
:10514000A36821EAE1779342DCDC0029DCDC002063
:10515000BDE8F087E168D9F80030CB1A002BD8BF42
:10516000114693DCABE700BF2DE9F04317460A7EFA
:1051700085B00C46064698460C9D01F1430C002A6A
:1051800033D0A2F15803D9B2202967D8202B65D893
:10519000DFE813F0DD006400640064006400640074
:1051A00064006400640064006400A3006E00640096
:1051B0006400640064006E006400640064006400C5
:1051C00021007F00BF0064006400AE0064007F0027
:1051D00064006400E40023681A0640F102812B6831
:1051E0006269191D29601B681A600023E14623616A
:1051F0003B4621463046CDF8008003AAFFF71EFF4C
:10520000013020D04A46394630462369C047013034
:1052100019D02368E0689B07039919D5431A002B1E
:1052200016DD002504F1190904E0E0680399431A2A
:10523000AB420DDD01234A4639463046C0470130B6
:1052400005F10105F1D14FF0FF3005B0BDE8F08365
:105250008842B8BF084605B0BDE8F083012384F852
:10526000422004F142092361002384F84330BFE760
:105270002368190602D45A0600F1BF8029680A681B
:10528000043129601146002A6ADB0A25DFF87CE137
:1052900010E02368180640F19A802B68191D2960D8
:1052A00019686F2A0CBF08250A25DFF860E1002382
:1052B00084F843306268002AA2607DDB236823F013
:1052C00004032360002959D1002A77D1E146082D33
:1052D00063D0ACEB090323618AE701222B6804F158
:1052E0004209196804332B6084F842102261BBE73D
:1052F0002B6800211A1D2A60D3F800906268484686
:1053000000F0BCFD00287FD0A0EB090060602061A8
:10531000AAE7236843F0200323607822DFF8F0E057
:1053200084F845202A68111D2960190642D45D06BB
:1053300040D51188D80744BF43F0200323600029DB
:1053400043D12368102523F020032360AFE75823BF
:10535000DFF8B8E084F845302368E3E72368DCE74A
:105360002D2284F8432062684942002AA26002DBB1
:1053700023F0040323600A25DFF890E0E146B1FB47
:10538000F5F30A4605FB131019461EF80030AA4231
:1053900009F8013DF3D2082D9BD12368D90798D590
:1053A000626823699A4294DC302309F1FF3989F855
:1053B00000308EE71168BDE70029DFD19EF800308C
:1053C00004F1420984F8423081E710256FE713F0B9
:1053D000400F2B6803F1040129600CBF196819887C
:1053E0005FE713F0400F2B68626903F10401296045
:1053F0001B6814BF1A801A60F7E62A68B2F9001019
:1054000004322A600A463EE7606880E7385A01089D
:105410004C5A0108F8B506460D46144608B1836992
:1054200043B3254B9C422AD0244B9C4229D0244B89
:105430009C4208BFF468A269A389A2601A0722D51A
:10544000236903B322686169D31AEDB299422F46EA
:1054500029DD0133A1680139A160511C216015705B
:1054600062699A4216D0A389DB0701D50A2D11D0B3
:105470003846F8BD00F098FA0F4B9C42D4D17468BE
:10548000D9E7B468D7E72146304600F025F838B9A7
:105490002369D7E72146304600F024F90028E7D0F9
:1054A0004FF0FF37E4E72146304600F01BF90028B3
:1054B000F6D101232268CDE75C4601083C4601088D
:1054C0001C46010803460A46024908681946FFF7C8
:1054D000A1BF00BF000C00203C4B70B51D68064604
:1054E0000C460DB1AB69E3B1394B9C421FD0394B2F
:1054F0009C424DD0384B9C4208BFEC68B4F90C304C
:1055000018079AB219D5216911B312F001002FD0F2
:1055100000256069A5604042A06100292ED00020CE
:1055200070BD284600F040FA294B9C42DFD16C68E0
:10553000B4F90C3018079AB2E5D4D1063ED552071B
:1055400028D4216943F00803A3819AB20029DCD151
:1055500002F42070B0F5007FD7D02146304600F02D
:10556000FFFBB4F90C3021699AB212F00100CFD1DF
:10557000950758BF6069A0600029D0D1120658BFB6
:105580000846CDD543F040034FF0FF30A38170BDF6
:10559000AC68B3E7616B51B104F14402914204D0AD
:1055A0003046FFF7BBF8B4F90C30002262630022EA
:1055B000216923F02403C4E90012C3E7092243F060
:1055C000400332604FF0FF30A38170BD000C00201B
:1055D0005C4601083C4601081C460108F8B58B8969
:1055E0000C46190707463BD46268002A55DDE66A77
:1055F000002E50D000223D683A6013F4805250D102
:1056000001233846216AB047421C5CD0A389E66A70
:105610005B0705D56368C01A636B0BB1236CC01AB6
:105620000246216A00233846B047411C3BD13B6803
:10563000002B38D01D2B01D0162B4BD10023226913
:10564000C4E90023616B3D6029B304F1440399422E
:1056500002D03846FFF762F8002318466363F8BDAE
:105660002669C6B19A0718BF0023256808BF636979
:105670002660AD1BA3600CE02B463246D4F828C050
:105680003846216AE047B0F1000CA5EB0C056644F2
:1056900012DD002DF0DC0020F8BD226C002AA6DC13
:1056A000F9E7606DB4E70022236962602360A38993
:1056B000DB04C7D56065C5E7A3894FF0FF3043F031
:1056C0004003A381F8BD3B68002B9FD01D2B06D063
:1056D000162B04D0A38943F04003A381F8BD00201A
:1056E0003D60F8BD38B50B69BBB10C46054608B145
:1056F0008369B3B10D4B9C4211D00D4B9C4213D02A
:105700000C4B9C4208BFEC68B4F90C302BB121461D
:105710002846BDE83840FFF761BF002038BD6C68FF
:10572000F2E700F041F9E5E7AC68EDE75C46010817
:105730003C4601081C46010838B540B303690446DD
:10574000E3B1174B1D680DB1AB69CBB1154B9C4252
:105750000FD0154B9C4221D0144B9C4208BFEC68E3
:10576000B4F90C3053B121462846BDE83840FFF764
:1057700035BF6C68B4F90C30002BF4D1002038BD73
:10578000284600F011F9074B9C42E2D1F1E7084BA3
:1057900008491868BDE8384000F0BEBAAC68DFE7D9
:1057A000000C00205C4601083C4601081C4601082C
:1057B00018460108E556000800207047014900F02E
:1057C000ABBA00BFE556000800207047682270B5EC
:1057D0004D1E02FB05F50E4605F17401FFF704F8B6
:1057E000044640B100210C30C4E9016005F16802B3
:1057F0002160FEF741FF204670BD00BF274B2DE919
:10580000F0411E680746B36953B34FF004084836A9
:10581000D6E90134013B04D51EE05A1C04F16804AA
:105820001AD0B4F90C50013B002DF6D11C4B0822C4
:105830002946C4E90055C4E90253C4E90455656624
:10584000A56104F15C00FEF717FFC4E90D55C4E93A
:1058500012552046BDE8F08135682DB12E46D7E7B8
:10586000304600F01FF8D0E74FF4D6713846FEF707
:10587000BBFF044668B1056029460546C0F80480B0
:105880000C304FF4D072A060FEF7F6FE34602E4666
:10589000BEE70C2330603B60DBE700BF1846010821
:1058A0000100FFFF0023334A2DE9F0471268C0E9E9
:1058B00012339042036508BF01232F4908BF83615B
:1058C00081620546FFF79AFF034628466B60FFF7A3
:1058D00095FFA86028460024FFF790FF04236E6818
:1058E000DFF898A0DFF89890DFF89880264FE860FE
:1058F0000822F3602146C6E90044C6E90444746600
:10590000B460B46106F15C00FEF7B6FE1F4BC6E959
:10591000086AC6E90A983763AE680822F360214630
:10592000C6E90044C6E904447466B460B46106F193
:105930005C00FEF7A1FE164BC6E9086AC6E90A98A4
:105940003763EE682146F3600822C6E90044C6E9E1
:1059500004447466B460B46106F15C00FEF78CFE2A
:105960000123C6E9086AC6E90B87C6F82890AB612F
:10597000BDE8F08718460108BD57000855600008CB
:105980007D600008BD600008DD60000809000100BE
:1059900012000200024B0349186800F0BDB900BFB5
:1059A00018460108E5560008836903B97AE770478D
:1059B000704700BF704700BF704700BF704700BF0F
:1059C000024B0349186800F087B900BF000C0020A3
:1059D000B9570008024B0349186800F07DB900BFB1
:1059E000000C0020C95700089368002B00F0B78016
:1059F0002DE9F04FB1F90C300C46190780461746D7
:105A000083B098B225D523691BB310F002033D681B
:105A10002DD04FF0000B5E46DFF8B8A2002E00F04C
:105A20008B80564533465A4628BF53464046216A26
:105A3000D4F828C0E047002840F38780BB6883443F
:105A40001B1A361ABB60002BE8D1002003B0BDE85A
:105A5000F08F21464046FFF73FFD002840F0368199
:105A6000B4F90C303D6898B210F00203D1D110F0B7
:105A7000010976D14E46002E5AD08205D4F808B0DE
:105A800040F1B580B3455A4600F2CD8010F4906FD6
:105A900000F0CB8023682169A3EB010B636903EB62
:105AA000430A0AEBDA7A0BF101034FEA6A0A33443C
:105AB0005345524684BF9A465246430540F1EA8018
:105AC00011464046FEF790FE002800F0F9805A4645
:105AD00021690190FEF75AFDA289019B22F4906290
:105AE00042F08002A28103EB0B0023613246AAEB55
:105AF0000B03B346C4F814A0A3602060B24600268E
:105B00004946019200F002FAA3682168019AA3EBCA
:105B10000B030A44A3602260B868D144A0EB0A00DA
:105B2000B860002891D0B4F90C0080B2002EA4D146
:105B3000D5E9009608359EE7D5E900B608356DE74A
:105B400021464046FFF7CEFD80B3B4F90C304FF04C
:105B5000FF3043F04003A38103B0BDE8F08F002085
:105B600070471E46AA46994618461D4656B3002859
:105B700032D04A4620682169B24228BF3246884264
:105B8000636904D9A16803EB010B5A4574DC9342A5
:105B900065DC2A464046216AD4F828C0E047B0F1C7
:105BA000000BD2DDB9EB0B09CAD00120BB685D4404
:105BB000A3EB0B03A6EB0B06BB60002B3FF445AF3A
:105BC000002ED4D10AF1080353F8046C9A4653F816
:105BD000085C0833002EF7D032460A21284600F030
:105BE0004DF9002869D00130A0EB0509C1E7206814
:105BF000236998421BD86369B34218D86FF0004CF0
:105C0000B44528BFB4469CFBF3FC4A4603FB0CF3A7
:105C10004046216AD4F828C0E047B0F1000A94DD7C
:105C2000A6EB0A0678E7B3463246206866E7B34536
:105C3000DA4628BFB2464946524600F067F9A368E3
:105C40002268A3EB0A035244A3602260002BE7D131
:105C500021464046FFF746FD0028E1D075E729467A
:105C60009346019200F052F9A368019A9B1AA3602F
:105C700023681A44226095E729465A4600F046F9FF
:105C8000236821465B4440462360FFF72BFD002834
:105C900088D05AE7404600F0B5F9034600287FF463
:105CA00022AF40462169FEF739FD0C22B4F90C30D1
:105CB000C8F8002023F0800349E7721C914659E799
:105CC0000C22B4F90C30C8F8002040E74FF0FF3048
:105CD000BCE600BF00FCFF7F2DE9F04100268846AE
:105CE00000F14807D7E90154013D0ED4A389013DD5
:105CF000012B06D9B4F90E30013302D02046C0473B
:105D000006436B1C04F16804F0D13F68002FE9D111
:105D10003046BDE8F08100BF2DE9F8434FF000099F
:105D20000746884600F14806D6E90154013D10D4E3
:105D3000A389013D012B08D9B4F90E30013304D0F9
:105D400021463846C04749EA00096B1C04F1680443
:105D5000EED13668002EE7D14846BDE8F88300BF93
:105D6000F0B58B890C46990797B007D5012204F14D
:105D70004703C4E90432236017B0F0BDB4F90E1034
:105D8000054600292DDB6A460CF087FC002827DB3E
:105D9000019E4FF4806706F47046A6F50056B6FAE9
:105DA00086F6394628467609FEF71EFD30B3A389EC
:105DB0001A4A43F08003AA62C4E90407A381206061
:105DC000002ED9D02846B4F90E100CF072FC002831
:105DD000D2D0A38923F0030343F00103A381CBE7CF
:105DE000A38913F0800F14BF40274FF48067284623
:105DF00039460026FEF7F8FC0028D8D1B4F90C305B
:105E00009A05B9D4012123F0030304F1470243F0BA
:105E10000203C4E90421A3812260ADE7BD57000855
:105E200070B50C46B1F90E10164600291D4696B005
:105E300013DB6A460CF031FC00280EDB01994FF4AD
:105E4000806301F47041A1F50051B1FA81F10020A5
:105E500049092960336016B070BD0022B4F90C30D6
:105E60002A601B0604D540230020336016B070BDA5
:105E70004FF480630020336016B070BD5FFA81FC80
:105E8000810710D00346511E2AB90AE09A07184626
:105E90000AD0013905D3184613F8012B6245F5D114
:105EA000704700207047114603290CD80029F8D00C
:105EB0000346014401E08B42F3D0184613F8012B4E
:105EC0006245F8D1ECE7024610B54CEA0C2444EAEE
:105ED00004441046036804326340A3F1013E2EEAF5
:105EE000030313F0803F04D1043903291046F0D88E
:105EF00051B10346014401E08B4205D0184613F826
:105F0000012B6245F8D110BD002010BD88420DD98B
:105F10008B1883420AD900EB020CBAB1624613F81F
:105F200001CD994202F801CDF9D170470F2A0ED860
:105F3000034602F1FF3C4AB10CF1010C013B8C44D9
:105F400011F8012B614503F8012FF9D1704740EAA0
:105F500001039B074FD1A2F1100370B501F1200C92
:105F600023F00F0501F1100E00F11004AC441B09E1
:105F70005EF8105C0EF1100E44F8105C5EF81C5CCC
:105F8000103444F81C5C5EF8185C44F8185C5EF849
:105F9000145CE64544F8145CEAD1013312F00C0FAE
:105FA00001EB031102F00F0400EB031327D08E4620
:105FB000043C24F003064FEA940C1E441C1F5EF8B8
:105FC000045B44F8045FB442F9D10CF1010402F01F
:105FD000030203EB840301EB840102F1FF3C4AB1AD
:105FE0000CF1010C013B8C4411F8012B614503F8C5
:105FF000012FF9D170BD034602F1FF3C9CE7224618
:10600000EBE700BFF8B51446F9B1CAB106460D4634
:1060100000F068F8A04202D32F463846F8BD21466A
:106020003046FEF7E1FB07460028F6D02246294617
:10603000FEF7ACFA30462946FEF770FB3846F8BD4D
:106040002746FEF76BFB3846F8BD1146BDE8F84021
:10605000FEF7CABB10B50C46B1F90E100CF005FBEB
:10606000002803DB636D0344636510BDA38923F43B
:106070008053A38110BD00BF002070472DE9F0417F
:106080000C46B1F90C101F46CB05054616460BD43D
:1060900021F48051A1813B4632462846B4F90E10C6
:1060A000BDE8F0410CF0E8BAB4F90E10022300226A
:1060B0000CF0E0FAB4F90C10EAE700BF10B50C469A
:1060C000B1F90E100CF0D6FAA389421C0EBF23F4CE
:1060D000805343F480536065A38110BDB1F90E1065
:1060E0000CF0CCBA51F8040C0028A0F10400BCBF9D
:1060F0000B58C018704700BF0F4A0023114610B557
:10610000147C844211D11C225343CA18906858B1A0
:10611000CB58FF281FBF58434000013050604FF05C
:10612000010004BF0133536010BD01330F2B02F196
:106130001C02E5D10020F7E7B40E0020F0B50A4EAE
:1061400000253446377C874207D11C2000FB0540E0
:106150004176027683760120F0BD01350F2D06F1E0
:106160001C06EFD10020F7E7B40E0020094A30B535
:1061700000231446157C854205D11C22012002FB18
:106180000343996030BD01330F2B02F11C02F1D1A2
:106190000020F7E7B40E0020094A30B5002314466A
:1061A000157C854205D11C22012002FB0343596066
:1061B00030BD01330F2B02F11C02F1D10020F7E7B3
:1061C000B40E002070B50B4C00232546267C864279
:1061D00009D11C204343E818E95000238260C360C2
:1061E0004374012070BD01330F2B04F11C04EDD169
:1061F0000020F7E7B40E002070B500252E462B4C8A
:106200006368002B4FD0E06808BB637CB3FA83F36C
:106210005B0963740AF09EFAD4E900239342E060BC
:106220002BD266606674E66063690BB1207C984788
:10623000207CFF2824D100221146104608F052F895
:106240000735692D04F11C04DAD1012070BD0AF074
:10625000C5FA23689842D8D26368002BE4D0204660
:1062600002F064FF0028EBD0637C207CB3B1FF28F0
:106270000CD1A27E217E607EE0E79B1A6360EBE793
:106280005228DDD800231A46194604E05228D7D8F0
:10629000A37E227E617E07F0ABF9D1E7FF28CAD04A
:1062A0005228CDD8EFE76374E360C9E7B40E00204D
:1062B00007B543788DF8003083788DF80130C378C6
:1062C0008DF8023043798DF80330037968468DF8F4
:1062D00004300DF0DBFF03B05DF804FB08B5074B9D
:1062E0005A78032A07D858680AF078FAC72894BF62
:1062F0000020012008BD0020FCE700BFA40C002006
:106300007047002280214FF0804008B50CF055FB0B
:10631000FFF7F6FF00BF00BF00BF00BF00BF00BF18
:1063200000BF00BF00BF00BF00BF00BF00BF00BF75
:1063300000BF00BF00BF00BF08BD08B501F088FB6B
:1063400008BD000008B5054C20780DF097FA2078BC
:10635000FFF7F3FF05200BF082F9F5E7E83C00209A
:1063600010B5084C236803F07142074B13432360B8
:106370000AF0F0F9054B18602068BDE8104004F001
:1063800006BF00BFE83C00200001010EF81100200C
:1063900010B5064C0122204602210CF00EFB022310
:1063A000A361BDE8104001F0F7BB00BF000400404E
:1063B00001207047144B10B51C78BCB9134B1B78E7
:1063C000042B13D104F0D0FD04F0E4FD04F096FD9D
:1063D00004F010FE05F022FF05F03CFF20460AF015
:1063E0004FF82046BDE810400AF066B80DF052FFA5
:1063F00048B10DF039FA0028FBD1BDE810404CF24D
:1064000050300BF02CB910BDE83C00209C4000201F
:1064100038B500230C46084D0B7030B10AF09AF9DC
:10642000002328602370002038BD28680AF0D6F9C0
:106430003228F3D8F7E700BF08120020084B9A78FB
:10644000012A07D0022A09D0064B1868B0FA80F05A
:106450004009704758780128F6D170470120FCE7C1
:10646000A40C00207013002008B5054B9B78013B5D
:10647000012B02D9FFF7E2FF08BD0120FCE700BFB6
:10648000A40C002008B50AF065F9014B986008BD1E
:10649000A40C002010B50B4C2378207063700AF018
:1064A00059F96060FFF7EEFF00F0A0FE0022064BF6
:1064B0001A70237823B9BDE8104053200DF066BE52
:1064C00010BD00BFA40C002004120020F8B50C463B
:1064D0001546074660B300293FD0884201D0FFF738
:1064E00069FF584E3378013B012B04D80320FFF796
:1064F000D1FF0023B370544E3378A34200D11DB1B5
:106500000022524B9A619A83347024B1631E042B8B
:10651000747098BFB470306804F039FE3378062B7D
:1065200000F28980DFE803F0852A46505A646E0045
:106530000029D6D00222464B464E9A613378012B71
:10654000CDD030460CF018FA30460BF0E3FD42484F
:10655000424B836009F060FFC1E74FF400323C4BCF
:106560003C489A610378042BB9D03D4B3A4E1970E0
:106570003C4BB3600AF08CFB3046EBE7312075B141
:106580000DF004FE52200DF001FE01200DF00AFE78
:106590004EF2475143F22D400DF05AFE51200DF0BE
:1065A000F5FDFFF76FFF2A462146384601F0EAFE67
:1065B0000120F8BD3220002DF1D00DF0E7FD522072
:1065C0000DF0E4FD0220E1E73320002DE7D00DF0CF
:1065D000DDFD52200DF0DAFD0320D7E73420002D39
:1065E000DDD00DF0D3FD52200DF0D0FD0420CDE71D
:1065F0003520002DD3D00DF0C9FD52200DF0C6FD81
:106600000520C3E73020002DC9D00DF0BFFD0421C7
:1066100015480DF0EDFD0C2114480DF001FE4EF271
:10662000475143F22D400DF013FE52200DF0AEFD08
:10663000B4E71120B3E711200DF0A8FDFFF790FE9D
:10664000AFE700BFA40C0020E83C0020640C002051
:10665000000400409C400020C4110020B1620008EA
:10666000302D0020550D01087C46010882460108A6
:10667000002313B50DF107018DF80730FFF7C8FEB1
:106680000446C0B19DF80730013B032B13D8DFE867
:1066900003F00209151D002211460E4B1878FFF772
:1066A00015FF08E00B4B002299781878FFF70EFFD2
:1066B0009E200DF06BFD204602B010BD054B002260
:1066C00006211878FFF702FFFF20F2E7014B0022B6
:1066D0005978E3E7E83C002013B5124C20460DF052
:1066E00055F80123A37704F04FFD0F4C206008B943
:1066F000FFF736FEE37843F00103E3700AF02AF86F
:106700000A4BFF22186000234FF4A8710093084839
:10671000084B0AF071FFFFF7F4FD0120FFF7A8FF17
:1067200002B010BD640C0020E83C0020F8110020ED
:10673000101200204563000848B1074A1378013B56
:10674000012B07D893782BB90320FFF7A3BE0122B2
:10675000024B1A70704700BFA40C002004120020E6
:10676000014B1878704700BFA40C0020014B9870B3
:10677000704700BFA40C0020014B9878704700BF01
:10678000A40C0020014BD870704700BFA40C00205F
:106790000122014B1A70704704120020F8B51C4CFE
:1067A0001C4EE378B268C3F342031AB9FFF76AFEDE
:1067B0000020F8BD184A52F8235023782BB9174B04
:1067C0001B78042B01D1FFF75DFE154F3B7893B189
:1067D00000233B704FF080431B69E278DB0963F3D1
:1067E00000022378E27073B102F020F80028DFD1B4
:1067F00001F060F9DDE7002DDAD0B06809F0EEFFB6
:10680000A842E5D2D4E7054B1B78042BECD1CDE7A9
:10681000E83C0020A40C0020384701089C400020E0
:106820000412002010B50B4B5A78012A03D0022A1B
:1068300008D0002005E09C78012C03D101F09EF9DE
:10684000204610BD586809F0C9FFC728F1D9FFF7E5
:10685000F5FDF6E7A40C002010B5074BD87810F032
:10686000FD0404D10220FFF715FE204610BD0320D1
:10687000FFF710FE0120F9E7A40C002038B50A4DFF
:106880000024EB78033B012B08D80320FFF702FE1E
:106890002046AC7001F01EF9012038BD0220FFF740
:1068A000F9FD2046F9E700BFA40C002038B50A4DD9
:1068B0000024EB78033B012B08D80320FFF7EAFD07
:1068C0002046AC7001F026F9012038BD0220FFF708
:1068D000E1FD2046F9E700BFA40C002070B59C4CF8
:1068E0009C4D2068F0B109F079FFB0F5FA6F19D32B
:1068F0000026552026600DF049FC57200DF046FC7F
:1069000070200DF043FC944B1A78002A42D00122EB
:1069100006213046FFF7DAFD2B78062B3FD1FF200A
:106920000DF034FC2B7823B18C4B93F820208C4B4A
:106930001A702368DBB98B4E306809F04FFF40F6C0
:10694000B733984213D92B788BB10CF08DFF70B907
:10695000824CA37F5BB109F0FDFE306053200DF047
:1069600015FC94F8213013B970200DF00FFC4FF096
:1069700080431B69EA78DB097B4C63F3000200204B
:10698000EA70FFF775FE2378032B27D8DFE803F0C2
:106990000B3158AF2978B1FA81F04009BAE7002BE2
:1069A000C7D09E20BCE7E36833B1984720B10120EF
:1069B000FFF770FD0023A370236933B1984720B11E
:1069C0000120FFF767FD0223A370636933B1984785
:1069D00020B10120FFF75EFD0123A3700DF0D0FA76
:1069E000624B1B78002B00F0D680BDE8704003F0AE
:1069F000F1BAA369002BF1D098470028EED002F03D
:106A00003BFA5B4B187008F02DFA2A78594B1A7034
:106A10000022524B9A772A68574B134063B9574C60
:106A20002378012B08D00222554B20469A610BF0A7
:106A3000A3FF20460BF06EFB0220FFF72BFDCDE7F6
:106A4000E369002BCAD098470028C7D000224D4BDD
:106A50001A704FF080434FF080729A612A68464B5B
:106A60001340B3F1807F10D0A37853B3013B012BC7
:106A70000BD86378022B08D0FFF79CFC11200DF097
:106A800085FB0CF0F1FE0028FBD100F0FDFF002398
:106A9000E370384B2A781B789A4208D12A68364B23
:106AA0001340B3F1807F02D0A07800F091FCA3786E
:106AB000012B19D0022B14D0002B8FD1FFF7CCFE65
:106AC0008CE7264B5B7E002BDFD111200DF05EFBA7
:106AD0000CF0CAFE0028FBD147F230500AF0BFFD8F
:106AE000D3E7FFF7CBFE79E7FFF7E0FE76E7236A0F
:106AF000002B3FF473AF984700283FF46FAF01229B
:106B0000164B9A771A4B1B7833B14FF080434FF4F2
:106B100080729A6108F094F90120FFF7A9FD30B95D
:106B20002A788AB3697802460846FFF7CFFC00242A
:106B3000144B1C7000F09CFFFFF7A4FC00F056FB08
:106B40002046FFF7A7FC53200DF020FB46E700BFCF
:106B5000F8110020E83C002060140020640C0020A4
:106B6000302D002000120020A40C0020FD11002078
:106B7000F4110020FC110020FF0000019C400020C7
:106B80000004004004120020034B1B78012BCED1DF
:106B900011466878C9E770BD9C400020012070470D
:106BA00008B5FFF7FBFF08BD37B504460D46FFF7F4
:106BB00069FC29462046FFF7F3FF60B1074B1A78BE
:106BC0004AB1074B20461B78D9090091C3F3001343
:106BD000A9780DF0F9F903B030BD00BFE83C002002
:106BE000043D002000B50B4B8FB0322193F82130CB
:106BF000094A01A805F0C9F901A808F011FF0CF035
:106C00002FFE08F00DFF054808F00AFF0FB05DF8F1
:106C100004FB00BF640C002090460108A146010857
:106C20002B4B13B51A7804464AB12A4B01211B7825
:106C3000DB09009300230DF0C7F902B010BD002856
:106C4000FBD0031FDBB2A02B12D8234B01461868E0
:106C500009F06CFC20B1204604F048F904F0CAF9B0
:106C6000204604F03BF902B0BDE8104004F0C2B980
:106C700000F12003DBB2072B07D800F00704012046
:106C8000A040C0B204F060F9EDE700F15B03DBB2B5
:106C9000022B06D8243880B202B0BDE8104009F0BB
:106CA000EFBB00F15803DBB21A2B07D80B4A32F8BE
:106CB000130002B0BDE8104009F0FEBB3334E4B26B
:106CC000122CBAD8012102B0BDE8104003F080BAFE
:106CD000E83C0020043D0020681000200047010827
:106CE000244B13B51A7804464AB1234B1B78DB09B1
:106CF0000093002319460DF067F902B010BD00287B
:106D0000FBD0031FDBB2A02B06D804F0EFF802B0D3
:106D1000BDE8104004F06EB900F12003DBB2072B90
:106D200007D800F007040120A040C0B204F014F915
:106D3000EDE700F15B03DBB2022B05D8104602B091
:106D4000BDE8104009F09CBB00F15803DBB21A2BE0
:106D500005D8104602B0BDE8104009F0ADBB333491
:106D6000E4B2122CC9D8114602B0BDE8104003F0BD
:106D70002FBA00BFE83C0020043D00202DE9F3417C
:106D80000446C0B1114E3378C3B10127DFF840800B
:106D9000204603F096F9054698F80030E030DB090C
:106DA000009301210023327880B207FA05F50DF037
:106DB0000BF9AC43ECD102B0BDE8F08104F0C4F8AB
:106DC00002B0BDE8F04104F015B900BFE83C002076
:106DD000043D00202DE9F3410446C0B1114E337843
:106DE000C3B10127DFF84080204603F06AF998F824
:106DF00000300546DB0900930023E0301946327865
:106E000080B207FA05F50DF0DFF8AC43ECD102B023
:106E1000BDE8F08104F0A0F802B0BDE8F04104F054
:106E2000E9B800BFE83C0020043D00202DE9F34113
:106E30000446C0B1114E3378C3B10127DFF840805A
:106E4000204603F03EF9054698F80030E030DB09B3
:106E5000009301210023327880B207FA05F50DF086
:106E6000B3F8AC43ECD102B0BDE8F08104F082F895
:106E700002B0BDE8F04104F0BDB800BFE83C00201E
:106E8000043D00202DE9F3410446C0B1114E337892
:106E9000C3B10127DFF84080204603F012F998F8CB
:106EA00000300546DB0900930023E03019463278B4
:106EB00080B207FA05F50DF087F8AC43ECD102B0CB
:106EC000BDE8F08104F05EF802B0BDE8F04104F0E6
:106ED00091B800BFE83C0020043D00202DE9F041BE
:106EE00004460D4601F044FB00285AD12378013BAB
:106EF000202B64D8DFE813F0210026005E00780024
:106F00007E008A008D008D008D009200EC009800BC
:106F10009C00A200AD00B800BB00BE00C900D400B8
:106F2000DD006300630063006300630063006300CF
:106F30006300630063006300F100002363700C23AF
:106F4000A37025E06378013B032B38D8DFE803F01A
:106F5000020C0F2C09F0FEFB030EA370030CE37070
:106F6000030A2371607113E008F01DFAF4E7264666
:106F7000A77804F11C08062F0AD8F8B204F076FCB2
:106F8000030AF37030710236B04507F10107F2D100
:106F90005C4B29461B782046002B40F0AF8009F05F
:106FA000EFFE0120BDE8F0810023A370E3702371A0
:106FB0006371EDE76378022B04D0052B10D0FF231B
:106FC0002370E5E7E378A07840EA0320237940EADC
:106FD0000340637940EA036000BA08F0EBF9D7E7B1
:106FE000A07808F011FAD3E7E278A178607808F089
:106FF00047FEB5E762792379A17843EA02235BBAB9
:10700000E27860789BB208F051FEC1E708F0A5FE77
:10701000BEE72946204608F072FAB9E7002008F0DA
:10702000A5F908F0D2F9B3E708F02CFF6070AFE7DC
:1070300008F02AFF030A6370A070A9E76078A378BC
:10704000E17840EA032040BA221D80B208F01FFF19
:107050009EE76078A378E17840EA032040BA221DD9
:1070600080B208F02EFF93E708F03EFF90E708F0AB
:10707000FBFDDBE76078A378E17840EA032040BAC3
:10708000221D80B208F0B8FE82E76078A378E1782C
:1070900040EA032040BA221D80B208F0C9FE77E71B
:1070A000E278A178003A18BF0122607808F013FE58
:1070B00056E762792379A17843EA0223E2785BBA42
:1070C000003A18BF012260789BB208F026FE5FE705
:1070D00001230D4A637013705AE762780B4B4AB173
:1070E000A1781A7819B142F080021A7050E761F362
:1070F000C712FAE71B78C3F3C01321E70DF022F99A
:107100004FE700BFE83C0020FD110020043D0020B7
:1071100010B54378044613B1FF23237011E0837840
:10712000013B032BF8D8DFE803F0021A284103786B
:10713000072B07D0082BEFD12B4BDB78C3F342038F
:10714000C37010BDC1780729FBD8BDE81040264B9D
:10715000DA7861F34302DA70186804F018B803783B
:10716000072B05D0082BD7D101F071FBE070E8E7C1
:10717000C078BDE8104001F039BC0378072B0AD075
:10718000082BC9D142790179C07801F062FBA07166
:10719000000AE071D5E7C2798379017943EA0223D5
:1071A000BDE810404279C07801F069BB0378072B35
:1071B0000DD0082BB0D12379C078617940EA032043
:1071C00040BAA21D80B2BDE8104001F06DBB23792A
:1071D000C078617940EA032040BAA21D80B2BDE8C0
:1071E000104001F07CBB00BFE83C002008B509F06E
:1071F000B1FA014B186008BD60130020164B10B5A2
:107200001C788CB9154B1B78052B08D0022B06D0A7
:1072100009F0A0FA124B1860124B1C7010BD4FF011
:1072200080431B691B0603D4BDE81040FFF7DEBF97
:107230000B4B18680028F7D009F0D0FA41F6573305
:107240009842EBD9FFF7D2FFBDE810400122054B71
:107250001A70FFF79DBA00BFE83C00209C40002058
:1072600060130020641300202DE9F0411B4C0646FA
:1072700025781DB101242046BDE8F081FFF770FAA2
:107280000138012805D80320FFF704F92846FFF745
:107290006DFA94F80080B8F1000FEBD1104D2B7807
:1072A000052BE7D1B5F84C309B0702D50D4F3C7844
:1072B00024B9FF2E94BF00240124DCE7FFF750FA25
:1072C0000328D7D887F80080FFF790FF28460AF0F8
:1072D000CDFF284601F0EAF9CDE700BFE83C0020E9
:1072E0009C40002064130020704700001A4B70B5CA
:1072F0009C6C0F2644F4C0649C649B6C012301F0D9
:1073000003048B4021F0030101F1804101F5A051FC
:107310008D68A400C0F38320A04006FA04F425EA97
:10732000040528438860D8430C4912F0010F8C688B
:1073300014BF1C4304408C6012F0020FCA6814BFD3
:107340001A430240CA60054A536111680B43136037
:1073500053680340536070BD000C014000180040AA
:107360000F281FD8DFE800F0080C0F1215181818A6
:1073700018181B1B1B1B1B1B062108460BF0AFB963
:1073800006210720FAE706210820F7E70621092051
:10739000F4E706210A20F1E706211020EEE7062196
:1073A0002120EBE770470120704708B5FFF7FBFF8E
:1073B00060B1012207214FF08040FFF797FF0720BF
:1073C000FFF7CEFFBDE80840FFF7D6B908BD0000C3
:1073D0002DE9F0473023054683F31188FFF7E5FFD9
:1073E0004FF000090127904EDFF8408256F8043B29
:1073F00095B1012D4ED143454CD123F00F0A03F036
:107400000F0307FA03F421460522504624040BF02B
:10741000D4FACAF8184001E0581CEED109F101096C
:10742000B9F10F0FE2D107240127814E56F8040B62
:10743000002D3BD0012D40F0E980B0F1804F40F0AD
:10744000E58000F00F01202207FA01F120F00F0083
:107450000BF0B3FA00BF00BF00BF00BF00BF00BF0A
:1074600000BF00BF00BF00BF00BF00BF00BF00BF24
:1074700000BF00BF00BF00BF56F8040C022200F09E
:107480000F08414620F00F00FFF730FF4046FFF79E
:1074900067FF0DE0591CC1D003F00F01202207FA4D
:1074A00001F123F00F000BF088FAB7E7421CC8D1B6
:1074B000013CBBD122464FF400615C480BF07DFAE1
:1074C00000BF00BF00BF00BF00BF00BF00BF00BFC4
:1074D00000BF00BF00BF00BF00BF00BF00BF00BFB4
:1074E00000BF00BF03220B215048FFF7FFFE0B2017
:1074F000FFF736FF84F3118872B64FF0E0220120C7
:10750000136923F0010313614A4B4B4A5A6100226D
:10751000A30003F1604303F56143D3F80011D5B232
:10752000012D94BF002101F0010109B1C3F88001D0
:107530000132202AF1D10134082CE8D13F4C636894
:1075400043F0007363603E4B1A6802F009021A6050
:107550001A6842F46C3242F004021A6040F2B3320C
:107560001A62384B43F001039847236943F0040340
:10757000236130BF344B43F0010398474FF0E022C2
:10758000236923F0040323611369304C43F00103A2
:107590001361E36943F08003E361A36C43F4007378
:1075A000A36409F01BFC02F085FB40F282324FF429
:1075B00000611E480BF001FAE36C43F00803E3643A
:1075C000E36CA36C43F48053A364A36CE36C43F0BB
:1075D0001003E364E36CFFF787FE002383F3118855
:1075E00062B6D4F8903043F4C063C4F89030D4F855
:1075F000903023F4C063C4F89030D4F89030A36C7A
:1076000023F4C063A364A36CBDE8F087431C3FF47C
:107610004FAF00F00F01402207FA01F120F00F00F8
:107620000BF0CBF944E700BF5847010800080040C1
:10763000F047010800180040FFFF070000ED00E0E0
:1076400000000140C847010894470108000C0140B0
:1076500001207047012070470B2810B5044614D054
:1076600004D8A0B107280ED0012002E01228FBD1D7
:107670000420FFF787F82046FFF7EAFF10B1204605
:10768000FFF7E8FF10BD0320F3E70220F1E7052034
:10769000EFE701238B40034202D00846FFF7DCBF2F
:1076A0007047000008B50D4B5A69D20706D51A6815
:1076B000002022F001021A60FFF7CEFF4022084BA3
:1076C000C3F88020BFF34F8FBFF36F8F0122034BAE
:1076D0005A61BDE808400AF0B7B800BF0018004082
:1076E00000E100E008B50D4B586910F0020006D02B
:1076F0001A68012122F002021A60FFF7CAFF8022F5
:10770000074BC3F88020BFF34F8FBFF36F8F022268
:10771000024B5A61BDE808400AF096B800180040D4
:1077200000E100E008B50E4B586910F0040006D0E7
:107730001A68022122F004021A60FFF7AAFF4FF430
:107740008072084BC3F88020BFF34F8FBFF36F8F59
:107750000422034B5A61BDE808400AF075B800BF27
:107760000018004000E100E008B50E4B586910F029
:10777000080006D01A68032122F008021A60FFF7F9
:1077800088FF4FF40072084BC3F88020BFF34F8F7F
:10779000BFF36F8F0822034B5A61BDE808400AF01F
:1077A00053B800BF0018004000E100E008B50E4BE0
:1077B000586910F0100006D01A68042122F0100257
:1077C0001A60FFF766FF4FF48062084BC3F8802011
:1077D000BFF34F8FBFF36F8F1022034B5A61BDE889
:1077E00008400AF031B800BF0018004000E100E096
:1077F00038B5254B5C69A20604F4787507D51A687C
:10780000052122F0200228461A60FFF742FF600699
:1078100008D51D4A06211368284623F0400313604B
:10782000FFF737FF210608D5174A072113682846B6
:1078300023F080031360FFF72CFFE20508D5124AFE
:1078400008211368284623F480731360FFF721FF93
:10785000A30508D50C4A09211368284623F40073B0
:107860001360FFF716FF4FF48032084BC3F88020F7
:10787000BFF34F8FBFF36F8F4FF47872024B5A6193
:10788000BDE8384009F0E0BF0018004000E100E02A
:1078900038B52A4B5C69620504F47C4507D51A6843
:1078A0000A2122F4806228461A60FFF7F2FE2305BF
:1078B00008D5224A0B211368284623F4006313607D
:1078C000FFF7E7FEE00408D51C4A0C2113682846A0
:1078D00023F480531360FFF7DCFEA10408D5174A98
:1078E0000D211368284623F400531360FFF7D1FEDF
:1078F000620408D5114A0E211368284623F48043F8
:107900001360FFF7C6FE230408D50C4A0F21136845
:10791000284623F400431360FFF7BBFE0222084B06
:10792000C3F88420BFF34F8FBFF36F8F4FF47C42B7
:10793000024B5A61BDE8384009F086BF001800408C
:1079400000E100E008B50E4B586910F4802006D025
:107950001A68122122F480221A60FFF79AFE082288
:10796000084BC3F88420BFF34F8FBFF36F8F4FF4E2
:107970008022034B5A61BDE8084009F065BF00BF93
:107980000018004000E100E080B483B000AF034B7A
:107990007B6000BF0C37BD4680BC7047003F0008CD
:1079A0002022012101480BF008B800BF000400406C
:1079B00010B5074C23784BB901F0CEFA02F0ACFBBE
:1079C00008F030FD02F0B4FB01232370012010BD4C
:1079D0006713002010B5054C23782BB101F094FA01
:1079E000FFF7DEFF00232370012010BD6713002086
:1079F00038B5154C00252378032B22D8DFE803F097
:107A0000020B131B0A2311488370C57008F02EFD6A
:107A10000123237038BDF6230C48C370857008F02D
:107A200025FD0223F5E7F62308488370C57008F0AA
:107A30001DFD0323EDE70A2304488570C37008F099
:107A400015FD2570E6E700BF651300207C130020BC
:107A5000054B1B7833B1054B1B780BB9FFF7C8BF3B
:107A60000CF05EBB704700BF6A130020E83C0020AA
:107A700008B5044B1B780BB9FFF79AFF02F0B5F875
:107A800008BD00BF6713002008B5064B1B780BB17B
:107A9000FFF7A0FF0023044A1370044A136002F0AA
:107AA00099F808BD67130020741300207813002094
:107AB0000120704708B5FFF7FBFF08BD014B1878A0
:107AC000704700BF68130020014B1870704700BF5B
:107AD00068130020014B1870704700BF6813002026
:107AE000014B1878704700BF69130020084B10B590
:107AF0000446187058B9FEF733FE022807D8032051
:107B0000FEF7C8FC2046BDE81040FEF72FBE10BDB2
:107B100069130020FFF7EABF024B187880F00100DC
:107B2000FFF7E4BF69130020084B1A78084B1B7855
:107B30004BB982F00102A0F5A443203B1F2B8CBF60
:107B40001046012070470022F5E700BF69130020AE
:107B5000681300200120704700231946054A9372DC
:107B60001360054A0333212B917242F80C1BF9D1A3
:107B7000704700BF5C100020C80C002008B502F060
:107B80001DF9FFF7E9FF0022014B1A6008BD00BF95
:107B9000701300200120704708B5FFF709FFFEF7BA
:107BA0009BFD01F0DBF958B101224FF480714FF0D9
:107BB00080400AF002FF4FF080434FF480729A61D8
:107BC00008BD000000230D4A10B513700C4A4FF099
:107BD000804413700B4A136007F05CF901280AD047
:107BE00007F050F94FF08073A36101F0FDF9BDE893
:107BF000104003F06EBB4FF48073F5E7661300206E
:107C00006B1300206C13002008B503F027FB05F070
:107C1000BDFC03F0B2FA054B188001F03FF918B132
:107C2000BDE80840FFF7CEBF08BD00BF043D0020FF
:107C300037B504460D46FFF78DFF002800F0CE80D3
:107C4000002D00F0CB8047F613639C423AD8B4F580
:107C5000FC4F07D247F603439C4200F0BC80284605
:107C600003B030BDA4F5FC44132CF8D801A353F89D
:107C700024F000BFDB7C0008077D00082B7D000896
:107C80004F7D0008757D00089B7D00085F7C000823
:107C90005F7C00085F7C00085F7C00085F7C000858
:107CA0005F7C00085F7C00085F7C00085F7C000848
:107CB0005F7C00085F7C0008C17D0008C97D00086A
:107CC000D17D000847F643639C42C8D10122444B52
:107CD0001A700022434B1A60C1E7002301200DF106
:107CE00007018DF80730FEF793FB9DF80730042B52
:107CF00002D013F0FD0FB2D1012211463A4B187891
:107D0000FEF7E4FBABE7002301200DF107018DF83E
:107D10000730FEF77DFB9DF80730042B02D013F0EF
:107D2000FD0F9CD101220221E8E7002301200DF183
:107D300007018DF80730FEF76BFB9DF80730042B29
:107D400002D013F0FD0F8AD101220321D6E70023D0
:107D500001200DF107018DF80730FEF759FB9DF862
:107D60000730042B03D013F0FD0F7FF478AF01220E
:107D70000421C3E7002301200DF107018DF807302E
:107D8000FEF746FB9DF80730042B03D013F0FD0FE0
:107D90007FF465AF01220521B0E7002301200DF13A
:107DA00007018DF80730FEF733FB9DF80730DA1E28
:107DB000012A02D9002B7FF452AF012206219DE750
:107DC0000020FFF793FE4AE70122084B1A7046E7AE
:107DD000FFF7A2FE43E7FFF717FF40E705463EE740
:107DE0006B1300206C130020E83C00206913002076
:107DF00008B5074B1B780BB9FFF7DAFD4FF080434E
:107E00004FF480729A61BDE8084008F06DBC00BF75
:107E1000671300202DE977470D46B44A8978044658
:107E20001368A9B1032B00D80133B14E1360FEF7DC
:107E300029FB33899C4207D195F80280B8F1000FE5
:107E40000AD008F087FC3060AA4B002698462FE045
:107E5000002BEAD0013BE8E7B37A0BB93360F3E7D4
:107E600041462046FFF7E4FE86F80A80C6F8008007
:107E70000028E9D1002003B0BDE870870AFB06F6B0
:107E800008EB060A9AF80A3013B948F806301FE0E2
:107E900049462046FFF7CCFE8AF80A9048F806903B
:107EA0000028E7D014E001360B2E03F10C030FD0AD
:107EB0001A899442F7D195F802904FF00C0AB9F163
:107EC000000FDBD008F046FC0AFB06F648F8060077
:107ED00029462046FFF728FE0028CBD02946204619
:107EE00001F040FA0028C5D047F607639C422DD820
:107EF000B4F5FC4F1BD247F620039C4200F01A81D8
:107F000047F603439C42B5D02946204600F08EFD3B
:107F10000028AFD029462046FFF7A6F90028A9D0AF
:107F20002946204603B0BDE87047FEF73DBEA4F5E4
:107F3000FC44013CAB78062C33D8DFE814F0500049
:107F40006B008600A100BC00E3002F00A4F5FC43F9
:107F5000403B9AB2032AD7D8032BD5D801A252F8B6
:107F600023F000BF757F0008837F00088F7F000823
:107F7000757E0008AB78002B3FF47CAFFEF732FE35
:107F800078E7AA785C4B02B101221A7072E7AB78ED
:107F9000002B3FF46FAFFEF7FBFB6BE7574A137004
:107FA00068E7002B3FF466AF554C2378012B3FF474
:107FB00061AF002301200DF107018DF80730FEF7B6
:107FC00027FA9DF80730042B03D013F0FD0F7FF440
:107FD00051AF002201212078FEF778FA4AE7002B02
:107FE0003FF448AF464C2378022B3FF443AF0023C5
:107FF00001200DF107018DF80730FEF709FA9DF811
:108000000730042B03D013F0FD0F7FF433AF0022B1
:108010000221E0E7002B3FF42DAF394C2378032BEE
:108020003FF428AF002301200DF107018DF8073040
:10803000FEF7EEF99DF80730042B03D013F0FD0F87
:108040007FF418AF00220321C5E7002B3FF412AFE5
:108050002B4C2378042B3FF40DAF002301200DF1AE
:1080600007018DF80730FEF7D3F99DF80730042B90
:1080700003D013F0FD0F7FF4FDAE00220421AAE728
:10808000002B3FF4F7AE1E4C2378052B3FF4F2AEE5
:10809000002301200DF107018DF80730FEF7B8F934
:1080A0009DF80730042B03D013F0FD0F7FF4E2AEF0
:1080B000002205218FE7002B3FF4DCAE104C237823
:1080C000062B3FF4D7AE002301200DF107018DF8F8
:1080D0000730FEF79DF99DF80730DA1E012A02D914
:1080E000002B7FF4C7AE0022062174E77013002036
:1080F0005C100020C80C00206A13002066130020CA
:10810000E83C0020002B3FF4B5AE124C2378002B46
:108110003FF4B0AE002501200DF107018DF80750A6
:10812000FEF776F99DF80730012B3FF6A3AE2A46FD
:10813000294650E7AB78002B3FF4E6AE06F0AAFEE6
:108140004FF0804318B14FF080729A61DCE64FF433
:108150008072FAE7E83C0020014B1870704700BFBE
:1081600074130020014B1878704700BF741300206F
:10817000014B1868704700BF781300202DE9784143
:1081800005460C465A4EDFF86C812146284600F021
:1081900097FE50B1062C08D8DFE804F004095F967A
:1081A00096A3A3000022524B1A60BDE87881326882
:1081B0007ABBA5F1C803042B0BD8DFE803F0031644
:1081C0001B2025000023FF211A46C820FDF7B6FF1B
:1081D00001224FF4FA712846FDF7F4FF2846FDF717
:1081E0008BFF08F0B7FA3060DFE70022FF2311466B
:1081F000C920EBE70023FF221946CA20E6E7FF2348
:10820000CB201A461946E1E7FF23CC201A4619462F
:10821000DCE7104608F0E2FA44F61F63984203D9FF
:108220000524354B1C70B0E7344B1B7883B9CC2D3B
:108230000ED1334B1B78042B41D103232E4C2846FF
:108240002370FF231A461946FDF778FF24789CE730
:1082500098F8192092B30324E3E73068F8B9A5F140
:10826000C803032BA1D8DFE803F0020B101500238D
:10827000FF211A46C820FDF761FF0122C821AAE7A5
:108280000022FF231146C920F5E70023FF221946EB
:10829000CA20F0E7FF23CB201A461946EBE708F087
:1082A0009DFA4EF65F23984201D90624B9E798F863
:1082B00019300BB10424B4E7104B1B786BB128467E
:1082C000BDE87841FDF718BFFF224FF4FA61284658
:1082D000FDF778FF2846FDF70FFF0022064B1A70C6
:1082E00063E70022044B1A70FEF752FAE7E700BF7B
:1082F00078130020640C002074130020E83C002058
:108300009C400020014B1978FFF738BF7413002000
:108310000120704770B506460D46C8200021FDF7C4
:108320003BFF10B90024204670BD0021C920FDF795
:1083300033FF0028F6D00021CA20FDF72DFF0028CA
:10834000F0D00021CB20FDF727FF0028EAD0002144
:10835000CC20FDF721FF0028E4D029463046FFF766
:10836000D7FF04460028DDD00022044B29461D70AB
:10837000034B30461A60FFF701FFD4E77413002067
:108380007813002070B50D461446FEF711F8064626
:1083900080B155B3174B5B7E2BBB013D052D09D832
:1083A000DFE805F0030C120808182CB10221C820E0
:1083B000FFF7B0FF304670BD0121F8E714B102218C
:1083C000C920F5E70121FBE714B10221CA20EFE73C
:1083D0000121FBE714B10221CB20E9E70121FBE7F2
:1083E0000221CC20E4E71E46E4E7002CF8D101216D
:1083F000F7E700BF640C002008B50C4B1B789BB955
:10840000FEF7AEF980B90A4B1A783AB1094A527EA2
:1084100052B95978BDE80840FEF758B8064B1B78AA
:10842000042B01D01146F5E708BD00BF74130020EE
:10843000E83C0020640C00209C40002070470000B5
:108440002DE97F4FDFF8148105460E46FFF7F6FF52
:10845000FFF7D2FF98F80040002C36D0404D2B6833
:1084600013B908F077F92860286808F0B7F941F2E5
:108470008733984207D998F80030013388F80030E4
:1084800008F068F9286098F80030013B032B17D8F2
:10849000DFE803F0020C101400229620114605F0CC
:1084A00021FF0024204604B0BDE8708F00229621F1
:1084B0001046F4E7002196220846F0E79622F6E7F8
:1084C000002488F800402C60ECE7264B1B788BB921
:1084D00031462846FFF75EFB0028E2D031462846A9
:1084E00001F010FB04460028DBD031462846FDF79A
:1084F00083FED7E72246214620460DF1040805F009
:10850000F1FEC2464FF00A09DFF85CB00A22594674
:108510005046FCF73BF8154BE2B2DB7FB3FBF9F1B9
:10852000914215D9312B98F800000AD900239622E0
:108530001946013405F05CF80A2C08F10108E5D170
:10854000C6E71D2B4FF00003F1D81A469621F0E73D
:10855000002398F800001A461946EAE76B1300203A
:108560006C13002066130020A0440108640C002056
:1085700070B505460E46FDF785FFFEF7F1F810B120
:108580000320FDF787FF2B780A2B0ED10124084B1F
:1085900031461C70074B28461B781BB908F0F0FBCE
:1085A000204670BD0BF0CEFEFAE70020F9E700BFD1
:1085B00082130020E83C0020094B0A4A9A610A4BCA
:1085C0000A4A1A60BFF34F8F09490A4BCA6802F47E
:1085D000E0621343CB60BFF34F8F00BFFDE700BFE6
:1085E00000000140EB9C374AFC6F0020EFBEADDE7F
:1085F00000ED00E00400FA0570B51B4CFEF76EF9C3
:10860000206858B1A37A4BB908F0E8F8636898423B
:1086100004D301212089A172FFF70AFB002501265E
:10862000124C206858B1A37A4BB908F0D7F86368A8
:10863000984204D301212089A672FFF7F9FA033585
:10864000212D04F10C04ECD1FFF79EF9084B1A78A8
:108650003AB100221A700BF007F90028FBD1FFF79E
:10866000D3FA00F0F1FD70BD5C100020C80C0020B2
:1086700082130020012810B5044611D002280AD127
:10868000FEF76EF80138012805D80320FDF702FF38
:108690000020FEF76BF82046BDE8104007F0FEBF53
:1086A000014B1870F7E700BFC0110020014808F027
:1086B000D6BF00BFA08601000E4BF0B51B6893B17A
:1086C0001E2202FB00300C4A0123164630F81150DE
:1086D00032F8027BDCB2AF4206D104F0070336F871
:1086E000133020F81130F0BD0133092BF0D10023F5
:1086F000F7E700BF84130020684B01082DE9F7431A
:1087000004460D4606F05AFC00274FF01E092D4E78
:10871000DFF8B4807080E0B2854250D900232B4A44
:108720000FE01CF801EBBEF1FF0F01D070451BD02C
:1087300001310F29F5D10133DBB2072B02F10F0212
:108740003BD094460021ECE7012A07D1012B05D14B
:1087500073888DF800708DF8017016E08DF8013087
:108760008DF80010738810E0D8F800202AB309FBB8
:10877000032333F81120110AD3B2120AE4D1002BDB
:10878000ECD18DF800308DF801308DF80230009872
:1087900004F012FAC0F307238DF80400C0F3074079
:1087A0008DF805308DF806009DF8063020469DF8BE
:1087B00004209DF8051004F01BFF0134ABE703B063
:1087C000BDE8F0834C0D002084130020500D0020E4
:1087D00070B40D461143014304D170BCD2220A4843
:1087E000FBF74ABF00241E260F2306FB04F10648B0
:1087F000013B13F0FF03057042700844F8D10134C7
:10880000072CF1D170BC70478813002010B5064AC0
:108810000B461478012C05D158780978FFF74CFFE6
:10882000204610BD0020FCE74C0D0020024B1878BC
:10883000431E5842584170474C0D0020D2235843E4
:10884000C1EB01111144223000EB410070470420BC
:108850007047032838B510D806290ED80E2A0CD830
:10886000FFF7ECFF054603F0DBFD0446681C03F050
:10887000D7FD44EA002080B238BD0020FCE7032881
:1088800070B51C460FD806290DD80E2A0BD8FFF755
:10889000D5FF0546E1B203F02BFE210A681CBDE8B6
:1088A000704003F025BE70BD2DE9F8430024054655
:1088B0000F461646A14600F12208BC4208EB040010
:1088C00001D1BDE8F8832B19B3F5527F04DA03F028
:1088D000A7FD30550134F0E706F80490FAE72DE9DA
:1088E000F04105460E461746002400F12208B44226
:1088F00008EB040001D1BDE8F0812B19B3F5527FDC
:1089000002DA395D03F0F4FD0134F0E7032806D8FC
:10891000D222504300F12201014803F0CFBD70473D
:1089200088130020032838B50CD8084900230C7898
:10893000012C07D14D78A84206D10B70FFF7E6FF56
:10894000204638BD0020FCE71846FAE74C0D002011
:10895000032806D8D222504300F12201014803F037
:10896000F5BD704788130020074B084A10B51A6000
:108970000023074C2370607006F020FB6080607855
:10898000BDE81040FFF7E4BF8413002088130020E7
:108990004C0D0020032808B50CD8074A5070FFF78B
:1089A000D7FF06F0A1FA2D2802D02D2006F099FA63
:1089B000012000E0002008BD4C0D0020032810B568
:1089C00010D8094A117869B9012450701470FFF762
:1089D000BFFF06F089FA2D2802D02D2006F081FA7B
:1089E000204600E0002010BD4C0D0020032810B5EB
:1089F000044609D8FFF7ACFF2046FFF793FF204657
:108A0000BDE81040FFF7C6BF10BD000008B505481F
:108A100002F0CCFBBDE808404FF45272222102481C
:108A200003F04CBD0C480108EA4F010808B50A469E
:108A300009490346087801280CD1A3F5A443203B3B
:108A40001F2B06D9907820B150781178FFF734FEAB
:108A5000002008BD0120FCE74C0D002070B5044645
:108A60000078FF2801D106F03FFA0D4900220D469B
:108A700011F8016BD3B2864203D00132102AF7D12C
:108A800013462278FF2A12BFFF22013303F00F039F
:108A9000E85C18BF2270BDE8704006F022BA00BF43
:108AA000914B010838B50B780546FF2B0C4602D1D7
:108AB00006F01AFA2070284638BD38B540F26E34F8
:108AC00040F27E3520460021013403F0D4FCAC4254
:108AD000F8D138BD10B506F007FA00230246054963
:108AE00011F8014BD8B2944203D00133102BF7D1C7
:108AF000184610BD914B010810B50446FFF7EAFF78
:108B00002146BDE8104000F26E3003F0B4BC08B559
:108B1000FFF7E0FF00F26E3003F082FC082828BF68
:108B2000002008BD70B506F0DFF90723124A12F8DD
:108B3000011B81421DD0013B13F0FF03F7D1072435
:108B4000FFF7E5FF0130B0FBF4F304FB13040B4B1C
:108B500013F8145003EB44035E7806F02FFA314605
:108B60000246284606F003FAE0B2BDE87040FFF77F
:108B7000C3BF0624E4E700BFA14B0108834B0108F3
:108B800038B5FFF76BFFFFF7C2FF074B13F8104034
:108B900003EB40035D7806F011FA294602462046B1
:108BA000BDE8384006F0E3B9834B01082DE9F043F6
:108BB0001C4B85B01B7823B3002201AC1146104634
:108BC00005F090FB0025A0460A26DFF85C90174FC1
:108BD0000A2249464046FBF7D9FCFB7FEAB2B3FBC9
:108BE000F6F1914200D8BAB9312B20780DD9002383
:108BF00096221946013504F0FBFC0A2D04F101040C
:108C0000E6D1012005B0BDE8F0831D2B4FF0000335
:108C1000EED81A469621EDE7002320781A46194629
:108C2000E8E700BF5A140020784B0108640C0020CC
:108C3000F8B5434F0446FB78424E13F00103424A15
:108C400038D0424933780D784149E5B100250D60AF
:108C5000012111704FF080424FF4001191611021F9
:108C6000652BC2F8181807D13420FDF745FA2A46BB
:108C700029463878FDF72AFC662333702046BDE884
:108C8000F840FDF739BA0D60012111704FF08042B4
:108C9000202191614FF48011652BC2F8181807D17B
:108CA0003420FDF729FA2A4629463878FDF70EFCCC
:108CB0006423E2E7274DE97F14292BD86521127838
:108CC00031700AB31A465121FDF738FA01224FF4E8
:108CD00096712046FDF776FAEB7F0A2BCED81C4D15
:108CE0002B6813B907F036FD286028680028C5D026
:108CF00007F074FD4EF660239842BFD9002301208F
:108D00002B60FEF7E1FEB9E713461146FDF716FAB0
:108D1000FF22DCE74FF080414FF400158D614FF4E6
:108D20008015C1F818586521317009490B6001237D
:108D30004FF496711370FF22FDF744FA9EE700BFCF
:108D4000E83C002058100020B20E0020033D002017
:108D50005C140020640C002038B52F4D04462B789D
:108D6000042B20D8DFE803F0032C0E24510000234D
:108D70001A461946FDF7E2F9FF2232212046FDF797
:108D800021FA10E04FF080434FF400729A61FF2304
:108D90001A461946FDF7D2F90322C8212046FDF7ED
:108DA00011FA01232B702046BDE83840FDF7A4B925
:108DB000FF231A461946FDF7C1F90122C821DDE754
:108DC00006F0FCF808BB154B187801F07AF9022878
:108DD00003D0134B1B78DA0617D4124B1A7882B9DA
:108DE000114A1278042A10D1DB78DB070DD40F4B1F
:108DF000DB7F142B82BF4FF080434FF000729A61EB
:108E000003E00A4A527E002AEED1002320462B704E
:108E1000FFF7A2FFC7E700BF611400207214002013
:108E2000043D0020E83C00209C400020640C002011
:108E3000FF2810B504461CD10E4BD3F8A03123F007
:108E40007F43B3F5804F0DD1002240231146FDF73B
:108E500075F920460121FDF789F92046BDE810404B
:108E6000FDF74AB9B3F5800F03D10023402219461C
:108E7000EDE710BDB40E0020034B187810F003008E
:108E800018BF0120704700BF243D0020024B40F274
:108E90006A30196803F048BBFC3C002008B5402349
:108EA000FF201A461946FDF749F90322FA21FF204F
:108EB000FDF788F9FF20FDF71FF9012008BD00002C
:108EC00038B5104B04461D78062D01D0012038BD61
:108ED0000229FBD1FFF74CF90028F7D0FFF748F93A
:108EE00007F07CFC44F61F639842EFD92846FFF751
:108EF00033F9FFF737F901462046FFF73FF9002025
:108F0000E5E700BFE83C002008B501224FF40071FE
:108F10004FF0804009F051FD4FF080424FF0007358
:108F20004FF4802193610B4B012099614FF4800134
:108F3000A3F5006399614FF4000199614FF000417E
:108F4000C3F818144FF4001191614FF48012C3F864
:108F5000182408BD000C00400120704708B52022ED
:108F60004FF400414FF0804009F027FD4FF080435F
:108F70001B69034AC3F3C0331370012008BD00BF4F
:108F8000033D002008B5054B00211870FB20FDF7BC
:108F900003F9BDE80840FB20FFF7DEBE61140020A6
:108FA0000020FFF7EFBF000010B500240A4A138825
:108FB00003F0C00363F0FC031380FFF767FF074B68
:108FC0001C70074B1C70FFF7EBFF064B1C70BDE8D5
:108FD0001040FFF772BD00BFFC3C00206B14002066
:108FE000691400206014002037B501224FF400718D
:108FF0004FF0804009F0E1FC4FF080454FF40073E2
:10900000444C012220460421AB6109F0D6FC4FF408
:109010008023A4F50064C4F81838012220464021BA
:1090200009F0CBFC4FF480032046A361012280218C
:1090300009F0C3FC4FF40003A36104F580642046EB
:1090400001224FF4004109F0B8FC4FF00043012227
:10905000A3612021284609F0B0FC4FF4001301223F
:1090600010212046AB6109F0A8FC4FF48013A361E6
:1090700007F070FB284B294C186040F26A3003F06F
:10908000EDF9206008B9FFF78FFF5A2520780024FA
:10909000C0F38300FFF768FC8DF800408DF80140B5
:1090A0008DF80250009803F087FD8DF80440FF24EE
:1090B0001B4BC0F3072218708DF805408DF8065041
:1090C000C0F30740987001985A7003F075FD154B76
:1090D000C0F307221870C0F307405A7098702246F8
:1090E000C821FA20FDF76EF82246C821FB20FDF7C3
:1090F00069F8FB20FDF700F805F03CFF0A4BC0F3D0
:1091000007221870C0F30740987001205A7003B00E
:1091100030BD00BF000C0040F03C0020FC3C0020B3
:10912000003D0020F73C0020F43C00203F4B10B5F0
:109130001C78002C78D1037CFA2B48D016D8CA2B87
:109140000CD8C72B0CD9427C394B8AB34FF4802101
:10915000384A916140229A61204610BDCB2B2AD01B
:10916000FFF764FB80F00104E4B2F5E7FB2BF7D1D5
:10917000314B427C1B78002A3ED0012BECD151238D
:1091800042201A46194604F033FA512304201A46A5
:10919000194604F02DFA512302201A46194604F00C
:1091A00027FA51231A461946032004F021FAD3E77F
:1091B0004FF48002CFE7427C1E4B2AB14FF480016E
:1091C0001B4A91610422C6E74FF48022C3E71B4B80
:1091D000DB7F142BC0D81A4B1B78652BBCD1417C8C
:1091E0004FF08042174B21B1202191614FF4801242
:1091F000B1E74FF40011F8E7012BADD12346224629
:109200002146422004F0F4F9234622462146042058
:1092100004F0EEF9234622462146022004F0E8F944
:10922000234622462146BFE7002495E76A14002022
:1092300000040040000C004061140020640C002079
:10924000581000200008004038B54FF080431B69DB
:10925000374AC3F3C0331370FDF782FA80B9354C37
:10926000206807F0BBFAB0F57A7F09D907F072FAE7
:10927000206053200AF08AFF2F4B18780AF086FFEF
:109280002E4C2F4B22681340B3F1807F3AD12D4BE7
:109290001B78042B02D101222B4B1A702B4D28680E
:1092A00070B107F09BFAB0F57A7F09D90023FA2054
:1092B0002B60FCF721FF4FF080434FF400729A615E
:1092C000FDF74EFAE0B92278214B3ABB4FF48021EA
:1092D000204A91614FF480029A611F4B187800F088
:1092E000F0FE022814BF80214FF40001184A1B4BE6
:1092F00015BF916191614FF000424FF400429A61B5
:10930000012038BD002BC9D10E4A1278042AC5D0DD
:109310000D4A11780029C1D01370BFE71049497E6A
:109320000029DAD0062A0ABF04224022094BD3E7DB
:10933000033D00206414002058100020E83C002069
:10934000FF0000019C4000206B140020F03C002036
:1093500000040040000C004072140020000800408F
:10936000640C0020F8B5A84E054633780C463BB196
:109370008B782BB1002211461046327004F0B2FFF8
:10938000A24A13782BB147F61B618D4201D000240D
:10939000EFE09F4F797E49B99E49097831B1291F85
:1093A000A029F4D9A5F1E0010729F0D947F62A014F
:1093B0008D4200F28D8047F620039D420FD8C22DCA
:1093C00000F0D9803ED87E2D31D87A2D24D8462D74
:1093D00000F0E480652D00F06A810124C9E0A5F564
:1093E000F045213D092DF8D801A353F825F000BF21
:1093F000AF990008DB930008C1970008DB930008D1
:10940000DB930008DB9300087F980008DD980008D4
:109410001D9800084B9800087C3DE020A478022DA0
:1094200000F22181DFE815F0280131013A01C12D58
:10943000D3D1A478E020002C00F0CA8000F042FDD7
:109440005220BBE045F202239D4200F093821ED8D9
:10945000E72D00F09581B5F5A44F00F06E82E32D65
:10946000BBD16D4B187800F02CFE0228B5D16B4BA8
:109470001B78D906B1D5FFF7D9F90028ADD1E32083
:10948000A478002C00F0908100F01CFD71E045F202
:1094900023239D4200F0178347F213039D4200F0FF
:1094A0005D8145F221239D4297D1A378002B94D171
:1094B000FFF7BCF9002890D0594B1A7832B100223E
:1094C000214645F221201A70FFF7A0F90124F7E2A6
:1094D000B5F5F84F00F08A81A5F5FC45A9B21C2925
:1094E0003FF67BAF1C2D3FF678AF01A151F825F078
:1094F000C9960008F19600080B970008DB93000856
:10950000DB9300084397000825970008AF970008F1
:10951000DB930008DB930008DB930008DB93000873
:10952000DB930008DB930008DB930008DB93000863
:10953000DB930008DB930008DB930008DB93000853
:10954000F5990008399A00085D9A0008819A000888
:1095500025960008FF9700080D98000865950008FB
:10956000D9950008A478002C3FF437AF83F00103AD
:1095700013702046F8BDA478E3204CB100F0A2FCA3
:109580002C2000F09FFC40F6B83008F068F8FEE6AA
:1095900000F0AEFC2C2000F0ABFCEAE71E4B187884
:1095A00000F08FFD02287FF418AFA478E02044B1CA
:1095B00000F088FCE12000F085FC202000F082FC17
:1095C000E5E600F095FCE12000F092FC2020E2E7C7
:1095D00000F08EFC5220DEE7A378002B3FF4D7AEDC
:1095E0000D4C207800F06DFD30B9022000F0DAFC5F
:1095F000002001F0D8F8CAE6207800F062FD0228C9
:109600007FF4C5AE0020F1E76A1400206814002042
:10961000640C0020E83C002072140020043D00206F
:1096200069140020A478002C3FF4D7AE05F0C6FCE6
:1096300000283FF4ACAEA14B1A781AB17A7E002A0A
:109640003FF4A5AEDB78DE073FF5A1AEFB7F142B20
:109650007FF69DAE9A4A9378013303F00703937027
:10966000FFF714FC85E71CB100F02CFC1B20A5E7DC
:1096700000F03EFC1B208EE71CB100F023FC06200E
:109680009CE700F035FC062085E71CB100F01AFCD1
:10969000192093E700F02CFC19207CE71CB100F0A6
:1096A00011FC09208AE700F023FC092073E7854BB1
:1096B0001B78DD067FF591AE834B187800F001FD35
:1096C00002384442444154E7804B1B78032B3FF45B
:1096D0005EAEA378002B3FF480AE784B1B78012B55
:1096E0007FF47BAEFEF73EFD041E18BF012440E769
:1096F000764B1B78032B3FF44AAEA378002B3FF444
:109700006CAE6E4B1B78022BEAE7704B1B78032B79
:109710003FF43DAEA378002B3FF45FAE674B1B7860
:10972000032BDDE7694B1B78032B3FF430AEA378A6
:10973000002B3FF452AE614B1B78002B7FF44DAEF3
:10974000D0E7624B1B78032B3FF421AEA378002BAC
:109750003FF443AE594B1B78062BC1E7A478002C8D
:109760003FF43BAE002340211A46FF20FCF7E6FC05
:109770000121FF20FCF7FAFCFF20FCF7BDFCF8E616
:10978000514B187800F09DFC02287FF426AE4D4B1B
:109790001B78DA067FF521AEFFF748F800287FF442
:1097A0001CAEE720A4786CE600F0A2FB15E6434B64
:1097B0001B7803B1A378464A03F001031370E6E572
:1097C000444B1B789B073FF4E2ADA378002B3FF49A
:1097D00004AEFFF7A7F905F0CDFB3F4BC0F307221E
:1097E0001870C0F307405A709870D0E5A478002C28
:1097F0003FF4F3AD02F00AF8FEF7DEFEB9E6A37817
:10980000002B3FF4C4AD01233370C0E5A378002BD7
:109810003FF4BDAD62200AF0B9FCB8E52B4B1B78D4
:10982000032B3FF4B4AD05F05FFB02283FF4AFAD6E
:10983000A478002C3FF4D1AD05F046FCFF287FF45E
:10984000CCAD0220FFF79EFB93E6204B1B78032B49
:109850003FF49DAD05F048FB02283FF498ADA37896
:10986000002B3FF4BAAD05F02FFC33283FF6B5AD21
:109870000220FFF787FB332005F01EFC87E5134B22
:109880001B78032B3FF483ADA478002C3FF4A5ADE7
:109890004FF080434FF400729A6105F08FFB7728F8
:1098A0000D4D05D90220FFF76DFB9623AB7060E6E6
:1098B00005F084FB1E30A8705BE600BFE83C00208A
:1098C000FC3C0020043D00207214002061140020A4
:1098D0005A140020243D0020F43C0020844B1B78C7
:1098E000032B3FF454ADA478002C3FF476AD4FF039
:1098F00080434FF400729A6105F060FB1E287D4E94
:1099000016D80220FFF73EFBB37873B10025502D27
:10991000EBB207D0352B05D0002328461A4619464E
:1099200003F066FE0135532DF1D10023B37020E61C
:1099300005F044FB1E38B0701BE66D4B1B78032B03
:109940003FF425ADA378002B3FF421AD0021372053
:10995000FCF722FC684C0322FA213620FCF732FC8B
:109960003620FCF7C9FB207800F0ABFB02287FF41F
:109970000EAD36E65E4B1B78032B3FF408ADA378A3
:10998000002B3FF404AD00213620FCF705FC5A4CB7
:109990000322FA213720FCF715FC3720FCF7ACFB3B
:1099A000207800F08EFB02283FF4F1AC19E6A37892
:1099B000EBB1524C0020FFF7E5FA2078C0F38300AA
:1099C000FEF7C6FF2078C0F38300FEF7ABFF00224E
:1099D0004B4B601C1A70FFF7D3F805F0CBFA454BE0
:1099E000C0F307221870C0F307405A709870FFF751
:1099F0004DFACCE4A378002B3FF4C9AC3F4C20785F
:109A0000C0F38300FEF7A4FF2078C0F38300FEF7C5
:109A100089FF0020611CFFF745F8237860F3850378
:109A20002370FFF733FA2078C0F38300FEF7B2FF0C
:109A30000020FFF7A7FAAAE4A378002B3FF4A7AC15
:109A40002E4C2078C0F38300FEF782FF2078C0F30D
:109A50008300FEF767FF0120611CDCE7A378002B81
:109A60003FF495AC254C2078C0F38300FEF770FFDF
:109A70002078C0F38300FEF755FF0220611CCAE77F
:109A8000A378002B3FF483AC05F02EFA2D287FF449
:109A90007EACFEF7CBFE0446184B1878C0F383006B
:109AA00044B9FEF78BFF204622462146FEF790FE82
:109AB0000320C7E6FEF736FF0020FFF763FA002415
:109AC0000F4B1C7055E5A378002B7FF486ACFEF796
:109AD000ADFE00283FF481AC094B1A78002A3FF410
:109AE000F5AC0022214645F223201A70ECE400BFB9
:109AF00061140020F43C002072140020FC3C002083
:109B0000691400202E4B73B51B7804460D46C3B173
:109B100004238DF8043050238DF8053096238DF8FA
:109B20000630019803F048F8264BC0F30742C0F313
:109B3000072618709A70C1B2D2B2F0B25E7004F00B
:109B4000D1FB214B187800F0BCFA02282BD01F4B18
:109B50001B78DB0627D5FEF769FE20BB1C4B1B7864
:109B60000BBB512350201A46194603F041FD4FF01C
:109B700080434FF400729A6106F05CFC10F002031F
:109B800018D0512335201A46194603F031FD4FF005
:109B900080434FF400729A6129462046FFF706F889
:109BA000012002B070BD002350201A46194603F070
:109BB0001FFDE1E71A461946352003F019FDEBE7D2
:109BC0006A140020EC3C002072140020043D0020A8
:109BD0005A14002008B5FCF7CFFD20B14FF08043A8
:109BE0004FF000729A61012008BD10B54FF4007368
:109BF0004FF08044A36105F04DF9012806D005F02F
:109C000041F94FF080730120A36110BD4FF48073C0
:109C1000F9E7000008B500F0EBF84FF47A7007F0B0
:109C20001EFD00F0E5F8022001F020FE430542BFD2
:109C30000122014B1A7008BD6014002005207047F6
:109C400004280DD806290BD80E2A09D86923C1EBA0
:109C5000011103FB0011034B0A4433F81200704753
:109C600001207047D04B01080520704704280BD80D
:109C7000012909D801EB4001044B82F0010202EBFB
:109C8000410233F81200704701207047A84B0108C9
:109C900008B5302383F31188012100F00F039940A8
:109CA000202220F00F0008F088FE002383F31188A3
:109CB00008BD000038B50F240B4D55F8040B421CAD
:109CC00001D0FFF7E5FF013C14F0FF04F5D10724B4
:109CD000064D55F8040B431C01D0FFF7D9FF013C9A
:109CE00014F0FF04F5D138BD345301087053010856
:109CF0002DE9F843DFF8B880054658F821300E46C4
:109D00005C1C174651D0302282F31188012223F0C7
:109D10000F0903F00F0302FA03F421464846240416
:109D200008F04BFEC9F81840002484F3118801F0B4
:109D3000A8FD2346F943DFF87CC0DFF87CE0062B62
:109D40001AD156B9DEF81000AA89400403D43A4368
:109D5000AA81012401E00A40AA810133072BEED138
:109D600058F82600431C01D0FFF792FF21463046E9
:109D7000BDE8F84301F098BD5CF8230035F81320E6
:109D8000B0F1FF3F0DD020F00F09D9F8109000F08E
:109D90000F0029FA00F0C00703D43A4325F8132036
:109DA000D7E70A4025F81320D7E7BDE8F88300BFBE
:109DB00034530108705301080008004010B50E2408
:109DC000FFF778FF224600210748FAF755FC2246A4
:109DD00000210648FAF750FC072001F069FDBDE8B4
:109DE000104001F03ABD00BF143D0020063D0020A8
:109DF00030B585B00E2200216846FAF73DFC0025FB
:109E000001242246E9B268460135FFF771FF64007C
:109E10000F2DA4B2F5D10E2269460C48FAF782FB49
:109E2000002814BF0124002404D00E2269460748EC
:109E3000FAF7ACFB234607220549044801F03AFD36
:109E4000044601F00FFD204605B030BD063D002060
:109E5000143D0020A0F58073B3F5F85F10B526D24D
:109E600010F4805F00F4807300F4007400F48061EB
:109E700000F400620DD0002B0CBF002010200CB1AC
:109E800040F0200009B140F040000AB140F08000ED
:109E900010BD181E18BF01200CB140F0020009B11E
:109EA00040F00400002AF3D040F00800F0E7002062
:109EB000EEE710B50C46FFF7CDFF2346BDE8104096
:109EC00018470000A0F1E003072B10B5044600D9A5
:109ED00040B920460449FFF7ECFFE0B2BDE810406E
:109EE000FCF79EBE0149F6E77D6D00082D6E000867
:109EF00010B50446C0B2FCF7F3FEA4F1E003072B53
:109F000000D92CB903492046BDE81040FFF7D1BF66
:109F10000149F8E7D56D0008856E000801207047FB
:109F2000704708B5FFF7FCFF08BD000013B502AB92
:109F300003E903000F4B1B78B3B99DF8023073B1EE
:109F40006AB100F0E3FC04460146009800F09CFC76
:109F50002046009902B0BDE8104001F045BB0098D2
:109F600000F0B4FC0446F3E7009800F0CFFC009941
:109F7000F0E700BF71140020034610B400885C882D
:109F80000A4640EA0440998810BCFFF7CFBF012081
:109F9000704710B504460021FFF7EEFF2146FFF79A
:109FA000C0FF10BD10B501248440E4B2204601F08A
:109FB000E0F82046BDE8104000F0C9BB704708B586
:109FC00000F068FBFFF7FAFFBDE8084046F2A81072
:109FD00007F045BB08B5FFF7F2FFBDE80840FEF704
:109FE000EBBA08B5FFF7EBFFBDE8084006F028BC68
:109FF00038B501210546FFF7BFFF2946044605F0A5
:10A0000005FA08B9002038BD29462046FDF702FFB1
:10A010000028F7D02946204606F050F80028F1D055
:10A020002946204605F092FB0028EBD02946204621
:10A0300005F0C2FF0028E5D02946204605F08CF83F
:10A040000028DFD02946204606F086F80028D9D01F
:10A05000AB787BB147F65A439C4222D00ED847F6E4
:10A0600001439C421AD047F603439C4214D0B4F5F6
:10A07000F84F0ED02846FFF751FFC4E747F65B4381
:10A080009C4211D047F65C439C42F3D101F040F86A
:10A09000F0E7FFF79FFFB5E701F04DF8FFF7A1FFED
:10A0A000B0E701F041F8E5E701F041F8E2E708B573
:10A0B00000F046F8002004F0ADFEBDE80840FDF7D2
:10A0C00097BE034600091CBF034604209A081EBF22
:10A0D00013460230C0B25B081CBF0130C0B27047EB
:10A0E000704701207047000010F0020F0CBF0122E2
:10A0F0004FF48032014B9A61704700BF000400406A
:10A1000038B50546FFF7EDFF044610B12846FFF7C6
:10A11000EBFF204638BD0000012210B5034C11466C
:10A12000204608F04AFC0123A36110BD0004004052
:10A1300010B50446FFF7D4FF2046FFF7E1FF10BD3E
:10A1400008B506F06FF9FFF7F3FF08BD10B506F08C
:10A1500069F9074B04461A78824207D0187006F056
:10A16000F9FA044B18602046FFF7E2FF10BD00BF6C
:10A17000701400206C14002010B586B06C4684E882
:10A1800003009DF802300BB100F004FF0023ADF88E
:10A19000163094E80300ADF81410BDF814300490A4
:10A1A00004AC94E8030002904BB14FF6FF73BDF886
:10A1B00008209A4203D02046FFF7E9FE18B194E840
:10A1C000030000F021FE06B010BD008800F0BEBB09
:10A1D00008B529B101F04EFFBDE8084002F01EB8F5
:10A1E00001F0A6FFF8E738B505460C46FCF718FD68
:10A1F0001CB92846FCF774FD38BD6420013C07F00B
:10A200002EFAA4B2F4E708B539280CBF50210A2170
:10A21000FFF7E9FF08BD00002DE9F0478779814687
:10A220000C46857800F080FE3F090646F0B12E46C8
:10A23000E5B1C4F3072303F0F002402A09D004F18A
:10A240002002D2B2072A24D91FB903F0E003202B41
:10A2500021D0AA4B5E7816F0040607D0022000F049
:10A2600023FF00F061FE80F00106F6B2C4F3033A6A
:10A27000BAF10B0F3ED8DFE81AF0100010005E00B4
:10A280005E00CB00E3003D003D00E80049015901BC
:10A2900059010026EAE73E46E8E7C4F30723C4F382
:10A2A000032713F0F00F18BF3F01E4B285B157B197
:10A2B00004F12003DBB2072B384600D92CB900F09B
:10A2C00043FE00F097FE20465EE000F053FEF8E704
:10A2D0002046FCF705FD6FB104F12003DBB2072B2C
:10A2E000384600D914B900F037FE01E000F04AFE0C
:10A2F00000F080FEAAF1080ABAF1030F03D806F0B5
:10A3000091F8FFF715FF002E00F06A8100F004FEBF
:10A3100010F0010040F0648189F8020000F0F4FDC3
:10A3200000F048FA484600F071F900F0EDFDBDE894
:10A33000F04700F04BBAC4F3072303F0F003C4F373
:10A340000328202BE4B218BF4FEA081874B1012C7F
:10A3500048D0002D4ED0002F47D099F80630DA07AC
:10A36000B1D56FF3071389F806303EE0634B5B7895
:10A37000590714D45DB1B8F1000F04D0404600F085
:10A38000E3FD00F037FE0020FCF74AFCB2E7284668
:10A39000FCF7A6FCB8F1000FACD04046A3E795B19E
:10A3A0003FB900F0FDFD40EA0800C0B2FCF7E6FC52
:10A3B000A0E7012FF5D100F0F3FD40EA0800C0B29C
:10A3C00000F0FAFD96E72FB900F008FE4046FCF7D2
:10A3D00001FD8FE7012F8DD04046FCF7FBFC00F01C
:10A3E000FDFD87E71DB1052F84D84046DEE7042F29
:10A3F00080D8EBE7002FE9D0392C0CBF4FF4FA508E
:10A400004FF47A7007F02BF92046FCF769FC71E7EE
:10A4100014F4406FC4F3812308D0012B7FF46AAF9A
:10A4200065B1C4F3090006F047F863E725B1C4F34A
:10A43000090006F025F85DE72846FAE72846F2E726
:10A440002946E0B2FFF7C4FE54E714F4407F29D157
:10A45000002D7FF44FAFC4F342108000C2B204F06D
:10A460000F0014F0100300FA02F0C5B21EBF0F2057
:10A470009040C043C4F3812418BFC3B2022C43EA06
:10A48000050009D0032C0AD0012C02D000F06AF993
:10A4900030E700F05FF92DE700F06CF92AE700F0F3
:10A4A00056F927E7C4F301220DB312F0010F3FF470
:10A4B00021AFC4F342108000C2B204F00F0014F0C8
:10A4C000100300FA02F0C5B21EBF0F209040C04337
:10A4D000C4F3812418BFC3B2022C43EA05000FD095
:10A4E000032C10D0012C05D000F08EF902E712F0F9
:10A4F000020FDCE700F080F9FCE600BF043D00201D
:10A5000000F08AF9F6E600F043F9F3E6E7B2C4F3A7
:10A51000032425B1204600F04DF9384646E7384679
:10A52000FCF758FC204600F051F9E3E65FFA84F8A6
:10A53000A8F1F003042B3DD8DFE803F003220E1549
:10A540001E003DB1042F3FF6D5AEC4F3042000F049
:10A5500047F9CFE6052FF6E7C4F30420002DE2D13A
:10A5600000F028F9C6E625B1C4F3042000F01BF979
:10A57000C0E600F015F9BDE61A4B5B785B0704D422
:10A58000C4F30420002DCED0EAE74DB1C4F3042477
:10A59000204600F00FF90321204600F061FDA9E6F6
:10A5A000012000F081FD012F7FF6A4AE022000F013
:10A5B0007BFD9FE62DB10FB14046E5E6C4F30420D4
:10A5C000CEE757B1B8F1390F0CBF4FF4FA504FF442
:10A5D0007A7007F044F8404617E7C4F30420A2E776
:10A5E000BDE8F087043D002038B501880446807836
:10A5F00000F0B8F9054600F017F900F0A7F8294671
:10A600002046BDE83840FFF707BE000013B50446FA
:10A61000014606226846F9F7B9FFA388F3B14FF661
:10A62000FF73BDF800209A4218D02046FFF7E0FCE7
:10A6300070B900F079FC88B1A3787BB1084B5B78E6
:10A640005B070BD5022002B0BDE8104000F02CBD26
:10A650002046FFF7C9FF2046FFF79BFC02B010BD64
:10A66000043D002008B5002005F00AFF002005F099
:10A6700023FF00F08FFC00F0BDFC01F0EBFDBDE816
:10A68000084001F0CBBD08B500F038FCBDE808403B
:10A69000FFF7E8BF08B500F067FCBDE80840FFF72A
:10A6A000F2BFC0F30333062BC2B213D094BF0E33F4
:10A6B000063303F00F03012B10D8F02A10D004D872
:10A6C000E72A8CBF002001207047F42A14BF002025
:10A6D00001207047E72A03D9F12AF7E700207047E5
:10A6E0000120704713B50446014606226846F9F773
:10A6F0004DFFA3886BB14FF6FF73BDF800209A425F
:10A7000007D0208800F022F902B0BDE81040FFF722
:10A71000C8BF002002B010BD82B002AB03E9030045
:10A7200002B0704782B002AB03E9030002B0704789
:10A73000704708B5FFF7FCFF08BD000008B5FFF73C
:10A74000F8FF014B187008BD721400207047FFF726
:10A75000F5BF0000024B1B781843FFF7EFBF00BFA7
:10A7600072140020024B1B781840FFF7E7BF00BFB0
:10A7700072140020024B1B785840FFF7DFBF00BF68
:10A7800072140020704708B5FFF7FCFF08BD0000F9
:10A7900008B5FFF7F8FF014B187008BD76140020CC
:10A7A0000020FFF7F5BF012303FA00F0C0B2FFF766
:10A7B000EFBF0000012303FA00F0034B1B7818439E
:10A7C000C0B2FFF7E5BF00BF761400200123034AA3
:10A7D0008340107820EA0300FFF7DABF76140020E8
:10A7E000012303FA00F0034B1B785840C0B2FFF777
:10A7F000CFBF00BF76140020024B1B781843FFF731
:10A80000C7BF00BF76140020024B1B781840FFF72B
:10A81000BFBF00BF76140020024B1B785840FFF7E3
:10A82000B7BF00BF76140020704701F00703C908C6
:10A8300030B501EB410101240139114400229C4053
:10A84000E4B211F8015F20FA02F343F300036B4016
:10A85000234001326B40032A0B70F2D130BD00223D
:10A8600010B500F00704C00800EB4000014410469A
:10A870008B5CE34003F00103934001321843032A49
:10A88000C0B2F5D110BD000017B40C46ADF80400FD
:10A89000C1B2C0F3072006280BD80E290FD8C0EB91
:10A8A00000100144074A89B2204603B010BCFFF7EC
:10A8B000BCBF021DD2B2012A01D8034AF4E703B09B
:10A8C00010BC7047771400207314002082B0ADF8DC
:10A8D0000400C3B2C0F30720062809D80E2B0ED8F7
:10A8E000C0EB00101844074980B202B0FFF7B7BFB1
:10A8F0000430C0B2012802D818460349F5E7002009
:10A9000002B07047771400207314002073B504243C
:10A910000C4BADF804001E780B4B1B781E4346FA17
:10A9200004F3DB07E5B205D4013CF8D20025284644
:10A9300002B070BD2846019900F076FE80B2012871
:10A94000F2D0F4E7761400207214002007B5ADF8B9
:10A9500004000198FFF7DAFF019903B05DF804EBFA
:10A9600000F062BE13B5104BADF804101B782BB18C
:10A97000019802B0BDE81040FFF7E8BF70B1019840
:10A98000FFF7C4FF044601460198FFF77DFF20460C
:10A99000019902B0BDE8104000F046BE0198FFF7F3
:10A9A00095FF0446F3E700BF7114002010B50124A1
:10A9B00004FA01F104FA02F20A43D1B202408A42D7
:10A9C00004FA03F406BF2043C0B2A04310BD000048
:10A9D00008B513460A46014603480078FFF7E6FF2C
:10A9E000BDE80840FFF7D4BE7614002084B06B4663
:10A9F00083E80300BDF8042093E80300029052B1FD
:10AA00004FF6FF73BDF80800C31A5842584180F052
:10AA1000010004B070470120F9E70000F8B50C4BC5
:10AA20000C4E1C780C4D3378A34200D1F8BD05EBD9
:10AA3000C40335F834005F889A88D98840EA074013
:10AA400042EA01410134FFF76DFE04F00704EAE732
:10AA5000EB140020EA140020AA140020064B10B4C6
:10AA600018885C889A88D98840EA044042EA014103
:10AA700010BCFFF757BE00BFA21400202DE9F0471D
:10AA8000214CA37913F0F00F0ED1A37863B11F4BC3
:10AA900094F801801D781E4B94F800901F78B4F84C
:10AAA00004A01C4EBD4201D1BDE8F0872388608818
:10AAB000A18843EA0040FFF799FF00B306EBC50306
:10AAC0005A7842451BD116F835204A4517D19A7855
:10AAD000AAB99A88A2EB0A0292B2C72A0FD801211A
:10AAE000A279094861F30712A2719A7961F30712FA
:10AAF0009A71FFF78BFDBDE8F047FFF78FBF013577
:10AB000005F00705CEE700BFA2140020EB140020DB
:10AB1000EA140020AA140020F0B50D4B0D4C1B7850
:10AB200026780D4CB34201D10020F0BD04EBC305E3
:10AB30006F788F4206D114F83370874202D1AD7816
:10AB4000954203D1013303F00703EBE70120ECE763
:10AB5000EB140020EA140020AA1400202DE9F04F85
:10AB600087B0A84D02AF0146044606223846F9F7E1
:10AB70000DFDB5F800B06888B5F804904BEA0040C8
:10AB80004946FFF733FF94F802800190002800F057
:10AB90002581B4F804A0AE78AAEB09091FFA89F35D
:10ABA000002E00F0DF80A979C72B01F0F00900F238
:10ABB000BB802088B9F1000F7ED1834546460FD176
:10ABC00076B9012363F30711A971FFF747FF284600
:10ABD000FFF71CFDAB79A371304607B0BDE8F08FDD
:10ABE00097E8030004AE0490ADF8141096E8030053
:10ABF00094F8009094F801A0FFF7F8FE38B1B8F18E
:10AC0000000F04D1424651464846FFF785FF97E8BA
:10AC100003000490ADF8141096E80300FFF7E6FE79
:10AC20000746D8B1B8F1000F37D1424651464846E1
:10AC3000FFF772FF0646A0B90298FFF787FEC0F340
:10AC40000332032AC3B20ED8012A16D910F4706F4A
:10AC500018D0A27912F0F00F14D1BDE7B8F1000FAF
:10AC60001BD10026B8E7063202F00F02012A0ED9E6
:10AC70002046FFF7CBFC3E46AEE710F4706F01D0E4
:10AC8000002BA9D02033DBB2072BA5D9F0E7EF2B9F
:10AC9000A2D90F33DBB2022BF7E7AB79594843F067
:10ACA0000103AB71FFF7B2FC082200215548F9F708
:10ACB000E3FCFFF7D3FED4E783450ED1B8F1000FD4
:10ACC0000BD12046A171FFF7A1FC0822214628469E
:10ACD000F9F75CFCFFF7C2FE7EE72046FFF702FDB6
:10ACE000E8B1B8F1000F1AD0AB791F2B0CD9298825
:10ACF00004A8ADF810100021ADF814A08DF81210C2
:10AD00008DF81630FFF782FC082221463D48F9F7FE
:10AD10003DFCFFF7B3FEFFF7A1FE019E5CE7204676
:10AD2000FFF774FC012657E7B9F1000F0AD197E845
:10AD30000300FFF7F1FC2846FFF768FC08224946AC
:10AD40002846B4E723889B45C7D1B8F1000FC4D18A
:10AD50002046A171FFF75AFC082241462846F9F720
:10AD60008BFC39E7C72B2FD84646002ED7D0238837
:10AD70009B451CD1AB79DA0713D413F0F00210D045
:10AD8000F02AA37106D0DBB2C3F30312013262F3DF
:10AD90000713A3712046FFF739FC08222146194802
:10ADA00096E7082221461748F9F7F0FB14E72046FA
:10ADB000FFF798FC0028A7D1AB79204643F00103A8
:10ADC000AB71FFF723FC07E797E80300FFF7A4FC4C
:10ADD000082231462846F9F74FFC7BE7B8F1000F0F
:10ADE0009DD02046FFF77EFC0646002897D008221B
:10ADF00021462846F9F7CAFB2846FFF7E6F9FFF790
:10AE00003DFE67E7A2140020F0B587B06C4684E8E9
:10AE100003002046FFF7A2FE2C4F06462C4D50B1F2
:10AE200094E80300FFF7E2FD18B194E80300FFF790
:10AE300079FC284C43E0BDF8042004AB94E80300FF
:10AE400083E803000290002AF3D04FF6FF71BDF8AB
:10AE5000084038788C422A78EBD0441C04F0070470
:10AE600094420AD019461B4B082203EBC000F9F7A5
:10AE70008DFB3C70FFF7D2FDDBE7FFF70BFC0822F0
:10AE8000314615483E702E70F9F7F6FBD1E704EB1A
:10AE9000C000FFF763FEB0B12B7834F8330004EB49
:10AEA000C3035E889A88D98840EA064042EA014195
:10AEB000FFF738FC2B78013303F007032B70287859
:10AEC0003B788342E3D107B0F0BD00BFEA14002015
:10AED000EB140020AA140020A2140020024B01460B
:10AEE000186805F08FBB00BF68100020024B0146B8
:10AEF000186805F09FBB00BF68100020014B186860
:10AF000005F0B0BB68100020024B93F90000C0F3BD
:10AF1000C70070472C150020024B187800F007007E
:10AF2000704700BF2C150020034B187810F0070065
:10AF300018BF0120704700BF2C150020014B187866
:10AF4000704700BF2E150020024B1A78104318706E
:10AF5000704700BF2E150020024A137823EA000331
:10AF6000137070472E1500200022014B1A70704795
:10AF70002E150020024B1A7810431870704700BF3E
:10AF80002F150020024A137823EA0003137070473C
:10AF90002F1500200022014B1A7070472F1500203A
:10AFA000014B1878704700BF2D150020704708B579
:10AFB000FFF7FCFF08BD0000064A08B552785207AB
:10AFC00006D5054A1178814202D01070FFF7EFFFD5
:10AFD00008BD00BF043D00202D15002008B5044B1E
:10AFE0001A781AB100201870FFF7E1FF08BD00BF02
:10AFF0002D15002010B5124B124A1B781278124CF6
:10B000001343124A20681278037032B1134303705D
:10B0100005F06EFA08B1FFF7E1FF24682022204610
:10B020000B49F9F77FFA48B1214620220848F9F781
:10B03000ADFA2046BDE8104005F000BA10BD00BFD3
:10B040002E1500202F150020681000202D1500203F
:10B050000C150020704708B5FFF7FCFF08BD000085
:10B060000A4A10B5527852070CD5094C41EAC00182
:10B070002170FFF79FFB94F90000C0F3C700FFF7B2
:10B08000EAFF10BDBDE81040FFF794BB043D00206F
:10B090002C150020002008B5024B1870FFF7DBFFCD
:10B0A00008BD00BF2C15002008B50C4A92F90030ED
:10B0B00023EA000040B2107042070ED1DBB2834297
:10B0C0000BD0074B5B785B0707D5C0F3C700FFF7D2
:10B0D0007DFBBDE80840FFF7DDBF08BD2C15002053
:10B0E000043D0020094A08B55378C3F3800181422A
:10B0F0000AD060F382035370108800F041F8BDE875
:10B1000008400220FFF7D0BF08BD00BF043D00206B
:10B11000044B5878C0F3800080F0010000F001007B
:10B12000FFF7E0BF043D00200120FFF7DBBF002058
:10B13000FFF7D8BF704708B501F006FABDE8084030
:10B140004FF6FF71002001F0E1B908B5002001F0D1
:10B1500076F94FF6E763984203D1BDE8084004F062
:10B16000EDB8002008BD022001F05AB9032001F01B
:10B1700057B90146032001F0BBB9042001F05FB9C3
:10B180000146042001F0C2B90F2001F067B9014661
:10B190000F2001F0C9B908B50020FFF7F8FFFFF74D
:10B1A000C9FF08BD01460E2001F0A2B910B5044642
:10B1B0004FF45771132001F0B7F92046BDE8104055
:10B1C0004FF45772222101F079B9000010B5002424
:10B1D00001F0BAF94FF6E761002001F097F900217C
:10B1E000022001F085F90021032001F081F91A4BBA
:10B1F0004FF4A05104201C7001F088F9214606206C
:10B2000001F076F9FF21072001F072F921460820AC
:10B2100001F08AF921460D2001F06AF92146182033
:10B2200001F082F92146172001F062F921461C2025
:10B2300001F07AF92146202001F068F92146182012
:10B2400001F072F9FDF7E2FB204604F08FF804F0FC
:10B25000BCF8FFF7A0FF10BD72140020FFF7B6BFC7
:10B2600037B505F0AFFA0D4D04462B88834212D056
:10B270004FF6FF73ADF8003000238DF8023005F073
:10B28000A1FA40F00100ADF8040002AB13E903009D
:10B29000FEF772FF2C8003B030BD00BF3C150020CC
:10B2A00008B505F057FA024B1860024B186008BD4C
:10B2B000341500203815002008B505F04BFA024B74
:10B2C0001860024B186008BD3415002030150020AE
:10B2D000704770470120704708B5054800F090FAA4
:10B2E00001F030F9FFF7F4FFFBF752F808BD00BF9B
:10B2F000F9B700080120704708B5FFF7FBFF08BD4C
:10B3000008B5FBF77BFFFDF777F908BD08B500F03E
:10B3100083FAFEF701FFBDE8084003F04DBD08B514
:10B3200005F016FA04F061F8FDF75EFE04F080FB0C
:10B33000FEF744FDFFF7EAFFFCF744FC08BD000000
:10B340002DE9F04F85B0FFF7C5FF78B9FFF788FF0B
:10B3500003F0B4F904F0C2FB08B1FFF7ADFF00F051
:10B36000A1FF05B0BDE8F04FFEF7F0BEDFF8BC80EE
:10B37000FEF73EFD46460024E0B236F8025B00F0E0
:10B3800075FA062C4ED0854204F10104F4D0284B06
:10B390001B789B0701D500F06FFAFFF7ADFF002780
:10B3A00000900DF1080B5FFA87FA504600F05EFA44
:10B3B00038F8026B0546B0422ED000244FF0010948
:10B3C0004640B6B216EA090F1CD0009B15EA090FD9
:10B3D00014BF012200228BB18DF80A2001928DF852
:10B3E00008408DF809A005F0EDF940F00100ADF836
:10B3F0000C009BE80300FEF7BFFE019A2146504671
:10B4000003F0C4F80134E4B24FEA49030F2C1FFAE9
:10B4100083F9D7D128F8025C0137072FC3D1FFF792
:10B420003FFF95E78542B2D190E700BF3E1500206F
:10B430004C15002038B500F003F9B0F5A44F0446D0
:10B4400043D2B0F5A04F80F0AC80DF2816D8CC28CE
:10B4500000F28A80A7280AD8A42878D8012804D026
:10B46000031F9BB2A12B28BF0024204638BDA0F1AA
:10B47000A8039BB21A2B6FD90024F6E7B0F5804FD2
:10B4800019D2B0F5005F80F09C80E728EDD9A0F5D7
:10B4900080739BB2B3F5F85FEED2C0F3072000F0E3
:10B4A00055F90546E0B200F0CBF82D0205F4F85549
:10B4B0000543ACB2D9E7C0B200F0C2F804F470643E
:10B4C000044344F42044A4B2CFE7B0F5A54F21D201
:10B4D00045F25F23984251D845F23F2398420ED857
:10B4E00045F21F23984242D80124C0F3850300F09F
:10B4F0000300844044EA431444F40D44E3E7012488
:10B50000C0F3820300F00300844044EA431444F48F
:10B510000C44D8E745F2BF2398420AD845F29F234E
:10B52000984200F01F0034D84AF2F40444EA0024A0
:10B530009BE7A0F5A543403B9BB21F2B9CD8040280
:10B5400004F4F85444F4204444F0F0048DE7A0F1EE
:10B55000240444F48044B6E7224B5834E4B233F870
:10B56000144044F4884480E740F4A044ABE74AF236
:10B57000F10300F01F0443EA042476E70124C0F33A
:10B58000820300F00300844044EA431444F40A4474
:10B5900099E700F0DBF8040204F4F85444F4005492
:10B5A00063E700F01F0000F0D1F8C306C4F34314B2
:10B5B00048BF0001240200B2204340F4104084B28E
:10B5C00053E7C0F3042000F0C1F80546E0B200F0F4
:10B5D00037F82D0205F4F85545EA000444F4005408
:10B5E00071E700BF8C53010882B0ADF80410CBB2F4
:10B5F000C1F30721062905D80E2B12D81A4602B02E
:10B6000004F02BBCFD2906D1012B0AD801221946D2
:10B6100002B004F02FBCFC2903D1012B01D8002279
:10B62000F5E7002002B0704707B5ADF804100199A6
:10B63000FFF7DAFF03B05DF804EBFFF7FBBE000095
:10B64000E72850D8DF2807D8312865D00ED8292818
:10B6500058D02A2867D07047A0F1E003072B42D8C2
:10B66000DFE803F01541242933413D42392804D055
:10B67000822802D0352840D07047334B1A78920781
:10B680005CD15B7813F0080F18BF292070472E4A51
:10B690001378D9074ED4527812F0010F23D013F04B
:10B6A000100F08BFE32018BF00207047264B1B78FF
:10B6B00013F0040FF2E7244A137859073CD4527868
:10B6C000D2073BD413F0100FEDE71F4B5A789107C8
:10B6D00009D51B7813F0100F08BFE720E3E71A4BDA
:10B6E0001B781A07F6D47047174A1378190727D41E
:10B6F00052789107E6D5E4207047134B1B7813F07E
:10B70000200FC1E7104B1A7892061BD45B7813F018
:10B71000080F18BF392070470B4B1B7813F0400FF0
:10B7200018BF2A207047084B1B7813F0400F18BF32
:10B730003120704739207047E2207047E020704781
:10B74000E62070473520CEE7043D0020294A1378D3
:10B75000590707D500F01801082927D100F0F70094
:10B7600040F00400190707D500F01801182926D168
:10B7700000F0E70040F014005278D10707D500F040
:10B780001801082924D100F0F70040F001009207C9
:10B7900007D500F01802182A23D100F0E70040F086
:10B7A0001100DB0648BF00F0E700704700F014010D
:10B7B000042904BF00F0FB0040F00800D2E700F0CD
:10B7C0001401142904BF00F0EB0040F01800D3E787
:10B7D00000F01101012904BF00F0FE0040F0080054
:10B7E000D5E700F01102112A04BF00F0EE0040F08E
:10B7F0001800D6E7043D0020002070470020704765
:10B80000014B1860704700BF6C100020FFF793BC1D
:10B8100008B5FEF7FFF908BD08B5FFF796FC08B9B3
:10B82000FFF71CFDFFF79FFC084B1870FFF7A5FC06
:10B83000074B1880FFF7ECFFFFF798FCFEF787FF38
:10B84000044B1878BDE80840FEF79DBF4C1500205A
:10B85000043D002076140020704708B5FFF7FCFF78
:10B8600008BD704708B5FFF7FCFF08BD014B33F872
:10B8700010007047143D002070474FF4076005F03A
:10B8800025BD00BF00BF00BF00BF00BF00BF00BF9D
:10B8900000BF00BF00BF00BF00BF00BF00BF00BFB0
:10B8A00000BF00BF00BF704708B5FFF7E6FF08BD47
:10B8B000704700002DE9F04107460E461446DFF8B8
:10B8C000508033B1012388F8003004F043FF114B5E
:10B8D000186098F800501DB900252846BDE8F08191
:10B8E0000C4B186804F07AFF0428F5D9640022464E
:10B8F00039463046F8F716FE40B122463946304602
:10B90000F8F744FE002388F80030E6E70546F9E73B
:10B910004D1500205015002008B505F06FFAFFF70F
:10B92000FEFCBDE8084005F07FBA08B505F082FAD4
:10B93000FFF706FDBDE8084005F07EBA08B504F043
:10B94000D4FE05F059FAFFF7C7FCFFF7E5FFFFF754
:10B95000ECFFFFF7D5FCFAE70346DA680846511C0E
:10B9600010B4D96019698A4207D21C681CB15968A1
:10B97000234610BC18479B68985410BC70472DE9AB
:10B98000F047DDF820A005461AF0030F0F461446D5
:10B990001E46D0F80C8010D03C44BC420FD11AF0A7
:10B9A000020F16D1BDE8F08720212846FFF7D4FF0B
:10B9B00009F10109B145F7D3EEE79146FAE72846C8
:10B9C00014F8011DFFF7C8FFE7E720212846FFF71D
:10B9D000C3FFEB68A3EB0803B342F6D3E2E72DE91C
:10B9E000F04F0D468BB01E46DDE914839446169C3D
:10B9F00002A9F5B9270517D4302201258DF80820B2
:10BA000024F01004A20762D404F0010743B1002F10
:10BA10005DD0BCF1000F02D114F00C0F00D0013B3F
:10BA20002A464FF0300E29E0102EEBD124F01004FE
:10BA3000E8E714F0200F14BF4FF0410E4FF0610EF5
:10BA40002A4689460025AEF10A0EB2FBF6FA06FB3D
:10BA50001A2B5FFA8BF7BBF1090F94BF303777448D
:10BA6000FFB2964205F1010509F8017BCAD8202DE5
:10BA7000C8D05246E9E702F801E001321FB1934213
:10BA800001D9202AF7D1302701E0575401329045DF
:10BA900001D9202AF9D1082E03D1954238BF24F0CC
:10BAA000100442F210073C424AD0270532D48AB330
:10BAB000904501D09A422DD1954253D2013A29D0D6
:10BAC000102E24D0022E32D1954222D303E02A46F2
:10BAD000D9E7022E2BD11F2A3ED802F12805622673
:10BAE0006D4421E01F2A37D802F1280558266D44FD
:10BAF0001AE0660704D502F128052B266D4428E0DC
:10BB0000250729D502F1280520266D4421E095421C
:10BB100002D2013A102EDCD1A706E3D41F2A1BD88B
:10BB2000782602F128056D4405F8206C01321F2AA1
:10BB300012D8302602F128056D4405F8206C013238
:10BB40001F2A09D8BCF1000FD3D02D2602F12805F9
:10BB50006D4405F8206C01320094FFF710FF0BB024
:10BB6000BDE8F08F102EADD1D6E700002DE9F04FE3
:10BB700083460D461446DFF8D4A289B02978A9B9C6
:10BB8000DBF800306BB9DBF8102052B1DBF808109D
:10BB900039B1DBF80C30934228BF02F1FF330022A9
:10BBA000CA54DBF80C0009B0BDE8F08F252905F177
:10BBB000010503D05846FFF7CFFEDFE74FF0000C3A
:10BBC00006E02D2B15D0302B0CD14CF0010C0D467E
:10BBD000294611F8013B2B2B0ED0F2D8202B0ED08A
:10BBE000232B0FD0A3F13002092A28D800260A27D8
:10BBF0000FE04CF0020CEAE74CF0040CE7E74CF0E5
:10BC0000080CE4E74CF0100CE1E7154607FB06369C
:10BC1000303E2A4612F8013BA3F130010929F4D93C
:10BC20002B782E2B45D16A786B1CA2F130010929A3
:10BC30004CF4006C35D84FF000080A2711E02A2B8D
:10BC400008D154F8046B0D46002EBCBF4CF0020C1A
:10BC50007642E5E70026E3E70B4607FB0828A8F154
:10BC60003008194611F8012BA2F13005092DF3D93E
:10BC70001D4615F8012B6C2A26D01ED8682A2AD01A
:10BC80006A2A31D01D4615F8011B782992D86129FE
:10BC90002DD825298ED058298CD14CF0200C10237A
:10BCA0006FE02A2A06D154F8043B23EAE378AB1C60
:10BCB000DEE72B464FF00008DAE7742A01D07A2A33
:10BCC000E0D14CF4007CDEE75A786C2AF9D14CF4D0
:10BCD000C06C9D1CD7E75A78682A02D04CF0800CC3
:10BCE000D1E74CF0C00CF4E74CF4806CCBE7A1F149
:10BCF0006203162B3FF65EAF01A252F823F000BF9D
:10BD00005DBD00081DBE00085DBD0008B5BB000894
:10BD1000B5BB0008B5BB0008B5BB00085DBD000899
:10BD2000B5BB0008B5BB0008B5BB0008B5BB000833
:10BD3000B5BB00085DBD000823BF0008B5BB000807
:10BD4000B5BB00086FBE0008B5BB00085DBD0008AC
:10BD5000B5BB0008B5BB00085DBD0008642901D073
:10BD6000692901D14CF4804C782998D0582994D075
:10BD70006F2900F0ED80622900F0EC800A232CF09E
:10BD8000100C1CF4006F18BF2CF0010C1CF4804F39
:10BD90000CF4806222D0002A7FF4F0AE1CF4007F05
:10BDA00004F104070FD0216800294FEAD172CDF8C1
:10BDB00008C00196CDF80080B8BF49425846FFF749
:10BDC0000EFE3C46DAE61CF0400F216801D049B275
:10BDD000EAE71CF0800F18BF09B2E5E7002A7FF4FC
:10BDE000CDAE1CF4007F2CF00C0004F1040705D04C
:10BDF00002900196CDF800802168DFE71CF0400F2B
:10BE0000216806D0C9B2002202900196CDF80080C8
:10BE1000D4E71CF0800F18BF89B2F4E71CF00208C9
:10BE200023D0012754F8041B5846C9B2FFF794FDEC
:10BE3000B8F1000F3FF4A2AEBE427FF69FAE2021C4
:10BE40005846FFF789FD0137F6E700BFC2530108E6
:10BE500020215846FFF780FD0137BE42F8D8002E5A
:10BE600006F1010708BF0227DCE74746F4E754F86C
:10BE7000049BB9F1000F08D1334606225146CDF894
:10BE800000C05846FFF77BFD78E6B8F1000F14BFFD
:10BE900042466FF000424F464A44397809B1BA42EF
:10BEA0000ED11CF40063A7EB0907059302D04745A8
:10BEB00028BF47461CF00203069312D13A4608E019
:10BEC0000137EAE7202158460792FFF745FD079A18
:10BED0000132B242F6D3F21BBE4238BF0022013714
:10BEE000174409F1FF3204E058460792FFF734FD8A
:10BEF000079A12F8011F39B1059B002BF4D0A8EB6B
:10BF0000020C19EB0C0FEFD1069B002B3FF436AE61
:10BF1000BE427FF633AE20215846FFF71DFD0137A4
:10BF2000F6E754F8041B4CF4005343F0010321B925
:10BF3000009305220A230849A3E702930A2300225B
:10BF4000019358461023CDF80080FFF748FD15E611
:10BF5000082316E7022314E7C953010830B50C463D
:10BF60000025002CB8BF6FF00044002808BF2C4605
:10BF700087B0114603901A4601A8019502950495D1
:10BF80000594FFF7F3FD07B030BD0CB407B504AB63
:10BF900053F8042B0193FFF7E1FF03B05DF804EBC6
:10BFA00002B07047164B1B78D90707D5154B187888
:10BFB00040007F281FD800B3C0B270479A0703D54E
:10BFC000104B18788000F4E75B0703D50D4B187809
:10BFD000C000EEE70C4B1B785BB10C4A09491278A4
:10BFE00008789342F4D25843C000B0FBF2F080B21C
:10BFF000DFE70820E0E77F2070470120704700BF9F
:10C000005E150020721000205F15002073100020C4
:10C01000144B1B78D90705D5134B18788008F8B155
:10C02000C0B270479A0703D50F4B18784008F6E75F
:10C030005B0705D50C4B18787F28F0D97F20704717
:10C040000A4B1B7853B10A4A074912780878934281
:10C0500036BF584380B2B0FBF2F0EDE70120DFE7D6
:10C06000012070475E15002076100020601500202A
:10C0700077100020CD2808B505D1FFF793FF404287
:10C08000294BD87008BDCE2802D1FFF78BFFF7E708
:10C09000CF2805D1FFF786FF4042234B9870F1E788
:10C0A000D02802D1FFF77EFFF7E7D92804D1FFF7A8
:10C0B000AFFF1D4B1871E5E7DA2803D1FFF7A8FFA2
:10C0C0004042F6E7DB2805D1FFF7A2FF4042164BBE
:10C0D0005871D7E7DC2802D1FFF79AFFF7E700F1A4
:10C0E0002F03DBB2072B08D801230F4AD13803FAFC
:10C0F00000F0537818435070C4E7DD2805D10B4A8F
:10C10000137843F001031370BCE7DE2804D1074A1B
:10C11000137843F00203F6E7DF28B3D1034A13781C
:10C1200043F00403EFE700BF581500205E15002020
:10C13000364BCD2893F902200AD193F90310002938
:10C140000CDA0021D97052B90021314A117006E091
:10C15000CE280DD193F903100029F2DC72B11A79BF
:10C160005B7913435AB2002B4FD12A4B1A70704798
:10C17000CF2806D1002AF1DA00229A7093F9032021
:10C18000E1E7D02802D1002AF6DCE7E7D92893F9C5
:10C19000041004D10029E1DD00211971DEE7DA285D
:10C1A00002D10029DADAF7E7DB2893F9051004D188
:10C1B0000029D3DA00215971D0E7DC2802D1002907
:10C1C000F8DCCBE700F12F01C9B2072907D801211C
:10C1D000D1388140587820EA01005870BEE7DD2848
:10C1E00005D10D48017821F001010170B6E7DE2884
:10C1F00004D10948017821F00201F6E7DF28ADD12A
:10C200000548017821F00401EFE770475815002038
:10C210005F150020601500205E15002008B504F0B1
:10C22000D1FA094BDA7899780A431CBF074A108083
:10C230001A795B7913431CBF054B18800248BDE88F
:10C24000084004F013B900BF581500205415002011
:10C2500056150020062208B500210548F8F70CFA0B
:10C260000023044A1370044A1370044A137008BD73
:10C27000581500205F150020601500205E15002075
:10C2800090F902305BB990F9033043B990F904306A
:10C290002BB990F90500003818BF01207047012024
:10C2A0007047000037B5554C062221466846F8F71E
:10C2B0006DF900239DF80220A370E3702371637170
:10C2C0009DF8033013430AD04D4B188804F07FFAD1
:10C2D0004C490B783BB34C4A127890422CDC9DF8C9
:10C2E00004209DF8053013430BD0484B188804F008
:10C2F0006EFA47490B78002B4AD0464A1278904292
:10C300004FDC69463D4804F0C1F918B93B48FFF7D6
:10C31000B7FF08B1FFF782FF062269463748F8F7F2
:10C3200035F903B030BD0A253B4A12786A43904282
:10C33000D5DD01330B7001E0FF2BFAD19DF90250DE
:10C340003DB1FFF72FFE002DCCBF0123FF23584343
:10C35000A0709DF903503DB1FFF724FE002DCCBF26
:10C360000123FF235843E07094F90220002AB6D03D
:10C3700094F90330002BB2D0B5214A434B4312123B
:10C3800008BF01221B1208BF0123A270E370A6E7B9
:10C390000A25224A12786A439042B2DD01330B70BB
:10C3A00001E0FF2BFAD19DF904503DB1FFF730FEBB
:10C3B000002DCCBF0123FF23584320719DF9055068
:10C3C0003DB1FFF725FE002DCCBF0123FF235843CD
:10C3D000607194F90420002A93D094F90530002B61
:10C3E0008FD0B5214A434B43121208BF01221B12C2
:10C3F00008BF01232271637183E700BF5815002035
:10C40000541500205F1500207110002056150020E3
:10C41000601500207510002070100020741000209E
:10C42000002307B5014601220DF107008DF8073002
:10C4300000F08CF89DF8070003B05DF804FB0023C2
:10C4400007B5014602220DF10600ADF8063000F0F6
:10C450007DF8BDF8060003B05DF804FB07B50422C3
:10C46000002301460DEB0200019300F06FF80198E4
:10C4700003B05DF804FB07B501228DF807100146F3
:10C480000DF1070000F067F803B05DF804FB07B595
:10C490000222ADF8061001460DF1060000F05BF82F
:10C4A00003B05DF804FB07B50422019101460DEBD2
:10C4B000020000F050F803B05DF804FBF8B5054643
:10C4C0001446D31D23F0070300AFADEB030D684600
:10C4D0000E4600F03BF8224669462846F8F722F857
:10C4E00020B122463146284600F035F8BD46F8BD59
:10C4F00038B50C460546FFF793FFA04205D021460C
:10C500002846BDE83840FFF7B6BF38BD38B50C4601
:10C510000546FFF794FFA04205D021462846BDE816
:10C520003840FFF7B4BF38BD38B50C460546FFF7B5
:10C5300095FFA04205D021462846BDE83840FFF7C8
:10C54000B2BF38BD00F014B900F038B80B46014650
:10C55000184600F04DB80B460146184600F09CB84E
:10C5600008B5064B4FF4805218460021F8F784F8BE
:10C5700041F2080200F580531A6008BD68150020DA
:10C5800010B5054C23792BB900F06BF908B10120E7
:10C59000207110BD0220FCE76825002010B5064C74
:10C5A000237933B100F067F910B100230120237122
:10C5B00010BD0220FCE700BF6825002038B5FFF75A
:10C5C000DFFF044618B9FFF7E9FF204638BD00F049
:10C5D0004AF90546FFF7C4FF012C06D1FFF7DEFF3D
:10C5E00000280CBF002505F001052C46EDE70000F2
:10C5F00008B5034608469918B1F5805F05D8044987
:10C600001944F7F7C3FF012008BD0020FCE700BF75
:10C61000681500200000000038B500F024F9044639
:10C6200008B3FFF7ADFF4FF4007205461249002032
:10C6300000F03EF970B10EA3D3E900234FF480510E
:10C640000D4803F048F802460B464FF4805000F0C6
:10C6500061F950B90024012D01D1FFF79FFF41F28C
:10C660000802064B1A60204638BD0224F3E700BFDB
:10C6700025232284E49CF2CB681500206825002045
:10C68000044B1B68B3F5005F01D3FFF7C5BF012062
:10C69000704700BF682500208318B3F5805F2DE93F
:10C6A000F34705460F4616461AD8304C00EB0408EF
:10C6B00041463846F7F736FF002854D0324639460F
:10C6C0004046F7F763FFFFF75BFF814630B104F5A3
:10C6D00080583EB9FFF7D4FF044639E0FFF75EFF0C
:10C6E00000243CE0052EB24628BF4FF0050A052283
:10C6F00000210DF10300F7F7BFFFC5F3024343EA42
:10C70000CA03524639468DF800300DF103002B0A5A
:10C710008DF801308DF80250F7F738FFDDE900237E
:10C72000D8F8000000F0F6F8044688B1D8F80030D8
:10C730000833C8F80030FFF7A3FF0128044604D1EE
:10C74000A6EB0A0655445744C3E7022818BF002445
:10C75000B9F1010F03D1FFF721FF0028C0D0204617
:10C7600002B0BDE8F0870124F9E700BF681500209A
:10C770007FB5FFF7F5FE00F06FF8044610B9FFF73C
:10C78000EFFE5BE04FF400720020314900F075F8D5
:10C790002F4D044610B9FFF7E3FEF0E72AA3D3E9D3
:10C7A00000234FF48051284602F095FF06460C46C0
:10C7B0004FF4805002A900F078F8DDE902239C4292
:10C7C00008BF964201D0FFF7CBFE41F2080469464C
:10C7D000204600F06AF8034640B3DDE9000350EA62
:10C7E000030220D010F0C00FCDE9020304F10804C9
:10C7F000C1B2C0F3811318D10A0400F47F46C0F31C
:10C80000074002F4E02230431043CA0800EBD10194
:10C81000B1F5805F0AD80DF10B012844F7F7B6FE99
:10C82000B4F5005FD3D1012300E00023094A14606E
:10C830003BB9FFF7F1FE04460028A0D0204604B023
:10C8400070BDFFF71DFFF6E725232284E49CF2CBA1
:10C85000681500206825002008B500F0CBF80120FD
:10C8600008BD0120704708B5002000F0C5F8B0FAF7
:10C8700080F0400908BD0120704738B5D5002A4630
:10C880000C4600F0D6F818B921462544A94203D138
:10C89000B0FA80F0400938BDD1E90023D243DB4330
:10C8A00041F8082B41F8043CF0E70122FFF7E5BF0F
:10C8B0002DE9F0470646884615460027C0B0202DD2
:10C8C000A94628BF4FF020094FEAC90A52466846D8
:10C8D00008EBC701F7F75AFE00246B464C450DD113
:10C8E00052466946304600F0C2F888B92D1B5644BE
:10C8F0002744E4D1012040B0BDE8F087D3E900012E
:10C90000C043C94343F8080B43F8041C0134E5E76E
:10C910000020F0E707B5CDE9002369460122FFF7C3
:10C92000C7FF03B05DF804FB00220823114601484D
:10C9300003F0EABC0C08004008B5FFF7F5FF30B182
:10C94000062003F01DFD03F053FD002008BD4FF04D
:10C95000FF30FBE738B503F0FDFE00F57A75FFF711
:10C96000E3FF78B1052003F00BFD03F01BFDC4B21B
:10C9700003F03EFD03F0EEFEA84206D214F00100E3
:10C98000EDD138BD4FF0FF30FBE76FF00100F8E765
:10C99000F7B51F468DF807100B0A090C0646154619
:10C9A0008DF804008DF806308DF80510FFF7BCFFF8
:10C9B000E8B104210DEB010003F006FD044648B97F
:10C9C00045B1022E0BD0032E0ED12846B9B203F08A
:10C9D00005FD044603F00CFD204603B0F0BD2846DB
:10C9E000B9B203F0F1FCF4E74FF0FF34F2E74FF097
:10C9F000FF34F1E703F04CBC00F58033B3F5002FB2
:10CA000010B5044612D283B283B9FFF7A3FF78B9F9
:10CA1000FFF792FF60B9034602462146D820FFF790
:10CA2000B7FF28B9BDE81040FFF794BF4FF0FF30C3
:10CA300010BD2DE9F04107460D461646FFF78AFF67
:10CA40000446804638B1324600212846F7F714FEE6
:10CA50002046BDE8F08133462A4639460320FFF7D9
:10CA600097FF04460028F3D032464146EDE72DE912
:10CA7000F04106460F46154675B9FFF76BFF0446B1
:10CA800038B9FFF751FF30B3042003F079FC03F00D
:10CA9000AFFC2046BDE8F0815FFA86F8C8F58078E3
:10CAA000A84528BFA846FFF755FF04460028F0D147
:10CAB000FFF742FF04460028EBD143463A46314691
:10CAC0000220FFF765FF04460028E2D147444644B0
:10CAD000A5EB0805D0E74FF0FF34DAE730B510F4E6
:10CAE0007F4F85B00190C0F30725C0F3074217D1EF
:10CAF00009B1304B9A5C8DF80C208DF80D208DF823
:10CB00000E2000209DF80C3063F307009DF80D30D7
:10CB100063F30F209DF80E3063F3174005B030BD6E
:10CB20009DF8044061B3234B9A5C0620FF236043C9
:10CB3000591BB0FBF3F06FF05403434303EB440382
:10CB400003EB4303DBB203FB05F4C3F1FF036B43C9
:10CB500024121B12C4F1FF04C3F1FF0351435443D9
:10CB60005343C1F30721C4F30724C3F30723D2B20D
:10CB7000062819D8DFE800F00608110F141806007F
:10CB800092B2D2E714461A468DF80C208DF80D406B
:10CB90008DF80E10B5E7134622460C461946F3E70A
:10CBA0001C4613460A46F9E713460A4621461C4628
:10CBB000EAE700BFFC530108012184B004B0FFF78D
:10CBC0008DBF012830B501D8C0B230BDB0F5F75FD8
:10CBD00088BFFF224FF001049EBF42090832D2B243
:10CBE000A3185910C3F34705C3F34F035B439BB22C
:10CBF000834205D96A1ED2B29442F1D9601EE3E79E
:10CC0000FF2902D06C1CE4B2F6E70846DDE700001D
:10CC1000074B188800EB402200EB820000F55850CB
:10CC2000193080B2188000EB1020C0B2704700BFEE
:10CC30007E10002010F0400316BFC2430246D2B25D
:10CC400010B502F00F0103B10131094CC2F301121A
:10CC500004EB42035B78594314F81230020603EBED
:10CC60002113DBB244BF5B42DBB283F0800010BD16
:10CC7000CF53010884B00190C0F30723124800EBA2
:10CC80004100E42190F869004843C2EB10201C30B9
:10CC90000028B8BF4042A3EBC00000B220EAE07019
:10CCA000584300128DF805000020019BDAB262F3B0
:10CCB0000700C3F3072262F30F20C3F3074363F3B4
:10CCC000174004B0704700BF500D002084B00190A1
:10CCD000C0F30743124800EB4100E42190F86900DB
:10CCE0004843C2EB10201C300028B8BF4042A3EBE1
:10CCF000C00000B220EAE070584300128DF8060030
:10CD00000020019BDAB262F30700C3F3072262F34B
:10CD10000F20C3F3074363F3174004B0704700BF0D
:10CD2000500D002084B0019000208DF80420019B5C
:10CD3000DAB262F30700C3F3072262F30F20C3F3F2
:10CD4000074363F3174004B07047000084B00190BC
:10CD50000B4800EB410090F8693000209B1A8DF8D9
:10CD60000430019BDAB262F30700C3F3072262F3D7
:10CD70000F20C3F3074363F3174004B0704700BFAD
:10CD8000500D002084B001900B4800EB410090F85A
:10CD90006A3000209B1A8DF80430019BDAB262F3EE
:10CDA0000700C3F3072262F30F20C3F3074363F3C3
:10CDB000174004B0704700BF500D002030B5134B32
:10CDC00085B03431019003EB4104A57803EB4103B6
:10CDD000A5F1200464B25B78002CBCBFC5F120042F
:10CDE00064B29A1A2244C0B210448DF804000020A4
:10CDF000019BDAB262F30700C3F3072262F30F204C
:10CE0000C3F3074363F3174005B030BD500D002056
:10CE100084B0019000209DF8102003EB430302EB47
:10CE200053038DF80430019BDAB262F30700C3F3B9
:10CE3000072262F30F20C3F3074363F3174004B0E4
:10CE400070471FB592B2019048B2002802FB02F26F
:10CE5000BCBF494248B2C0F1380000FB002080B29C
:10CE60001C46FFF7AEFE00EB4000044400208DF8A6
:10CE70000440019BDAB262F30700C3F3072262F3B6
:10CE80000F20C3F3074363F3174004B010BD000045
:10CE900084B0019003F13400104B03EB4003987809
:10CEA0005B782038703B4B4302FB003200209DF83A
:10CEB0000410002AB8BF7F3201EBE2128DF8042083
:10CEC000019BDAB262F30700C3F3072262F30F207B
:10CED000C3F3074363F3174004B07047500D0020BD
:10CEE00084B0019003F13400104B03EB40039878B9
:10CEF0005B782038703B4B4302FB003200209DF8EA
:10CF00000410002AB8BF3F3201EBA2128DF80420B2
:10CF1000019BDAB262F30700C3F3072262F30F202A
:10CF2000C3F3074363F3174004B07047500D00206C
:10CF300030B5174C85B03433019004EB4304657869
:10CF4000A378A5F1700464B2203B002C02FB03F32C
:10CF5000BCBFC5F1700464B2C4F1380201FB0232F7
:10CF600012EB4202C0B248BF7F3200EBE212002057
:10CF70008DF80420019BDAB262F30700C3F30722A5
:10CF800062F30F20C3F3074363F3174005B030BDCE
:10CF9000500D002030B50D4685B00190C4B210464A
:10CFA000FFF748FE124901EB450191F86920024460
:10CFB0000C20D2B2A2F180035BB2002BBCBFC2F145
:10CFC000800253B25B00DBB24343002004EB132327
:10CFD0008DF80430019BDAB262F30700C3F3072235
:10CFE00062F30F20C3F3074363F3174005B030BD6E
:10CFF000500D0020114B84B0019003EB410393F8D6
:10D000006910C0B28B1A5BB2002BBCBF521A53B26C
:10D010001822DBB2534300EB13208DF804000020EC
:10D02000019BDAB262F30700C3F3072262F30F2019
:10D03000C3F3074363F3174004B07047500D00205B
:10D04000C94384B00190C9B2C0F3074041430020F6
:10D0500009128DF80610019BDAB262F30700C3F3E0
:10D06000072262F30F20C3F3074363F3174004B0B2
:10D07000704784B0C9B20190C1F18201C0B20029E9
:10D08000A8BF40188DF804000020019BDAB262F3BB
:10D090000700C3F3072262F30F20C3F3074363F3D0
:10D0A000174004B0704784B003EB8302BDF8103022
:10D0B000019013449BB2FF2B28BFFF23DB43C0F337
:10D0C0000740DBB20344FF2B28BFFF2300208DF86D
:10D0D0000630019BDAB262F30700C3F3072262F362
:10D0E0000F20C3F3074363F3174004B070470029D0
:10D0F0001FB5B8BF4942002AB8BF524209B2090160
:10D1000012B2FF294FEA0212A8BFFF21FF2AA8BFCF
:10D11000FF22BDF8184009B21C4412B2A4B29142D9
:10D12000D4BF6418A418A3B2FF2B28BFFF23DB438E
:10D130000190DBB2C0F307400344FF2B28BFFF235D
:10D1400000208DF80630019BDAB262F30700C3F3CA
:10D15000072262F30F20C3F3074363F3174004B0C1
:10D1600010BD00001FB5482B0190C0F3074030D818
:10D17000BDF81840E31A9BB2FF2B28BFFF230831EC
:10D1800089B2102905D902F1080189B2112928BFF5
:10D19000FF23DB43DBB20344002AB8BF0332FF2B7B
:10D1A00028BFFF2300200C498DF80630497801EB99
:10D1B000A2028DF80420019BDAB262F30700C3F3E8
:10D1C000072262F30F20C3F3074363F3174004B051
:10D1D00010BDFF23D3E700BF243D002084B0BDF87D
:10D1E0001020C0F30741D31A9BB2FF2B28BFFF23A7
:10D1F000DBB2DA43D2B21144FF2928BFFF210190EC
:10D20000034400208DF804308DF80610019BDAB23B
:10D2100062F30700C3F3072262F30F20C3F307434F
:10D2200063F3174004B0704784B0BDF8102001903C
:10D23000D31A9BB2FF2B28BFFF23DB43C0F3074069
:10D24000DBB20344FF2B28BFFF2300208DF80630FC
:10D25000019BDAB262F30700C3F3072262F30F20E7
:10D26000C3F3074363F3174004B07047024B1A78C7
:10D2700010431870704700BF72250020012310B5BD
:10D28000044C06221C2104482370FFF75FF9002399
:10D29000237010BD72250020243D002010B50446E7
:10D2A00020B90029ACBF0020802010BD80EAE073C7
:10D2B000A3EBE0731BB2002903EB0102A7BFCB1A5B
:10D2C0005B015B1A5201ABBF93FBF2F392FBF3F3EA
:10D2D000C3F12003C3F160035BB2D8B2002CBCBF22
:10D2E0004042C0B2E1E730B5C0F3072585B0EB1A84
:10D2F00001901046DCB2FFF7D1FFC0EB801300EBCA
:10D3000083002044C0B2684300128DF8050000205D
:10D31000019BDAB262F30700C3F3072262F30F2026
:10D32000C3F3074363F3174005B030BD30B5C0F316
:10D33000074585B0EB1A01901046DCB2FFF7AEFF4F
:10D34000C0EB801300EB83002044C0B2684300129E
:10D350008DF806000020019BDAB262F30700C3F3E8
:10D36000072262F30F20C3F3074363F3174005B0AE
:10D3700030BD30B585B09DF82040C0F30725019041
:10D3800010461C1BFFF78AFF2C44E4B2201AC0B2DF
:10D39000684300128DF805000020019BDAB262F3A9
:10D3A0000700C3F3072262F30F20C3F3074363F3BD
:10D3B000174005B030BD30B585B09DF82040C0F3B2
:10D3C0000745019010461C1BFFF768FF2C44E4B290
:10D3D000201AC0B2684300128DF806000020019B9D
:10D3E000DAB262F30700C3F3072262F30F20C3F33C
:10D3F000074363F3174005B030BD1FB501901046D9
:10D400001C46FFF74BFF20448DF804000020019BD1
:10D41000DAB262F30700C3F3072262F30F20C3F30B
:10D42000074363F3174004B010BD1FB59DF81840C3
:10D43000019010461C1BFFF731FFE4B2241A0020B4
:10D440008DF80440019BDAB262F30700C3F30722B0
:10D4500062F30F20C3F3074363F3174004B010BD1A
:10D46000062208B51C210348FFF728F80022024BCA
:10D470001A7008BD243D00207225002084B004B03D
:10D48000FFF79ABB2DE9F74FDFF8CCA0C0EB0018EF
:10D490000AEB08035B5C0746FF2B0E462BD00025EA
:10D4A0002E4A90444FF0000BC5EB051403F13409EC
:10D4B0000AEB04010AEB4909144411F801EBBEF12F
:10D4C000FF0F0ED0E8B2874218D15FFA8BF0864288
:10D4D00014D118F806002030FF2828BFFF2008F8D4
:10D4E00006000BF1010BBBF10F0F04F10104E4D1B5
:10D4F0000135072DD6D103B0BDE8F08F0EF1340E03
:10D500000AEB4E0E9EF8010099F801C09EF802E069
:10D51000ACEB000C99F802000191A0EB0E0080B278
:10D5200040430CFB0C0080B20093FFF74AFB282815
:10D53000009B0199094AD4D894F800C0C0F1280092
:10D54000C0B2102894BF84440CF1100C6046FF2830
:10D5500028BFFF202070C4E7500D00207425002054
:10D5600010B5007800EB0010C0B200F11104E4B275
:10D57000532C214628BF5321FBF7C0F8522C8CBFF7
:10D580000020012010BDFFF76BBF000010B5084C54
:10D5900009232046032200F8013B0649F6F7F6FF6F
:10D5A000CC232371FF236371BDE81040FFF758BF00
:10D5B000243D00200E4501080020704770B5044648
:10D5C0000E461546FFF7F8FF054BC4EB04141C4448
:10D5D000A35DFF2B1EBF2B540130C0B270BD00BF36
:10D5E000500D0020014BDB68184700BFD8530108DD
:10D5F000522817B406DC054C6468A446019403B0B5
:10D6000010BC604703B010BC704700BFD85301087E
:10D610002DE9F04F0478804604EB0414E4B204F1E1
:10D620001106F6B2532EB34628BF4FF0530B2E4BC4
:10D63000DFF8B8901D8899F8043089B05B085D4325
:10D640002B4B0391C5F3072503EB440703F20F1A95
:10D65000E3B29B4506D8522E8CBF0020012009B0B2
:10D66000BDE8F08F14F80A2098F801301A4238D03B
:10D6700097F86A2097F86910203A92B202FB02F0FC
:10D68000703989B201FB010080B205920491FFF765
:10D6900098FA99F801C0034699F8020099F803E056
:10D6A000059A04994CEA002012B209B2DDF80CC0C8
:10D6B00040EA0E400095E047C0F307238DF81C00B8
:10D6C000C0F307408DF81D308DF81E000798FFF756
:10D6D000D5FEC0F30743C2B2C0F307212046FFF7CF
:10D6E00087FF02370134B3E72C3D0020243D0020A2
:10D6F000500D00200149FFF78BBF00BF73D3000816
:10D700000149FFF785BF00BFB7D300080149FFF704
:10D710007FBF00BF11CE00080149FFF779BF00BFEE
:10D720002BD400082DE9F04F0478804604EB041454
:10D73000E4B204F11106F6B2532EB34628BF4FF0FF
:10D74000530BDFF89890264B99F804501B886D080E
:10D750005D43244B85B00191C5F3072503EB4407D6
:10D7600003F20F1AE3B29B4506D8522E8CBF00205D
:10D77000012005B0BDE8F08F14F80A2098F80130B8
:10D780001A4228D099F8023099F8010099F803C09C
:10D7900097F86A2097F8691040EA0320203A703918
:10D7A0002B4640EA0C40DDF804C0E047C0F30723F5
:10D7B0008DF80C00C0F307408DF80D308DF80E0089
:10D7C0000398FFF75BFEC0F30743C2B2C0F3072123
:10D7D0002046FFF70DFF02370134C3E7243D002048
:10D7E0002C3D0020500D00200149FFF79BBF00BFDA
:10D7F000E7D200080149FFF795BF00BF2DD300080D
:10D800000149FFF78FBF00BF43CE00080149FFF772
:10D8100089BF00BFFBD300082DE9F74F0478074606
:10D8200004EB0414E4B204F11106F6B2532EB2462E
:10D83000894628BF4FF0530ADFF87C801F4A98F8CA
:10D840000450DFF87CB0AB08158803FB0555C5F321
:10D850000725E1B28A4506D8522E8CBF0020012050
:10D8600003B0BDE8F08F14F80B207B781A4220D06B
:10D8700098F8020098F801302A4643EA002398F805
:10D88000030043EA0040C847C0F307238DF80400B3
:10D89000C0F307408DF805308DF806000198FFF7BA
:10D8A000EDFDC0F30743C2B2C0F307212046FFF7E6
:10D8B0009FFE0134CDE700BF243D00202C3D002019
:10D8C0005F0E00200149FFF7A7BF00BF75CC00081D
:10D8D0000149FFF7A1BF00BFCDCC00080149FFF708
:10D8E0009BBF00BF25CD00080149FFF795BF00BFD2
:10D8F0004DCD00080149FFF78FBF00BF85CD00085F
:10D900000149FFF789BF00BFBDCD00080149FFF7FE
:10D9100083BF00BF95CF00080149FFF77DBF00BF5F
:10D92000F5CF00082DE9F04FDFF8C0A0304B9AF892
:10D9300004501B88AD085D430478C5F3072504EB4C
:10D940000414E4B204F111085FFA88F8814605F185
:10D95000400087B0B8F1530FC0B20391C34628BF4F
:10D960004FF0530BFFF766F9A0F180062846FFF74A
:10D9700061F9A0F1800776B27FB2E3B29B4507D888
:10D98000B8F1520F8CBF0020012007B0BDE8F08F26
:10D99000184AA15C99F80120114224D09AF802207B
:10D9A0009AF801009AF803C040EA022031463A464C
:10D9B00040EA0C400095DDF80CC0E047C0F30723B7
:10D9C0008DF81400C0F307408DF815308DF816005F
:10D9D0000598FFF753FDC0F30743C2B2C0F3072118
:10D9E0002046FFF705FE0134C7E700BF243D0020B5
:10D9F0002C3D00205F0E00200149FFF793BF00BFC0
:10DA000091CE00080149FFF78DBF00BFE1CE0008AD
:10DA10000149FFF787BF00BF31CF00082DE9F04F64
:10DA20000478364D04EB0414E4B22F7904F11106A6
:10DA3000F6B20137532EB14628BF4FF05309FF2FDE
:10DA400028BFFF274FF6FF738046B3FBF7F785B07B
:10DA5000DFF8ACB0DFF8ACA00191E0B2814506D8A8
:10DA6000522E8CBF0020012005B0BDE8F08F14F8C5
:10DA70000B2098F801301A422DD09AF80030224934
:10DA8000013B5BB21A0628D53A462979A8780131BC
:10DA9000FF2928BFFF216B78514343EA0023E87830
:10DAA000C1F30F2143EA0040019B9847C0F30723CD
:10DAB0008DF80C00C0F307408DF80D308DF80E0086
:10DAC0000398FFF7DBFCC0F30743C2B2C0F30721A2
:10DAD0002046FFF78DFD0134BFE75A5C82420AD130
:10DAE00003F10C020AEB420292F801C092784CEA70
:10DAF0000222BA42C9D3013BC4E700BF243D002043
:10DB00005F0E0020303D0020413D00200149FFF71D
:10DB100085BF00BF41D000080149FFF77FBF00BFAC
:10DB200073D000082DE9F04F0C78824604EB041402
:10DB3000E4B204F11107FFB2532F3B4628BF532331
:10DB40008B468BB00293414B04921B780393404B5E
:10DB500003EB440803F20F130593029AE3B29A42CF
:10DB600006D8522F8CBF002001200BB0BDE8F08FEB
:10DB7000059BE25C9BF801301A4220D0D14600257B
:10DB80000322344908A8F6F701FD304B0AF10106DB
:10DB90001E44039A5FFA89F39A4214D82E4BD87820
:10DBA00045432D128DF822500898FFF767FCC0F30B
:10DBB0000743C2B2C0F307212046FFF719FD013425
:10DBC00008F10208C9E716F8013B98F8691098F8BF
:10DBD0006A20C91AF37989B2D21A92B202FB02F012
:10DBE00001FB010080B207920691FEF7EAFF1A4A94
:10DBF00009F10C0C92F804E0144A0EF1010EBEF18A
:10DC0000FF0F28BF4FF0FF0E02EB4C0C03469CF8B1
:10DC100001009CF802C0079A40EA0C200EFB00F0BD
:10DC200006998DF82250C0F30F20049D009012B287
:10DC3000089809B2A847C0F307238DF820008DF893
:10DC40002130C0F3074509F10109A2E7303D00206A
:10DC5000500D0020253D0020243D0020044B0146AE
:10DC60001B78044A013B23EAE373D8B2FFF75ABF9B
:10DC7000303D0020A7D000080146024A0020FFF7EF
:10DC800051BF00BFA7D00008044B01461B78044ACF
:10DC9000013B23EAE373D8B2FFF744BF303D0020D5
:10DCA000EFD000080146024A0020FFF73BBF00BF4B
:10DCB000EFD00008044B01461B78044A013B23EADD
:10DCC000E373D8B2FFF72EBF303D002065D10008C6
:10DCD0000146024A0020FFF725BF00BF65D10008BA
:10DCE000044B01461B78044A013B23EAE373D8B294
:10DCF000FFF718BF303D0020DDD100080146024A81
:10DD00000020FFF70FBF00BFDDD10008044B014624
:10DD10001B78044A013B23EAE373D8B2FFF702BF42
:10DD2000303D002029D200080146024A0020FFF7BA
:10DD3000F9BE00BF29D200082DE9F3411D4A04783D
:10DD40005378054604EB04149078E4B243EA0023C8
:10DD500004F11106D078F6B2532E43EA004037465C
:10DD600028BF5327FFF78AFBC0F307238DF8053040
:10DD7000DFF84480C0F307438DF804008DF80630C7
:10DD8000E3B29F4206D8522E8CBF0020012002B081
:10DD9000BDE8F08114F808206B781A4208D02046BC
:10DDA0009DF806309DF804209DF80510FFF720FC33
:10DDB0000134E5E7243D00205F0E00202DE9F0430B
:10DDC0000478DFF8B49004EB0414E4B204F1110514
:10DDD00085B0EDB2532D4FF0030209F10101064663
:10DDE00001A82F4628BF5327F6F7D0FB019899F8D2
:10DDF0000180FFF743FBC0F307238DF8093099F842
:10DE000004308DF8080098448DF80480C0F3074072
:10DE10008DF80A000198FFF731FBC0F307238DF856
:10DE20000D30DFF85880C0F307438DF80C008DF8F3
:10DE30000E30E3B29F4206D8522D8CBF0020012045
:10DE400005B0BDE8F08314F808307278134211D0A1
:10DE5000DB07204643BF9DF80E309DF80C209DF84F
:10DE60000D109DF80A305CBF9DF808209DF8091040
:10DE7000FFF7BEFB0134DCE7243D00205F0E0020ED
:10DE80002DE9F74F0478DFF8808004EB0414E4B246
:10DE900004F11105EDB2532D06464FF0030268461A
:10DEA00008F10101AA46DFF8649028BF4FF0530A39
:10DEB000F6F76CFB98F80470A9F1A50BBF08E3B264
:10DEC0009A4506D8522D8CBF0020012003B0BDE832
:10DED000F08F14F8092073781A4213D01BF814300D
:10DEE0001A0998F8013002FB07338DF800300098CA
:10DEF000FFF7C4FAC0F30743C2B2C0F307212046BC
:10DF0000FFF776FB0134DAE7243D00205F0E0020A6
:10DF10002DE9F74F0478DFF8848004EB0414E4B2B1
:10DF200004F11105EDB2532D06464FF00302684689
:10DF300008F10101AA46DFF8689028BF4FF0530AA4
:10DF4000F6F724FB98F80470A9F1A60BBF08E3B21A
:10DF50009A4506D8522D8CBF0020012003B0BDE8A1
:10DF6000F08F14F8092073781A4214D01BF814307B
:10DF700007FB03F298F8013003EB52138DF80030E1
:10DF80000098FFF77BFAC0F30743C2B2C0F3072142
:10DF90002046FFF72DFB0134D9E700BF243D0020C8
:10DFA0005F0E00202DE9F7430478DFF8B09004EB12
:10DFB0000414E4B204F11105EDB2532D4FF0030245
:10DFC00009F10101064668462F4628BF5327F6F798
:10DFD000DDFA234B99F80380188899F80430DB08A0
:10DFE0005843C0F30720FEF725FEA0F180035BB283
:10DFF000002BBCBFC0F1800043B25B00DBB208FB6A
:10E0000003F31B128DF802300098FFF737FADFF8A0
:10E010005480C0F307238DF80400C0F307408DF847
:10E0200005308DF80600E3B29F4206D8522D8CBF12
:10E030000020012003B0BDE8F08314F808207378B5
:10E040001A4208D020469DF806309DF804209DF81D
:10E050000510FFF7CDFA0134E5E700BF243D0020AD
:10E060002C3D00205F0E002037B5194B04460344B9
:10E0700093F80F31194229D0164B9A7859788DF8B8
:10E080000120DA788DF80220FEF7C2FD4FF4B47259
:10E0900001F1B403B3FBF2F502FB15335B1A48BF81
:10E0A000033300F003009B1003FB00138DF80030D6
:10E0B0000098FFF7E3F9C0F30743C2B2C0F30721AA
:10E0C000204603B0BDE83040FFF792BA03B030BD40
:10E0D000500D0020243D0020F8B50478837804EB2F
:10E0E0000414E4B204F111060546F6B2F3B9154B77
:10E0F000154A1B7912881033FF2B28BFFF23534387
:10E100000A22C3F30F23B3FBF2F102FB11339BB2DC
:10E110003BB9FEF77DFD5323584369780012FFF7A2
:10E12000A3FF522E8CBF00200120F8BD532E37468E
:10E1300028BF5327A742F4DD20466978FFF794FFF4
:10E140000134F7E7243D00202C3D002013B5134B8C
:10E150000446034493F80F3119421CD0FEF758FDD2
:10E160008DF80000FEF754FD40F357037F338DF820
:10E1700001300B4BDB788DF802300098FFF77EF909
:10E18000C0F30743C2B2C0F30721204602B0BDE886
:10E190001040FFF72DBA02B010BD00BF500D002097
:10E1A000243D0020F8B586780546E6B91A4B1B4A8F
:10E1B0001B7912881033FF2B28BFFF2353430522FE
:10E1C000C3F30F23B3FBF2F202EB82029B1A9BB262
:10E1D0003BB9FEF71DFD5323584369780012FFF742
:10E1E000B5FF3046F8BD047804EB0414E4B204F142
:10E1F0001106F6B2532E374628BF5327A74204DC38
:10E20000522E8CBF00260126EBE720466978FFF7E7
:10E210009DFF0134F2E700BF243D00202C3D00208B
:10E220002DE9F7430478DFF8B09004EB0414E4B26E
:10E2300004F11105EDB2532D4FF0030209F1010174
:10E24000064668462F4628BF5327F6F79FF9234B0B
:10E2500099F80180188899F80430DB085843C0F316
:10E260000720FEF7E7FC0C22A0F180035BB2002B35
:10E27000BCBFC0F1800043B25B00DBB2534308EB8C
:10E2800013238DF800300098FEF796FCDFF85080DD
:10E29000C0F307238DF80400C0F307408DF8053064
:10E2A0008DF80600E3B29F4206D8522D8CBF0020A5
:10E2B000012003B0BDE8F08314F8082073781A42F7
:10E2C00008D020469DF806309DF804209DF80510E2
:10E2D000FFF78EF90134E5E7243D00202C3D0020B6
:10E2E0005F0E0020014B9B68184700BFD853010800
:10E2F0002DE9F04F037885B003EB03135FFA83FB3E
:10E300000BF1110A5FFA8AFA5346532B28BF5323A5
:10E310000093837807464BB1002211461046FFF761
:10E32000E1FF692200213A48F6F7A6F93B786BB97C
:10E33000384C208802F04BFA18288CBF01220022AA
:10E34000354B1A7002D902F03DFA208000252C4688
:10E35000A84603E0B8F1100F51D800242F49C5EBAF
:10E36000051901EB09031A191B5D01925B453ED3A8
:10E37000009A93423BD20B4493F80F217B7808F12B
:10E3800001081A425FFA88F831D0214B244A994497
:10E3900019F80460A6F1550323EAE373C3F1AA0355
:10E3A0008DF808309378D2788DF8093006F1AA03F9
:10E3B000FF2B28BFFF2303EB43030233DBB253439E
:10E3C0001B128DF80A300298FFF758F8C0F3074384
:10E3D000C2B2C0F3072101980078FFF709F90E4B8C
:10E3E0001B7823B1013E26EAE67609F80460013481
:10E3F000E4B20F2CB2D10135EDB2072DAAD1BAF19A
:10E40000520F8CBF0020012005B0BDE8F08F00BF87
:10E4100074250020DE25002071250020500D0020ED
:10E42000243D00202DE9F04F524B87B0DC78524E4E
:10E4300004EB44034FEAA30B9B080293FF23B3FBB7
:10E44000F4F3019383785BB1002211461046FFF785
:10E4500049FF692200214948F6F70EF9002333707D
:10E460000025474FDFF814A13B7801333B70D046BD
:10E470004FF0000932785FFA89F31A4363D10393AE
:10E48000F6F740FA3F4B9842039B5CDC8AF8004069
:10E490002946184604AAFFF791F898B198F8002089
:10E4A000029B9DF810009A425CD9A2EB0B030BFB78
:10E4B00003F3A4EB0B0293FBF2F32246DBB2194603
:10E4C000FFF796F809F10109B9F1070F08F10F08F4
:10E4D000D0D10135EDB20F2D0AF1010AC7D13B7839
:10E4E000019A934204BF00233B7033780133DBB2BF
:10E4F0001C2B3DD900233370234E06233546671E5F
:10E50000304629460F22062B04D190F800C06445FE
:10E5100008BF077011F80FCC013AA44524BF01F8D9
:10E520000F7C0C7012F0FF0201F1010100F10100FB
:10E53000E9D1013B13F0FF03A5F10F05E0D1002065
:10E5400007B0BDE8F08F98F80020002AA0D09442D0
:10E550009ED939780198814204BF02F1FF3288F8D0
:10E56000002095E76243B2FBFBF20023D2B2A6E79C
:10E570003370E4E7243D002073250020742500203B
:10E580007025002054555505CE2500202DE9F04F6B
:10E5900085B006460F461546FCF7ACFE80460028BF
:10E5A00052D0002D53D03946304602AAFFF706F864
:10E5B0000446DFF8D49099F800302344082B23DD7B
:10E5C000C4F1080A611C5246494409F10100F5F7FB
:10E5D000DDFF04F109015246494409F10900F5F74C
:10E5E000D5FF09EB44014FEA4A02193109F119003C
:10E5F000F5F7CCFF04F111015246494409F111002D
:10E60000F5F7C4FF89F800A0002299F800C0114670
:10E610009146DFF874E00DF1080BD0B200EB0C036B
:10E62000DBB28442019314D86444E4B209B1164BBE
:10E630001C704DB1154B1B7803F0FC037C2B03D1F0
:10E6400039463046FEF71EFF05B0BDE8F08F2C4678
:10E65000AFE7019B1BF801AB0EEB03000C4B0AF17B
:10E66000340103EB41014B7889784370019B41727F
:10E670000C330EEB4303414680F811A083F8019060
:10E6800083F802900132C8E7E0250020243D0020F5
:10E69000500D00200120704708B5FFF7FBFF08BDB3
:10E6A00008B5017801EB0111C9B2A1F1110053299C
:10E6B00028BF5321C0B2F9F7C3FE08BD2DE9F04FC2
:10E6C0008D4C89B0206802F089F8054602F042F8C6
:10E6D00020600024894EA44696F800E0C5F57F47E7
:10E6E0007146FF37E3B29E4519D8BCF1000F00D048
:10E6F0003170DFF80CA2834C9AF8003013F003025B
:10E7000018BF9B08019218BF01932378032B00F2D6
:10E710002083DFE813F01C0029002503320304F1F5
:10E720000C0206EB4202537892F80280013443EA6D
:10E7300008239F4229BF5B1901F1FF315370C3F3D6
:10E7400007233ABF4FF0010CC9B29370CAE7002209
:10E750006D4B6A491A706D4B292218606C48F5F7A9
:10E7600015FF01232370F4E26A4B019A1B78934250
:10E7700048D1694A9AF80030127803F003039B1AD3
:10E7800018BF0123604C6278A3709AF805309A4252
:10E7900005D00022114610466370FFF7A3FD019BD0
:10E7A0002D2B3AD8DFE813F030003B004000440046
:10E7B00048004C005000540058005C0060006400A9
:10E7C00068006C007000740078007C008000840099
:10E7D00088008C009000940098009C00A000A40089
:10E7E000BA001001F80197029B029F02A302A70240
:10E7F000AB02AF02B302B702BB02BF02C302C70241
:10E80000CB02CF020123BDE7A478002C00F00481E5
:10E81000002211461046FFF765FD0024FCE03A484F
:10E82000FFF78AFA0446F7E03748FFF7C7FAF9E737
:10E830003548FFF725FBF5E73348FFF769FBF1E7BC
:10E840003148FFF7AFFBEDE72F48FFF73BF8E9E76B
:10E850002D48FFF73DF8E5E72B48FEF7C5FFE1E758
:10E860002948FEF7C7FFDDE72748FEF743FFD9E752
:10E870002548FEF745FFD5E72348FFF72FF8D1E7F6
:10E880002148FFF731F8CDE71F48FFF733F8C9E714
:10E890001D48FFF735F8C5E71B48FEF737FFC1E70E
:10E8A0001948FEF7ADFFBDE71748FEF7AFFFB9E720
:10E8B0001548FEF731FFB5E71348FFF79DF8B1E7BC
:10E8C0001148FFF79FF8ADE70F48FFF7A1F8A9E758
:10E8D0000D48FFF701FCA5E70B48FFF763FCA1E734
:10E8E0000948FFF79DFC9DE70748FFF70FF899E7F8
:10E8F0000548FFF711F895E734270020E0250020B0
:10E90000243D00207D100020781000202C3D0020A8
:10E91000303D00207B1000207C100020964F974E49
:10E9200025783A683368013505EB05159A42EDB252
:10E9300025D9FEF76DF953235843914B4FEA202810
:10E9400003EB202090F80F2163781A4217D0FEF7CE
:10E950005FF9820718D500231A4619464046FEF78C
:10E9600047FE9AF804304FF4FA721033FF2B28BF99
:10E97000FF231B09B2FBF3F33A6813443360522DB3
:10E980008CBF0024012447E0FEF742F98DF81800FF
:10E99000FEF73EF99AF8033040F357007F308DF8C8
:10E9A0001A308DF819000698FEF768FDC0F30721AC
:10E9B000C0F307438DF81D108DF81E308DF81C0034
:10E9C000DBB2C2B2C9B2C9E7DFF8B8916A4BD9F875
:10E9D00000201B689A423FF620AFA3786A4D002BB7
:10E9E00034D12078DFF8A4B100EB0010C0B200F100
:10E9F00011085FFA88F84646532E28BF532600EBCD
:10EA000040072F44C3B29E425AD8B8F1520F94BF68
:10EA10000124002400F290805D4B1A7801321A70B4
:10EA2000002C40F0998102215A4A9B781170002BEA
:10EA300040F09281019B002B00F08981FFF72CFEB2
:10EA4000534809B0BDE8F04FFFF72ABE0022002668
:10EA500011461046FFF746FC2F46B046FEF7D8F8A1
:10EA600083070BD587F8008087F8018087F802803C
:10EA70000136532E07F10307F0D1B2E7FEF7C8F8CD
:10EA80008DF81C00FEF7C4F89AF8033040F35700E5
:10EA90007F308DF81E308DF81D0006EB4603079879
:10EAA00005EB030B0293FEF787F8029BE854C0F3D3
:10EAB0000723C0F307408BF801308BF80200D7E73B
:10EAC00010F80B2063781A4206D0BB783A78797830
:10EAD0000290FEF78DFD02980337013092E701EBBB
:10EAE0004100013101EB4101032229442844F5F79B
:10EAF0004DFDF9B2B14207F10107F0DBFEF788F8EE
:10EB000010F0020F4FEA460119D000230E44AA1953
:10EB1000AB55537093709AF8043040F6B832103306
:10EB2000FF2B28BFFF231B09B2FBF3F3124A126825
:10EB30001344C9F800306FE70027013ED9E7FEF71C
:10EB400067F88DF81C00FEF763F89AF8033040F37D
:10EB500057007F308DF81E308DF81D0007980E4449
:10EB6000FEF72AF8AF19A855C0F30723C0F30740F2
:10EB70007B70B870CFE700BF2C3D002040270020FD
:10EB8000500D00203C2700203A2600205F0E002078
:10EB9000781000207D100020A37823B100221146B8
:10EBA0001046FFF79FFB2078013000EB0010C3B246
:10EBB0000493784B1A68784B1B689A4276D99AF876
:10EBC00002009AF80130DFF8D48143EA00239AF872
:10EBD0000300734D43EA0040FEF750FCC0F30726E4
:10EBE000C0F307478DF81D608DF81E708DF81C006E
:10EBF000C4B2F6B2FFB24FF0000B05F10E09039557
:10EC0000CDF80880029A12F8013B0292039A12F89A
:10EC1000010B0392002B4CD03B4622463146FEF7B7
:10EC2000E7FC3B462246314699F80000FEF7E0FC3F
:10EC3000029B0BF1010B1B78029A5FFA8BFBBBF175
:10EC4000060F02F8013C09F1FF39DBD198F8069074
:10EC5000A879B9F1000F35D03B4622463146FEF780
:10EC6000C7FC3B4622463146287AFEF7C1FCFDF739
:10EC7000CFFF10F0030F0CBF0123002388F80630EC
:10EC8000484B0F35AB4208F10708B4D19AF804306D
:10EC900040F6B8321033FF2B28BFFF231B09B2FB0D
:10ECA000F3F33C4A126813443B4A1360049B522B13
:10ECB00066E61A4619460593FEF79AFC059B1A4626
:10ECC0001946B1E74B464A464946FEF791FC4B468A
:10ECD0004A464946C8E73448FFF70AFBA2E53248EE
:10ECE000FFF7A0FB9EE53048FEF710FF9AE52E489F
:10ECF000FEF712FF96E52C48FEF7B0FF92E52A4892
:10ED0000FEF7BAFF8EE52848FEF7BEFF8AE52648E3
:10ED1000FEF7C8FF86E52448FEF7CCFF82E52248CF
:10ED2000FEF7D6FF7EE52048FEF7DAFF7AE51E48BB
:10ED3000FEF7E4FF76E51C48FEF7E8FF72E51A48A7
:10ED4000FEF7F2FF6EE51848FEF70AFC6AE50323BA
:10ED5000137009B0BDE8F08F019B002BF9D06DE670
:10ED6000019A124B1A709AF80030114AC3F301034A
:10ED70001370FEF737FC0323F4E40E4B1B780BB142
:10ED8000FEF76EFB034B186801F028FD0F28E0D951
:10ED90000023E7E42C3D002038270020092600202E
:10EDA000500D0020B90D0020781000207B100020AD
:10EDB0007C1000207225002010B50024114B1B6828
:10EDC000984711481022FF2100F8194BF5F754FC21
:10EDD0000E481022FF2100F8194BF5F74DFCFCF707
:10EDE000B4F918B9FCF73AFAFEF7D0FBFEF746FA89
:10EDF000074B1B7813F0FC0F03D1BDE81040FEF762
:10EE0000C5BB10BDD8530108303D0020E0250020CF
:10EE1000243D002070470000044A137883F001036A
:10EE200013700022024B1A70FEF720BA243D002016
:10EE30007D1000200020FFF7EFBF0120FFF7ECBF9F
:10EE4000064A137813F0030304BF05490B70012130
:10EE5000137861F301031370704700BF243D002055
:10EE60007D100020054B1A7892071EBF0021044A2E
:10EE700011701A786FF301021A707047243D002058
:10EE80007D10002008B5FFF7EDFFBDE80840012028
:10EE9000FEF7ECB9024B187800F00300704700BF92
:10EEA000243D002010B40B4C0246237808469907F5
:10EEB0000ED04AB9012262F3870300222370064B69
:10EEC0001A7010BCFEF7D2B92D2A88BF2D22F2E7A6
:10EED00010BC7047243D00207D1000200021FFF76A
:10EEE000E1BF0121FFF7DEBF014B187880087047B2
:10EEF000243D0020054B01461B789B0801332E2B37
:10EF000034BF18460120FFF7CDBF00BF243D0020CD
:10EF10000120FFF7EFBF0000064B01461B78C3F34B
:10EF20008503013B13F0FF0314BF18462D20FFF7A4
:10EF3000B9BF00BF243D00200120FFF7EDBF000056
:10EF400030B4084C0546184623789B0708D0962A0B
:10EF500028BF96226570A170E27030BCFEF786B9BA
:10EF600030BC7047243D00200023FFF7E9BF012398
:10EF7000FFF7E6BF07B50322094901A8F5F706FB2D
:10EF800000209DF8043063F307009DF8053063F31B
:10EF90000F209DF8063063F3174003B05DF804FBC3
:10EFA000253D0020014B5878704700BF243D0020CC
:10EFB000014B9878704700BF243D0020014BD87862
:10EFC000704700BF243D0020034903464878CA78B3
:10EFD00029308978FFF7B4BF243D00200120FFF7D6
:10EFE000F3BF0000054910B44C780346293CCA78A9
:10EFF000A0B2897810BCFFF7A3BF00BF243D00205A
:10F000000120FFF7EFBF000010B4064C0346A178C3
:10F01000E2780131FF2928BFFF216078C9B210BC16
:10F02000FFF78EBF243D00200120FFF7EDBF000059
:10F0300010B4064C0346A178E278013921EAE17167
:10F040006078C9B210BCFFF77BBF00BF243D002031
:10F050000120FFF7EDBF000010B4064C0346E27834
:10F06000A1781E32FF2A28BFFF226078D2B210BCDE
:10F07000FFF766BF243D00200120FFF7EDBF000031
:10F0800010B4064C0346E278A1781E3A22EAE272F6
:10F090006078D2B210BCFFF753BF00BF243D002000
:10F0A0000120FFF7EDBF0000024B18710020FEF7B2
:10F0B000DDB800BF243D0020024B18710120FEF78F
:10F0C000D5B800BF243D0020014B1879704700BF20
:10F0D000243D0020044A13793333FF2B28BFFF233C
:10F0E0001371FEF7C3B800BF243D00200120FFF7D5
:10F0F000F1BF0000034A1379333B23EAE373137132
:10F10000FEF7B4B8243D00200120FFF7F3BF70479D
:10F1100030B5044D00EB40002C186170A3702A54E8
:10F1200030BD00BF593D002070B5134605460E4660
:10F1300000242046324629460134FFF7E9FF532CCC
:10F14000F7D170BD5321014800F098B8593D002017
:10F1500000B110470847000038B58C780546002CF0
:10F1600044D0FBF7EBFEA5F5F043203B00F0220076
:10F17000142B0FD8DFE803F00B1015181B1E2124E9
:10F18000272A2D303436380D0D0D0D0D0D00FFF7EB
:10F1900054FE0024204638BD154A1649FFF7D8FF13
:10F1A000F7E7144A1249F9E7134A1449F6E7134AF4
:10F1B0001149F3E7124A1349F0E7124A1049EDE703
:10F1C000114A1249EAE7114A0F49E7E7104A114983
:10F1D000E4E7104A0E49E1E70120FFF782FED8E795
:10F1E0000520FAE70D20F8E71220F6E70124D1E721
:10F1F00039EF000811EF000801F00008DDEF00080A
:10F2000051F0000829F00008A1F0000879F000088A
:10F2100009F10008EDF00008C1F10301490040FACE
:10F2200001F3022213F0010F14BF0E23082302FA88
:10F2300001F101421ABFA3F12000C0B243F08000E7
:10F240007047000010B50A4C40F282224FF4004192
:10F25000084803F0B2FB204602F038FF204606497A
:10F2600002F0BEFE2046BDE8104002F0D5BE00BF51
:10F270006840002000040040E85301082DE9F04FE9
:10F280002B4C064623780F4685B01BB9FFF7DAFFF3
:10F290000123237000254FF00C09DFF89880ECB2B1
:10F2A000BC4208D34FF48B61224A234805B0BDE825
:10F2B000F04F02F0CCBE002104EB440309FB04F440
:10F2C000F21892F801B092F802A0F35C221D4244B9
:10F2D0001846039202910193FFF79EFF0299039A49
:10F2E00001310429019B02F8010BF1D1002104F145
:10F2F00008034344584602930191FFF78DFF01999B
:10F30000029B0131042903F8010BF3D14FF0000BEC
:10F310000C34444459465046FFF77EFF0BF1010B75
:10F32000BBF1040F04F8010BF4D10135B7E700BFBE
:10F3300044270020452700206840002040F27E300E
:10F3400008B5FDF76DF8252801D0002008BD40F272
:10F350007F30FDF765F80928F7D14FF46070FDF7AD
:10F360005FF8A0F1120358425841EFE710B5041EB0
:10F3700014BF2521FF2140F27E30FDF7B9F8002CA3
:10F3800014BF0921FF2140F27F30FDF7B1F8002CB6
:10F3900018BF1221BDE8104008BFFF214FF4607074
:10F3A000FDF7A6B8704708B540F28130FDF738F890
:10F3B00008BD704710B50446FFF7FBFFE1B240F20D
:10F3C0008130BDE81040FDF793B808B50020FFF785
:10F3D000CDFF0020FFF7EEFF00F0BFFC00F084FD42
:10F3E000BDE808400120FFF7C1BF08B5FFF7DAFF0D
:10F3F000FFF7D9FFFFF7DDFFFFF7A0FF18B9BDE862
:10F400000840FFF7E2BF08BDFFF714BD08B503468B
:10F41000887840B1A3F5EE427F2A03D8D8B200F035
:10F420006FFD002008BD0120FCE710B503780446FD
:10F43000013B032B0BD8DFE803F0020B1215FFF79B
:10F44000BDFD9623C0EB0020B0FBF3F0607010BD53
:10F45000FFF720FD0028F9D0FFF746FDF6E7FFF79C
:10F4600033FEF3E7FFF79EFD6070FFF7A1FDA0708C
:10F47000EDE738B503780446013B032B2CD8DFE8D1
:10F4800003F002111E23FFF78DFD0546FFF790FDE7
:10F490009623627801465A43A8B2120ABDE8384062
:10F4A000FFF762BD43781BB9BDE83840FFF7DABC0F
:10F4B000FFF7C6FC6078BDE83840FFF70FBD407825
:10F4C000BDE83840FFF7F0BD45788478FFF776FD5A
:10F4D000214602462846E1E738BD034610F8022BD4
:10F4E000082A05D0092A05D0072A05D1FFF7C1BF90
:10F4F000FFF79BBFFEF747B8FF221A70704708B5A9
:10F500004378032B03D1BDE80840FFF7E6BFF7F7C8
:10F51000FFFD08BD2DE9F04104460D46F7F7DEFC7E
:10F52000002840F0D6802378013B142B48D8DFE830
:10F5300003F00B15425C626E71717176477C8086B8
:10F54000919C9FA2ADB8C100002363700C23A370EF
:10F5500029462046BDE8F04101F012BC6378013B2A
:10F56000032B2DD8DFE803F0020C0F2101F0F2F895
:10F57000030EA370030CE370030A23716071E7E7C5
:10F58000FFF711FFF4E72646A77804F11C08062FC1
:10F59000DED8F8B2FCF76AF9030AF370307102366C
:10F5A000B04507F10107F2D1D2E70023A370E37061
:10F5B00023716371CCE76378022B04D0052B10D044
:10F5C000FF232370C4E7E378A07840EA032023797F
:10F5D00040EA0340637940EA036000BAFFF7EAFEBD
:10F5E000B6E7A078FFF710FFB2E7E278A17860787D
:10F5F00000F046FBC0E762792379A17843EA022351
:10F600005BBAE27860789BB200F050FBA0E700F0B4
:10F61000A4FB9DE729462046FFF771FF98E70020ED
:10F62000FFF7A4FEFFF7D1FE92E700F02BFC60701D
:10F630008EE700F029FC030A6370A07088E7607809
:10F64000A378E17840EA032040BA221D80B200F09E
:10F650001EFC7DE76078A378E17840EA032040BA99
:10F66000221D80B200F02DFC72E700F03DFC6FE738
:10F6700000F0FAFADBE76078A378E17840EA03204B
:10F6800040BA221D80B200F0B7FB61E76078A37832
:10F69000E17840EA032040BA221D80B200F0C8FBA6
:10F6A00056E7E278A178003A18BF0122607800F0AE
:10F6B00012FB61E762792379A17843EA0223E278B9
:10F6C0005BBA003A18BF012260789BB200F025FBBC
:10F6D0003EE7BDE8F081F0B54518044619461046EE
:10F6E0000026AC4200D3F0BD14F8012B4FEA011CF8
:10F6F000424093184FEA021E41EB01004CEA127C93
:10F7000013EB0E0340EB0C004FEA421E9B184FEA2E
:10F71000411C41EB00004CEAD26C13EB0E0340EBB2
:10F720000C004FEAC21E4FEAC11C17024CEA526C91
:10F7300013EB0E034FEA012140EB0C0041EA12618A
:10F74000DA1940EB01013944B018CAE738B505466B
:10F750008878002800F0DC80A5F5E045ABB2222BCC
:10F7600000F2BB80FBF709FD6A4C013D2080212D92
:10F7700012D8DFE805F04DBD551B1F59235D692FD9
:10F78000B5336D3771973B759F417B8327612B653F
:10F79000477F8EA9B31651C5237843F00103237028
:10F7A00095E0637843F00803637090E0237843F0BA
:10F7B0000203F4E7237843F00403F0E7237843F0EF
:10F7C0000803ECE7637843F00103EDE7637843F067
:10F7D0000203E9E7237843F01003E0E7237843F0DE
:10F7E0002003DCE7237843F04003D8E7FAF752FF21
:10F7F000237843F08003D2E7237823F00C0343F00F
:10F800000C03CCE7637823F0030343F00303CBE757
:10F8100023786FF30003C2E763786FF3C303C3E792
:10F8200023786FF34103BAE723786FF38203B6E7D7
:10F8300023786FF3C303B2E763786FF30003B3E792
:10F8400063786FF34103AFE723786FF30413A6E700
:10F8500023786FF34513A2E723786FF386139EE7AF
:10F86000FAF718FF23786FF3C71398E7237823F08C
:10F870000C0394E7637823F0030395E72378C3F33D
:10F88000800282F00102D2B262F3820362F3C30308
:10F8900085E76378DA4302F0010262F3000362F362
:10F8A000410381E72378C3F3801282F0010262F3FF
:10F8B000861374E7FAF7EEFE2378C3F3C01282F0E2
:10F8C000010262F3C7136AE70120FBF76BFC208893
:10F8D000FBF756FCFAF7DEFE002038BD0020F4E707
:10F8E0002378C3F3001282F0010262F3041356E797
:10F8F0002378C3F3000282F0010262F300034EE7B3
:10F900006378C3F3C00282F0010262F3C3034BE7E2
:10F910000120E2E7043D0020F8B5174B1749C20863
:10F920001F5C174B8D5C17499B5C00F007008E5CD9
:10F930000341054113F0010446FA00F005F001050A
:10F9400000F0010602D0E120F7F76AF915B1E620D0
:10F95000F7F766F93846FAF756FC15B1E620F7F7DF
:10F96000BFF914B1E120F7F7BBF926B1BDE8F840C3
:10F970002C20FAF748BCF8BD1C550108FC540108BE
:10F980009C5501080C5501082DE9F04104460E462E
:10F990004FF00A08214F207800283DD0012838D1A7
:10F9A0006378012B0ED1A078A51CFAF72CFC2C460D
:10F9B00035460134002DEED06420013D01F04FFEAC
:10F9C000EDB2F7E7022B04D1A078A51CF7F728F9D0
:10F9D000EDE7032B04D1A078A51CF7F781F9E6E742
:10F9E000042B01D00134E3E72246002512F8023F40
:10F9F000D95D1446490706D4002DD9D0642001F002
:10FA00002EFE013DF8E7303B08FB053512F8013FBB
:10FA1000EEE7FFF781FFCBE7BDE8F0811545010870
:10FA20000021FFF7B1BF4FF4E15001F04FBC0000DF
:10FA30002DE9F84302230024244DDFF89490DFF8E9
:10FA400094802B700126E7B259F82700202200F09D
:10FA50000F0106FA01F120F00F0002F0AEFF58F896
:10FA60002700202200F00F0106FA01F120F00F001C
:10FA700002F0A3FF34442A78E3B29A42E2D8FFF7B7
:10FA8000D2FF00202F78124C124D134EC3B29F426A
:10FA900001D8BDE8F88354F8041B55F804CB21F0D5
:10FAA0000F031A692CF00F031B690CF00F0C23FADB
:10FAB0000CF301F00F015B00CA4003F0020302F0F7
:10FAC0000102134306F8013B0130DFE7A32B0020BE
:10FAD000C0550108C85501089F2B00202DE9F047AB
:10FAE0000025A846584E594F88B03378ECB2A3424F
:10FAF00003D8404608B0BDE8F087554B53F82410B2
:10FB000021F00F031A69534B01F00F0153F8240041
:10FB1000CA4020F00F031B6900F00F00C3405B00D8
:10FB200002F0010203F0020313434B4A115D01F09E
:10FB30000300984200F0818043EA8103DBB2135551
:10FB4000464A4748115D03F00F02825C385D02446B
:10FB500052B28A423A5506DA49428A4203DD03F03C
:10FB60000303032B6DD1002A69DD4FF001094FF02B
:10FB7000FC0A3C4A8DF80840135D8DF809A001335A
:10FB800013558DF80A9000F01DFE40EA0900ADF80B
:10FB90000C00DDE90201FAF7EFFA642001F05FFDE5
:10FBA00000238DF800408DF802308DF801A000F0A0
:10FBB00009FE40EA0900ADF80400DDE90001FAF7AA
:10FBC000DBFA642001F04BFD4B463A57002A30DA4D
:10FBD0004FF001094FF0FD0A224A8DF81840135DDD
:10FBE0008DF819A0013B13558DF81A9000F0EAFD2D
:10FBF00040EA090008ABADF81C0013E90300FAF76E
:10FC0000BBFA642001F02BFD00238DF810408DF825
:10FC100012308DF811A000F0D5FD40EA0900ADF8D2
:10FC20001400DDE90401FAF7A7FA642001F017FDDA
:10FC30004B4600223A5548EA0308013555E70023B0
:10FC4000C3E70023F7E700BFA32B00209D2B002074
:10FC5000C0550108C85501089F2B0020BC5501085C
:10FC6000AC550108A12B0020052070471E2352002F
:10FC700003FB0122D22101FB002000F282307047F9
:10FC8000042838B510D806290ED80E2A0CD8FFF74C
:10FC9000EDFF0546FCF7C4FB0402681CFCF7C0FB43
:10FCA000A4B2204380B238BD0020FCE7042870B520
:10FCB0001C460FD806290DD80E2A0BD8FFF7D6FF01
:10FCC0000546210AFCF714FCE1B2681CBDE870404F
:10FCD000FCF70EBC70BD042870B516461BD8012970
:10FCE00019D8002A4FEA810101EBC00514BF00209A
:10FCF000022005F29C752844FCF792FB002E4FEA87
:10FD0000002414BF012003202844FCF789FBA4B27F
:10FD1000204380B270BD0020FCE7042870B5164671
:10FD20001D4619D8012917D8002A4FEA810101EB95
:10FD3000C00414BF0020022004F29C742044190A5D
:10FD4000FCF7D6FB002E14BF01200320E9B22044AB
:10FD5000BDE87040FCF7CCBB70BD2DE9F843002531
:10FD60000026ECB216E0F9F769FFA8425FFA87F9BE
:10FD700014DD4A4641462046F9F762FF03464A46EB
:10FD8000414620460137FFF791FF0F2FEBD1013697
:10FD9000072E05D000275FFA86F8E4E70123EEE797
:10FDA0000027F9F761FFA842FEB21DDD01223146AE
:10FDB0002046F9F75BFF0122034631462046FFF754
:10FDC000ACFF002231462046F9F750FF03460022DF
:10FDD00031462046FFF7A1FF27B10135052DBFD1E0
:10FDE000BDE8F8830127DCE7012331461A462046A7
:10FDF000FFF793FF0123EAE72DE9F041144640F2B3
:10FE000019474FF0000800F282355618B44201D16C
:10FE1000BDE8F081A5F28233BB4206DC2846FCF740
:10FE2000FFFA207001350134F0E784F80080F9E72B
:10FE3000F8B5144640F2194700F282355618B4421C
:10FE400000D1F8BDA5F28233BB4203DC28462178FD
:10FE5000FCF74EFB01340135F1E7042810B406D855
:10FE6000062904D80E2A02D810BCFFF709BF0020CB
:10FE700010BC7047042803D8012901D8FFF72BBF15
:10FE8000002070471020704740F63C0070472DE975
:10FE9000F0411446054640F63B074FF0000856185F
:10FEA000B44205F2C47001D1BDE8F081BD4205DC69
:10FEB000FCF7B6FA207001340135F1E784F80080D0
:10FEC000F9E7F8B51446054640F63B075618B44224
:10FED00005F2C47000D1F8BDBD4202DC2178FCF708
:10FEE00007FB01340135F2E710B540F2C474204637
:10FEF00000210134FCF7FCFAB4F5805FF7D110BDA6
:10FF00000F28F7B5044654D840F6FF70FCF788FA7E
:10FF100000284ED140F2C47534BBCDE900442846D8
:10FF2000FCF77EFA6F1C8DF800008DF80140002868
:10FF30003FD0012812D13846FCF772FAAE1C8DF87A
:10FF40000100B0B3431E022B19D83046FCF768FA03
:10FF5000EF1C8DF8020060B38DF803400A2168465B
:10FF6000FFF712FD3D46DAE7B5F5805F21D0284660
:10FF7000FCF756FA08B9013CE4B20135CCE7042895
:10FF800012D102273046FCF74BFAFDB201360DF8CC
:10FF9000070070B17C2809D10135EDB205F10803E5
:10FFA0000DEB030505F8084C3746D7E70137072F57
:10FFB000E8D103B0F0BD000047F61643984210B5F3
:10FFC0000C461BD1FAF7BAFFA2780D4B72B100F0C4
:10FFD000AA00002815BF01220022352029201A700E
:10FFE000FAF77CFFFBF706F8002010BD1B78002B0A
:10FFF00014BF35202920FAF779FFF3E70120F4E751
:020000040801F1
:10000000A42B0020F8B5144682781D469DF8187080
:10001000284B92B11C7000F0D5FB274B188004F1DF
:100020002003DBB2072B44D8012004F00704A040D2
:10003000C0B2BDE8F840F6F7A1BE1E78A6422ED1A8
:100040001D4B188800F0C3FBC72828D8AE4205F125
:10005000200415D006F12003DBB2072B06D80120BF
:1000600006F00706B040C0B2F6F7B4FEE3B2072BC5
:1000700006D8012005F007039840C0B2F6F77EFECF
:100080003846E4B2FAF7BFF8072C12D8012005F081
:100090000705A840C0B2BDE8F840F6F79BBE04F1E2
:1000A0002003DBB2072B04D8012004F00704A04092
:1000B000F0E7F8BDA52B0020A62B00200346A3F5F2
:1000C000F843183B07B50846062B3BD8DFE803F09A
:1000D000171E0410252C330026230093E12347F636
:1000E0001A411A46FFF78EFF002003B05DF804FBAB
:1000F00027230093E52347F61B411A46F2E7262300
:10010000E022009347F61841E123EBE72723E4229E
:10011000009347F61941E523E4E72623E222009302
:1001200047F61C41E123DDE72723E622009347F64B
:100130001D41E523D6E72823E522009347F61E411B
:100140000123CFE7887818B10022024B1A70CCE760
:100150000120CAE7A52B002047F67743984270B5E7
:1001600006D047F67843984229D00124204670BD36
:100170008C7894B100F02CF8FAF71CFB00F028F80A
:10018000044600F02BF8054600F02EF829460246FA
:100190002046FAF71DFC0024E8E700F019F8FAF70A
:1001A00015FB00F015F8054600F018F8064600F0BB
:1001B0001BF8314602462846FAF70AFCD6E78C7847
:1001C00014B100F00BF8D7E700F008F8E7E70000FB
:1001D000014B1878704700BF81100020014B187840
:1001E000704700BF82100020014B1878704700BF95
:1001F000801000200E4B10B51A78BAB901220D4CB0
:100200001A70206040F282324FF480610A4802F096
:10021000D4FB4FF40061084840F2823202F0CDFB7B
:100220002146BDE81040054801F09ABE10BD00BF50
:10023000A82B00208410002000080040D83E002099
:100240004FF0FF3108B5024801F06BFDC0B208BDA8
:10025000E43E00200A464FF0FF330146014801F01A
:1002600005BE00BF083F00200A464FF0FF3301469D
:10027000014801F07CBD00BFE43E002008B5034802
:1002800001F093FE80F00100C0B208BDD83E00200E
:10029000194B10B51C786CBB012208211A70174845
:1002A000224602F08AFB22462021144802F085FBF8
:1002B00022461021114802F080FB4FF47A7001F0C1
:1002C000CEF941F6822208210C4802F076FB40F27A
:1002D00082222021094802F070FB40F28222102184
:1002E000064802F06AFB064801F088FE4FF0FF3234
:1002F000044B1A6010BD00BFA92B00200004004071
:10030000344000208C10002010B5194C01461846CE
:10031000236801332AD14B1C28D0F8B1154B80003B
:100320001882032A05D8DFE802F0021A1D1F0022F6
:10033000DA602160012421F00F0001F00F019960C3
:10034000224604FA01F1586002F037FB09490A48D5
:1003500001F046FE084801F05FFE204610BD4FF454
:100360008002E5E78022E3E7044AE1E70020F5E7C1
:100370008C100020AC2B0020344000208000400076
:100380001FB501218DF807000DF10F0304480DF191
:10039000070201F068FE9DF80F0005B05DF804FB50
:1003A00034400020002307B5012106480DF1070263
:1003B0008DF8073001F079FE9DF8070003B05DF875
:1003C00004FB00BF3440002008B50246024801F09B
:1003D0005BFE002008BD00BF3440002008B5024687
:1003E000024801F062FE002008BD00BF344000203A
:1003F00010B5074C2368013308D0064801F01AFEF7
:10040000044801F0FBFD4FF0FF33236010BD00BF37
:100410008C10002034400020014B1860704700BF52
:10042000C02B0020024B186808B1036818477047BA
:10043000C02B002008B5FFF7F5FF08BD084B1B686F
:100440006BB1084A127842B1074A92F90020002A9B
:10045000BFBF02784270062202705B68184770477F
:10046000C02B0020C0110020043D0020034A126868
:100470001AB102210170936818477047C02B002001
:100480000B4B07B51A8882420ED01880094B1B68A7
:1004900053B103228DF80500000A8DF80600DB68D1
:1004A0008DF8042001A8984703B05DF804FB00BF55
:1004B000C62B0020C02B00200B4B07B51A888242A8
:1004C0000FD01880094B1B685BB104228DF8050022
:1004D000000A8DF80600DB688DF804200DEB0200A1
:1004E000984703B05DF804FBC42B0020C02B00200C
:1004F0000C4B821C1B7863B10B4B93F90030002B23
:10050000ACBF06231E230020013BDBB2FF2B02D130
:1005100070470623F7E712F8011B0029F4D00130D9
:10052000C0B2F1E7C0110020043D0020F9B1124B28
:100530001B78A3B1114B93F90030002B0FDAEF2990
:100540004FEAD10213D80123104401F0070103FA46
:1005500001F18378194214BF012000207047831CE9
:10056000083013F8012B8A4203D08342F9D10020CE
:1005700070470120704700BFC0110020043D0020DB
:100580004FF0FF32002330B5841C14F8015B8D421C
:100590000ED0B2F1FF3F02D1002D08BF1A46013341
:1005A000DDB2062D5BB2F0D1531C01D01044817036
:1005B00030BD002210B5831C083013F8014B8C426B
:1005C00008BF03F8012C8342F7D110BDEF294FEA91
:1005D000D10308D81844012301F0070103FA01F1FF
:1005E0008378194381707047EF294FEAD10308D807
:1005F0001844012301F007018B40817821EA0301AF
:100600008170704710B4094C034624780A463CB107
:10061000074C94F90040002C02DA10BCFFF7D6BF5B
:100620001146184610BCFFF7ABBF00BFC011002039
:10063000043D002010B4094C034624780A463CB11E
:10064000074C94F90040002C02DA10BCFFF7CCBF35
:100650001146184610BCFFF7ACBF00BFC011002008
:10066000043D0020074B02301B7843B1064B93F941
:100670000030002B03DA1E220021F3F7FDBF062213
:10068000FAE700BFC0110020043D0020062208B593
:10069000F3F748FF003818BF012008BD704700007D
:1006A000002814BF0220012008B5024B1870F7F78C
:1006B000E1FF08BDC82B0020032008B5024B1870CD
:1006C000F7F7D8FF08BD00BFC82B0020FFF7E8BF31
:1006D000012008B5024B1870F7F7CCFF08BD00BF2A
:1006E000C82B0020FFF7F4BF704708B501F0CEF823
:1006F000BDE8084000F0C4BD08B5FAF735FCFAF7CC
:1007000049FCFAF7FBFBFBF7A5FD0020FFF7B8FE5D
:100710000020FFF7D1FEBDE80840F9F7C8BC000093
:10072000302383F31188064BDA69064B1A600023E5
:10073000054A1360054A136083F31188704700BFB0
:10074000783E0020D42B0020CC2B0020D02B002082
:10075000FFF7E6BF302370B583F31188124B1348BF
:100760001349DC6903680A68E41AA242114A0AD9EB
:10077000A3F58333E03B036010680F4B04F583342B
:100780000344E03413600C601668002181F3118883
:100790004FF47A7509480023E4FB0501084AF3F792
:1007A00025FD304470BD00BF783E0020D42B0020D2
:1007B000CC2B0020D02B002088598F029F8601006F
:1007C000A086010008B5FFF7C5FF80B208BD10B5CF
:1007D0000446FFF7BFFF001B80B210BD10B50446F2
:1007E000FFF7B8FF001B10BDBFF34F8F0549064B45
:1007F000CA6802F4E0621343CB60BFF34F8F00BFBF
:10080000FDE700BF00ED00E00400FA050A4A08B564
:1008100052F8041C094B99420DD1002342F8043CC4
:1008200083F314884FF000631A6882F3088862B675
:100830005B689847FEE708BD00700020EFBEADDEA4
:1008400008B5FFF7D1FF704708B5302383F311884F
:10085000034800F02DFC002383F3118808BD00BF7E
:100860004011002070B50A4C0E461546194600226C
:10087000234643F8042FB0F84A2045EA062000F04A
:10088000DDFA20606068002818BF204670BD00BFF8
:10089000F82C002090F84A10074A0229137807D153
:1008A000012B01D0062B05D15278044B1A707047EA
:1008B000024A1370704700BF582D0020302D0020D1
:1008C00070B5044606480D4603680BB100F028FDDC
:1008D0002B462146BDE87040024A014800F018BD91
:1008E000182D0020E908010838B50C46302383F3A1
:1008F00011880B78042B03D0002383F3118838BDB3
:10090000124B1B78DB09F7D1114D2B78002BF3D05C
:10091000104B1B78002BEFD00B899B0705D40823C5
:10092000012120460C4A01F071FC28780B4B4FF452
:100930007A72A0FB03030021002300F2E730F3F7F3
:1009400055FC21468000FFF7BBFFD5E7043D0020A2
:10095000142D0020C0110020312D0020A0860100A0
:1009600038B590F84430044603F07F02212A79D14B
:1009700013F0800F90F8450030D0022829D00328CA
:100980001ED001286ED194F848305BB1022B94F848
:1009900046200DD0464B1A70A36394F84A30E363A7
:1009A00000232BE0434AA2630822E263236438BD9C
:1009B000022AEFD1404BA3630623E3630023F5E74C
:1009C000B4F84830002B4DD101203C4AE063A263CB
:1009D000ECE701203A4BE063A363EFE70A2838D045
:1009E0000B280ED009283DD194F8483013F0FD0FA4
:1009F00038D1344BA3630223E363334B01202364D8
:100A0000D5E7B4F8483003BB94F846502B4B002D83
:100A100014BF012200221A7017D1294B1A78A2B1F3
:100A2000302282F311881878284B4FF47A72A0FB99
:100A300003030021002300F2E730F3F7D7FB214640
:100A40008000FFF73DFF85F311880023A363E36374
:100A5000D4E71F4994F847200978194BCD091A703B
:100A6000F3D1DCE740F28163B4F844209A4214D118
:100A700094F84920616894F848304D6843EA0223AD
:100A8000204694F8462094F84710A84708B900205B
:100A90008DE74368A363036881E70E4B93F89230B8
:100AA000002BF4D02046BDE8384000F0E1BA00BF8A
:100AB000702D0020312D0020522D0020C01100206B
:100AC000142D0020582D002095080108A086010053
:100AD000043D00209010002010B5064A064C117805
:100AE00024784B1C03F00F039C421EBF034C137071
:100AF000605410BD623E0020633E0020523E002044
:100B000038B50446084605293DD8DFE801F0313CF8
:100B10000331313D302383F31188214D01212046DB
:100B2000204A01F021FB032120461F4A01F01CFB53
:100B300095F89010204605F1440201F015FB95F858
:100B4000921021B1204605F1680201F00DFB174813
:100B500000F077FA002383F31188154B1B7813B14B
:100B60000520FFF7B9FF0220BDE83840FFF7B4BF0A
:100B7000FFF7B2FF302383F311880C4800F03EFAF0
:100B8000002383F3118838BD302383F3118807488D
:100B900000F04CFA002383F311880520E4E700BF3E
:100BA00090100020D0550108F45501084011002094
:100BB000512D0020102208B500210448F3F75CFDF8
:100BC0000023034A1370034A137008BD523E0020ED
:100BD000623E0020633E002070B5284D284C002165
:100BE00028782378274E984230D101B1207070BD0B
:100BF00001222370244B1A70244B93F84F10081EC7
:100C000018BF0120FFF758FDE9E7002223701E4BB3
:100C10001A70FFF771FD1D4B93F84F10081E18BF97
:100C20000120FFF753FDDAE72370184B93F84F10BC
:100C3000081E18BF0120FFF733FDD0E70021237005
:100C40000846F8E72370FFF743FDC8E71A46B25C91
:100C50000133012103F00F03052AC4D80FF2040C5D
:100C60005CF822F0450C0108E70B0108290C01088B
:100C70003D0C0108F10B01080B0C0108623E00203D
:100C8000633E0020523E0020512D00209C40002059
:100C900070B50546144C04F10802A26504F11C026B
:100CA000E26504F13002E26704F18C06B0343146AB
:100CB000204600F061F93146204600F087F92846C9
:100CC00001F05AFE284601F025FA41F2883000F082
:100CD000C6FC0649284601F00AFA284601F02AFE19
:100CE0000022034B1A6070BD9010002018560108B6
:100CF000182D0020014B1878704700BF302D0020C0
:100D000013460A460146014801F092BA9C40002071
:100D100010B50D4B04461B7853B90146082201203B
:100D2000FFF7EEFF202221460848F3F72FFC10BD05
:100D3000074B014693F90030002BABBF082220225D
:100D400001200320ECE700BFC0110020312D00205E
:100D5000043D002010B50446014606220320FFF79B
:100D6000CFFF062221460248F3F710FC10BD00BF5A
:100D7000522D0020032201461046FFF7C1BF00009C
:100D8000202903460A4610B407D1054850F8B01F81
:100D90004C681946234610BC184710BC704700BF6A
:100DA0009010002070B50A4C88B004F1B005D4F85A
:100DB000B03020221E6A694600232846B04720B181
:100DC000C1B26846FEF7A6FBF1E708B070BD00BFF0
:100DD00090100020FFF71ABD7047704708B5FFF765
:100DE000F9FF01F025FCFFF7F7FF08BD08B501F09A
:100DF0003BFCFFF7F2FF08BDFFF774BC08B5FFF737
:100E0000D9FE0648FFF744FF054B064A41F28830F9
:100E10001A60BDE8084000F022BC00BF9C400020E2
:100E2000902D0020C4110020014B1868FFF7F4BA80
:100E3000902D0020FFF7D0BEFFF7B4BF10B5040A15
:100E4000032C0FD007D8012C23D0022C07D15B2014
:100E5000114A1A6010BD212C0DD0222C12D0002076
:100E60000246F6E7C0B20228F9D80C4A0C4952F8FB
:100E70002020405CEDE70229F1D80A4A092052F807
:100E80002120E6E70229EAD8074A084852F821203B
:100E9000EFE71220064ADCE75356010828560108FE
:100EA00034560108385601084456010850560108C6
:100EB000AE56010813B5446BE36F1A681178042924
:100EC00015D1217A022912D11979012312898B4077
:100ED00013420CD101A904F1440000F0D4FD0246F4
:100EE00028B1E06F019B0179006801F08FF902B031
:100EF00010BD0C3000F061BD4FF0FF330C3000F03E
:100F00005CBD443000F027BE4FF0FF33443000F0AA
:100F100022BE0C3000F034BD4FF0FF310C3000F039
:100F20002FBD443000F0F7BD4FF0FF32443000F0E9
:100F3000F2BD10B5C36F04461A681178042916D1A2
:100F4000017A022913D15979012352898B40134226
:100F50000DD10C3000F0CFFC024640B1E06FA36A27
:100F60004179043B0068BDE8104001F03DB910BD77
:100F7000406BFFF7DEBF00007FB5034601260D463C
:100F800004460F4A43F8042B43600E4B067202904E
:100F90000193CB680C3000934B690A6A314600F02C
:100FA00088FC094B31460193AB68EA6900930294CF
:100FB0002B6904F1440000F043FD04B070BD00BF94
:100FC000F8570108710F0108B50E010830220B68AF
:100FD00082F311880A7903EB820290614A7909321F
:100FE00043F822008A7912B103EB8203986102234D
:100FF000C1670372002383F31188704738B5044634
:1010000001250221043000F0DDFB04F10C006FF03B
:101010000101257500F063FB84F84C5004F1440095
:101020006FF00101BDE8384000F059BB10B5012157
:101030000446043000F0C6FB0023237584F84C30CE
:1010400010BD38B5044600250C3000F049FC04F111
:101050004400257500F00BFD201D84F84C50012143
:1010600000F0B0FB2046BDE83840FFF762BF00004B
:1010700090F84420034602F06002202A14D190F830
:1010800045200020212A02D81F2A03D87047222A8F
:1010900007D07047054A9A630722DA631864012073
:1010A00070479863D863F9E700207047D411002097
:1010B00073B5C36F04461A681178042927D1017AE1
:1010C000022924D11979012315898B401D401ED195
:1010D00000F14406304600F083FDC0B1304601A95E
:1010E00000F0D1FCE36F06461A7E4AB101981A69F6
:1010F0002946121A3044F3F7BFFAE36F1B690193D4
:10110000E06F32460179019B006801F07FF802B080
:1011100070BD00EB81032DE9F3419E6904460D4645
:10112000FEB1302383F311880821301D04EB8507BD
:1011300000F048FBFB6806F144085B691B6813B1CB
:10114000404600F0ADFC404601A900F09CFC024680
:1011500050B1019B2946204601F058F8002383F343
:10116000118802B0BDE8F081FB685A691268002A54
:10117000F4D01B8A013B1342F0D1F36F1B7E002B8E
:10118000ECD104F14402E5E7093110B550F82140F3
:10119000C4B1302383F311880421601800F012FBDE
:1011A000E26F04F10C001368527903EB8203DB68F1
:1011B0009B69596800F0A9FB2046FFF7BAFE00239F
:1011C00083F3118810BD7047024B034A1A60034A2B
:1011D0005A607047643E0020F040002000700020FC
:1011E000094B30B51C684D1E224449422A440A402E
:1011F00059681044884204D8A04202D318601046AF
:1012000030BD0022FBE700BF643E002008B530235C
:1012100083F31188FFF7E4FF002383F3118808BDEF
:1012200070477047FEE7000070B50825134C6068F2
:1012300023680146A268043B8A4219D8D31C1B1AB2
:10124000C11E23F003038A4238BF00231844E36819
:10125000C11EDA1C121A22F00302994288BF002232
:101260000021F3F709FA013D04F11004DFD170BD4C
:1012700053F8046F41F8046BDEE700BF2058010803
:1012800038B501230025074C23706560FFF79CFFEC
:101290000549064800F034F90223237085F31188CC
:1012A00038BD00BF703E0020A4580108783E0020E1
:1012B00072B60322024BD865024B1A70FEE700BFDC
:1012C000783E0020703E002000F03CB8034A516890
:1012D00053685B1A9842FBD8704700BF001000E0CB
:1012E00010B50A4C23699A6891420CD85A688160FB
:1012F0000360426010609A685860511A99604FF01C
:10130000FF33A36110BD1B68891AECE7783E00200B
:101310000361002310B410BCC2604361FFF7E0BF5B
:10132000036881689A680A449A60426813605A6048
:1013300000234FF0FF320360014B9A61704700BFFA
:10134000783E002070B5124D2A46EB690133EB61FF
:1013500052F8103F934206D030269A68013A9A60BC
:101360002C69A36803B170BD226861680A6051608E
:10137000236083F311882046E3682169984786F348
:10138000118861690029EBD02046FFF7A9FFE7E744
:10139000783E002000238268037503691B68996802
:1013A0009142FBD25A6803604260106058607047F7
:1013B00000238268037503691B6899689142FBD812
:1013C0005A680360426010605860704708B508466C
:1013D000302383F311880A7D0023052A06D8DFE82D
:1013E00002F00B050503120E826913604FF0FF3304
:1013F0008361FFF7CFFF002383F3118808BD826963
:101400009368013393604268036813605A60EDE7A4
:10141000FFF7C0BF054BD9680875186802685360AC
:101420001A6001220275D860F2F7CABE783E002029
:1014300030B50C4B0446DD684B1C87B00FD02B46F3
:101440006846094AFFF764FF2046FFF7E3FF009B69
:1014500013B16846FFF764FFA86907B030BDFFF716
:10146000D9FFF9E7783E0020CD13010838B50C4DBF
:101470008161EB6881689A680446914203D8BDE8AF
:101480003840FFF787BF1846FFF792FF0123014658
:1014900023752046EC60BDE83840F2F791BE00BFEE
:1014A000783E0020044B1A68DB6890689B6898427D
:1014B00094BF002001207047783E0020084B10B5F3
:1014C0001C68D868226853601A6001222275DC60AB
:1014D000FFF76EFF01462046BDE81040F2F770BEF0
:1014E000783E0020044B1A68DB6892689B689A4239
:1014F00001D9FFF7E3BF7047783E0020FEE7000008
:1015000070B5002504461A4B86B0586085620163A9
:101510000E4600F075F904F11003236163614FF08A
:10152000FF33A361134BE561D9692B460A46204678
:10153000C4E9082304F1340180230F4A2460646065
:10154000A560E562E56500F01DF801230B4AE06047
:1015500003750092726868460192B268CDE9022371
:10156000074BCDE9043500F03FF806B070BD00BF71
:10157000703E0020783E0020B0580108B5580108A0
:10158000FD14010802228B604B62002308618A82ED
:1015900008460B62CB6170478368C168A3F14C02B7
:1015A00043F81C2C026943F84C2C42690C4843F860
:1015B000482C0C4A43F8180C43F82C2C022203F850
:1015C000142C002243F8201C03F8132C43F8041CAD
:1015D00043F8082C43F80C2CA3F12800704700BFF7
:1015E000783E0020D141000808B5FFF7D5FFBDE8DF
:1015F0000840FFF70DBF000038B5302484F3118890
:101600002839441844F8243C049B002544F8203C25
:101610000A4BA4F1240144F8043C0223A382084BA2
:10162000E16020462946A260236162622562E5618D
:10163000FFF71CFF85F31188204638BDD141000813
:10164000783E0020024BDB6898610F20FFF7E2BE76
:10165000783E0020302383F31188FFF7F3BF08B5ED
:101660000146302383F311880820FFF7E1FE0023B1
:1016700083F3118808BD0000054BDB6821B10360CE
:1016800098610320FFF7D4BE4FF0FF30704700BFD2
:10169000783E00200346006820B100221A60816174
:1016A000FFF7B6BE70470000064BDB6839B14268F1
:1016B00018605A60136043600420FFF7B9BE4FF012
:1016C000FF307047783E002003460068834205D013
:1016D00002681A6053608161FFF79ABE704738B59F
:1016E00004460D462068844200D138BD036823605B
:1016F0005C608561FFF78CFEF4E7034610B51B685C
:10170000984203D09C688A689442F8D25A680B6069
:101710004A601160596010BD002300604060836022
:101720007047000038B58168164B0446DD6891B9F2
:101730002B6A8560C360286238BD8B600B7D7BB1EE
:10174000062B14D10B684A68886913605A60FFF74A
:10175000D4FF8B699968AB688A689A42EDD306E03A
:101760004A680B68084613605A60FFF751FE20462E
:101770002946FFF7C2FFAC610620BDE83840FFF7FD
:1017800049BE00BF783E002008B5302383F311889E
:10179000FFF7C8FF002383F3118808BDC36919430D
:1017A000037DC1610A2B03D18369194205D17047BA
:1017B0000B2B06D183698B4303D100238361FFF791
:1017C00027BE704770B506460D460468B44200D186
:1017D00070BDE3682B43E36015B123691D4203D05C
:1017E000A1686068FFF7DAFF2468EFE7EFF3098389
:1017F000203383F30988002383F3118870470000A6
:10180000302080F3118862B60C4B0D4AD96821F460
:10181000E0610904090C0A43DA60D3F8FC200949A5
:1018200042F08072C3F8FC200A6842F001020A60AC
:101830002022DA7783F82200704700BF00ED00E035
:101840000003FA05001000E0302310B583F311887F
:101850000B4B5B6813F400630FD0EFF309844FF078
:101860008073203CE36184F30988FFF71BFE10B10D
:10187000044BA36110BD044BFBE783F31188F9E728
:1018800000ED00E0E3410008E641000808B500F083
:1018900099FF01F091F800F041FB00F095FB00F09A
:1018A00018FCFFF7A3FABDE8084000F000B801F00B
:1018B000A3B80172002130B5039C043304FB032557
:1018C000C361049B00600363059B4060C16042618B
:1018D00002618561046242628162C162436330BD1C
:1018E0000022416AC2604161016182626FF00101C0
:1018F000C262FFF7F4BE03694269934201D1C26834
:101900000AB9181D70470020704703691960C26842
:1019100000210132C260C2691344826903619342AB
:1019200024BF436A0361FFF7CFBE38B504460D46B6
:10193000E3683BB162690020131D1268A36213447F
:10194000E36207E0237A33B929462046FFF7ACFE6D
:101950000028EDDA38BD6FF00100FBE7C368C2690B
:10196000013BC3604369134482694361934224BFCE
:10197000436A436100238362036B03B118477047D6
:1019800070B53023044683F31188866A3EB9FFF7A9
:10199000CCFF054618B186F31188284670BDA36AAE
:1019A000E26A13F8015B9342A36202D32046FFF779
:1019B000D5FF002383F31188EFE72DE9F84F0446A4
:1019C0000E46904699464FF0300A8AF3118800255A
:1019D000AB46A76A4FB949462046FFF7A6FF20B19C
:1019E00087F311882846BDE8F88FE76AA16A7A1A5A
:1019F000A8EB0507974228BF1746402F16D9304657
:101A00004022F2F7C3FDA36A40364033A36240355B
:101A1000A26AE36A9A4202D32046FFF79FFF8BF344
:101A200011884545DED28AF31188D2E730463A461E
:101A3000F2F7ACFDA36A3E443B44A3623D44E7E7B2
:101A400010B5029C04330172C36103FB042100231F
:101A50008362C362039B00600363049B4060C460B5
:101A600042610261816104624262436310BD026AA5
:101A70006FF00101C260426A42610261002282622B
:101A8000C262FFF72CBE034640691A69824201D147
:101A9000DB681BB950F8043B0B60704700207047AF
:101AA000C368C2690133C36043690021134482697A
:101AB0004361934224BF436A4361FFF705BE38B5D3
:101AC00004460D46E3683BB1236900201A1DA2625B
:101AD000E2691344E36207E0237A33B929462046DA
:101AE000FFF7E2FD0028EDDA38BD6FF00100FBE7FB
:101AF00003691960C268013AC260C269134482690D
:101B00000361934224BF436A036100238362036B32
:101B100003B11847704770B530230D46044611468F
:101B200083F31188866A2EB9FFF7C9FF10B186F3D7
:101B3000118870BDA36A1D70A36AE26A01339342E3
:101B4000A36204D3E16920460439FFF7D1FF0020E6
:101B500080F31188EDE72DE9F84F04460E469046D4
:101B600099464FF0300A8AF311880025AB46A76AE0
:101B70004FB949462046FFF7A2FF20B187F31188ED
:101B80002846BDE8F88FE76AA06A3A1AA8EB05076D
:101B9000974228BF1746402F18D931464022F2F706
:101BA000F5FCA36A40364033A3624035A26AE36A7B
:101BB0009A4204D3E16920460439FFF799FF8BF379
:101BC00011884545DCD28AF31188D0E731463A4680
:101BD000F2F7DCFCA36A3E443B44A3623D44E5E7E4
:101BE0000269416903468A4216D1C068A8B1986A61
:101BF00098B10438801A10D01060D96801200139DA
:101C0000D960D9690A4499691A618A4224BF5A6A1B
:101C10001A6100229A62704700207047F8B5154695
:101C200082680B46AA428169066938BF8568761AC0
:101C3000B54204460BD218462A46F2F7A7FCA36920
:101C40002B44A361A36828465B1BA360F8BD0CD995
:101C500018463246F2F79AFCAF1B3A46E168304428
:101C6000F2F794FCE3683B44EBE718462A46F2F7A8
:101C70008DFCE368E5E72DE9F041044615468368ED
:101C80002769934238BF856840690E463F1ABD42B6
:101C90000BD22A46F2F77AFC63692B446361A3688E
:101CA00028465B1BA360BDE8F0810CD93A46A5EB42
:101CB0000708F2F76BFC4246E068F119F2F766FCA0
:101CC000E3684344EAE72A46F2F760FCE368E5E7A5
:101CD00010B50024C361029BC16081614161114460
:101CE0000060406084600161036210BD08B58269D4
:101CF0004369934201D1826882B98268013282606D
:101D00005A1C426119700369426900219A4224BF3A
:101D1000C3684361FFF7D8FC002008BD4FF0FF30D7
:101D2000FBE770B5302304460D4683F31188A6689F
:101D3000A6B1A368A269013BA360531CA3611578F7
:101D40002269934224BFE368A361E3690BB1204693
:101D50009847002383F31188284607E02946204648
:101D6000FFF7A2FC0028E2DA86F3118870BD2DE9A6
:101D7000F74F04460E4617469846D0F81C904FF091
:101D8000300A8AF311884FF0000B154665B12A46D8
:101D900031462046FFF742FF034660B941462046E0
:101DA000FFF782FC0028F1D0002383F31188781B11
:101DB00003B0BDE8F08FB9F1000F03D001902046C9
:101DC000C847019B8BF31188ED1A1E448AF31188D2
:101DD000DCE7C361009BC160816141611144006027
:101DE00040608260016103627047F8B504460D46A9
:101DF0001646302383F31188A768A7B1A368013B77
:101E0000A36063695A1C62611D70236962699A420A
:101E100024BFE3686361E3690BB120469847002063
:101E200080F3118807E031462046FFF73DFC00288B
:101E3000E2DA87F31188F8BD8369426910B59A42E6
:101E400001D182687AB982680021013282605A1C0D
:101E500082611C7803699A4224BFC3688361FFF7DB
:101E600033FC204610BD4FF0FF30FBE72DE9F74F64
:101E700004460E4617469846D0F81C904FF0300A9C
:101E80008AF311884FF0000B154665B12A4631469A
:101E90002046FFF7F0FE034660B941462046FFF7B3
:101EA00003FC0028F1D0002383F31188781B03B0D2
:101EB000BDE8F08FB9F1000F03D001902046C8476C
:101EC000019B8BF31188ED1A1E448AF31188DCE71D
:101ED0000C30FFF74CBF4FF0FF330C30FFF747BF1C
:101EE0003030FFF7C3BF4FF0FF333030FFF7BEBFD6
:101EF0000C30FFF716BF4FF0FF310C30FFF711BF6A
:101F00003030FFF772BF4FF0FF323030FFF76DBF58
:101F1000012914BF6FF013000020704700F00CBEC1
:101F200037B5154602460B460C49044642F8041BD9
:101F30004260012200F154010272009080220C30B4
:101F4000FFF7C6FE2B468022009404F1D40104F171
:101F50003000FFF73EFF03B030BD00BFBC580108A2
:101F600010B53023044683F3118800F0F7FD0223F7
:101F70000020237280F3118810BD38B543690446F0
:101F80000D461BB904210844FFF71CFC294604F147
:101F90000C00FFF7ABFE002806DA201D4FF40061AD
:101FA000BDE83840FFF70EBC38BD302383F31188FD
:101FB0000023406983F31188B0FA80F0400970472C
:101FC0004FF0FF31FFF758BB00F09CBE01230370B8
:101FD00000230C3040F8083C40F8043CFFF79CBB61
:101FE00010B53023044683F31188416000F0A0FE51
:101FF00002230020237080F3118810BD10B5302318
:10200000044683F3118800F007FF00230122636078
:10201000227083F3118810BD302383F31188436845
:1020200099685A684FF480338B409361002383F39F
:1020300011887047302383F31188436899685A6880
:1020400001238B409361002383F31188704710B5FF
:10205000302484F311880324047000F020FF00234F
:1020600083F3118810BD38B50446302585F31188F7
:10207000032504F8085B00F0FBFE2046FFF7A0FFF5
:10208000002383F3118838BD10B53023044683F351
:102090001188032304F8083B00F001FF2046FFF7F6
:1020A0008FFF002383F3118810BD10B53023044641
:1020B00083F31188032304F8083B00F008FF20464F
:1020C000FFF77EFF002383F3118810BD0C30FFF76C
:1020D0005BBB01F01DB9012303700023C361836260
:1020E0000362C3624362036343608360704738B531
:1020F0000446302383F3118800254160C5600561E3
:102100004561856101F00AF90223237085F3118886
:10211000284638BD70B53023044683F3118801F09A
:1021200015F9254600260123666005F80C3B1C3492
:1021300055F8043B7BB1586920B16FF001010C30B8
:10214000FFF7A8FA55F8043C986920B16FF0010137
:102150000C30FFF79FFAA54245F8046CE8D1FFF771
:10216000C1F986F3118870BD70B500EB8103054697
:1021700050690E461446DA6018B114220021F2F7B5
:102180007BFAA06918B114220021F2F775FA3146E2
:102190002846BDE8704001F0F7B8F8B504460027BE
:1021A000836800F1100503F00113836000F11C0641
:1021B00055F8043B7BB1586920B16FF001010C3038
:1021C000FFF768FA55F8043C986920B16FF00101F7
:1021D0000C30FFF75FFAB54245F8047CE8D12046A1
:1021E000BDE8F84001F05CB9F0B4012500EB8104D2
:1021F000E4684789A4698D403D43458123600023FD
:10220000A2606360E360F0BC01F0BCB9F0B40125EA
:1022100000EB8104E468078964698D403D430581D2
:1022200023600023A2606360E360F0BC01F0CAB9E0
:1022300070B504460D46302686F311880678042EC4
:1022400005D0002383F311886FF0010070BD04EB0B
:102250008504FFF7DBFFE3684FF0FF3158690C306E
:10226000FFF70AFA002383F31188EFE710B503782C
:10227000052B0FD1084CC820E37A43F00803E37222
:10228000637843F004036370FFF7E9F9637803F0C0
:10229000FB03637010BD00BF004001402DE9F04119
:1022A0000223002604464FF030080370C66486609F
:1022B00000F10C0500F11C0755F8043BABB188F3A5
:1022C000118855F8043C586920B16FF001010C30B9
:1022D000FFF7E0F955F8043C986920B16FF001016F
:1022E0000C30FFF7D7F986F31188BD4245F8046C2E
:1022F000E2D1204684F8346001F0B4F863681B68CA
:1023000023B12046BDE8F04100211847BDE8F08127
:10231000F8B50378044680F850300523037043680D
:102320001B680BB10421984700263027A66004F1F2
:102330000C051C3455F8043BABB187F3118855F8F4
:10234000043C586920B16FF001010C30FFF7A2F98D
:1023500055F8043C986920B16FF001010C30FFF78B
:1023600099F986F31188A542E4D1F8BD90F8502080
:10237000436802701B680BB10521184770470000C5
:10238000F8B590F8343004460E4613B1002380F8B7
:1023900034303146204604F1440201F0D7F8636836
:1023A0009B68B3B994F8443013F0600538D000212D
:1023B000204601F047F90021204601F035F9636815
:1023C0001B6813B1062120469847062384F8343051
:1023D000F8BD204698470028E4D094F84B2094F8A4
:1023E0004A3043EA0223E26B9A4294F9442088BFC0
:1023F000E363002AE36B80F20481002B00F0F88095
:10240000092384F83430302383F3118800212046D7
:10241000E36BA26BFFF7FAFE002383F31188D7E783
:1024200094F8452003F07F0343EA022340F202328E
:10243000934200F0CA8021D8B3F5807F4DD00DD8EB
:10244000012B44D0022B00F09880002BAFD104F177
:102450004C02A2630222E2632364BEE7B3F5817FEC
:1024600000F0A080B3F5407FA1D194F84630012B55
:102470009DD1B4F84C3043F0020337E0B3F5006F60
:1024800052D01CD8B3F5A06F36D0A3F5C063012B92
:102490008DD894F84920616894F848304F6843EA31
:1024A0000223204694F8462094F84710B8470028A5
:1024B0003FF47DAF4368A3630368E3631AE0B3F5B9
:1024C000106F36D040F6024293427FF470AF554B06
:1024D000A3630223E3630023BEE794F84630012B95
:1024E0007FF465AFB4F84C3023F00203A4F84C300D
:1024F000A563E563256470E7B4F84430B3F5A06FD5
:102500000ED194F84630204684F84E3000F034FF67
:1025100063681B6813B10121204698470323237089
:102520000023A363E36397E704F14F03A36301234D
:10253000C3E72378042B10D1302383F3118820467E
:10254000FFF72BFE85F311880321636884F84F5051
:1025500021701B680BB12046984794F84630002B39
:10256000DED084F84F300423237063681B68002B8F
:10257000D6D0022120469847D2E794F8483020462A
:102580001D0603F00F010AD500F0C4FF012804D096
:1025900002287FF40CAF244B9AE7244B98E700F015
:1025A0009DFFF3E794F84630002B7FF400AF94F8DA
:1025B000483013F00F01B3D01A06204602D501F0BF
:1025C00059F8ADE701F04AF8AAE794F84630002B35
:1025D0007FF4EDAE94F8483013F00F01A0D01B0645
:1025E000204602D501F02EF89AE701F01DF897E792
:1025F00014233146204684F83430BDE8F84000F01A
:10260000B5BF63B1152384F83430302383F31188C8
:1026100000212046E36BA26BFFF7E6FDFCE60B23EF
:10262000E7E700BFE8580108E4580108E658010848
:1026300008B500F0C9F80B4B9A6C42F020029A647E
:102640009A6C9A6C42F040029A649A6C9A6C42F0CE
:1026500080029A649A6C9A6C42F480729A649B6CC1
:1026600008BD00BF000C01407047162303604FF007
:10267000FF307047002070471846704700207047B1
:1026800010B50022044608460121FEF7BFFD18B927
:102690000C234FF0FF30236010BD08B51346002116
:1026A00058221846F1F7E8FF4FF40052426000202C
:1026B00008BD01207047000008B50248FEF7F8FD8C
:1026C000F1F718FFEA58010808B50248FEF7F0FDD7
:1026D000F1F710FFEF580108012070477047012201
:1026E000090100F1604303F56143C9B283F80013A7
:1026F00000F01F039A4043099B0003F1604303F578
:102700006143C3F880211A607047012200F01F0363
:102710009A4043099B0003F1604303F56143C3F80A
:102720008020C3F88021002300F1604000F5614063
:1027300080F800337047090100F16040C9B200F52C
:102740006D4001767047000017498A68022A12D04E
:10275000032A26D0154B1649012A08BF0B46124AF8
:10276000926902F07F02013252080132B3FBF2F3A8
:10277000104A13607047104A0B68526F49686FEA3D
:10278000921201290CBF0A490C4902F003020332DC
:102790004A4303F01F0301335B080133B2FBF3F339
:1027A000DDE7074BDBE700BF000C014000127A00B9
:1027B000006CDC02DC110020000401400048E8014C
:1027C000001BB700FFF7C0BF13B50C20032440F275
:1027D000BE71314B314A9C62D862C2F8941000211C
:1027E0009962D9629C62D8628020C3F81C0CD3F82D
:1027F0001C0CC3F81C0C009101914FF40141C3F86B
:10280000481C4FF6FC71A3F5744319630F2119603E
:102810000223136501234BF68031D364936D03F0DB
:1028200001030193009B01330093019B13B9009BAB
:102830008B42F3D1019B03B9FEE7194B19490120E3
:10284000C3F800140021A3F588439961802119621F
:10285000196A19622021586019601968196019688D
:1028600001431960C02151679067D16F0329FCD1E2
:1028700002229A6001220021DA60074A9162D16245
:102880009A6C42F400429A649A6CDA6C42F40062E8
:10289000DA64DB6C02B010BD0000014000040140AE
:1028A0000050014012000003144B834225D1144B09
:1028B00002201A6C134942F480721A641A6C42F0B6
:1028C00002021A64D3F8882042F00202C3F888207A
:1028D000D3F8882022F00202C3F8882001225A632C
:1028E000DA670864DA6608225A615A6942F004021B
:1028F0005A615A6942F001025A6170479C400020B7
:10290000000C0140004C0140084B83420CD1084BA5
:102910005A6902F008025A6100225A61DA66DA67DF
:102920001A6C22F002021A64704700BF9C4000201B
:10293000000C01400F4A936C43F4004343F0200322
:1029400093644FF080436FF4C0521A634FF070727B
:10295000DA624FF020721A6000225A609A60DA60E0
:102960004FF44C325A62012203F5A0335A70072209
:10297000DA727047000C01400E4A6FF48051936C7C
:1029800043F4004343F0200393644FF080436FF41B
:10299000C0521A6300221A609A60DA6019634FF01D
:1029A000807119604FF4805159605A624FF0805223
:1029B0009A617047000C01407047C9434FF055338E
:1029C000016302F003015943016042F38001416059
:1029D000C2F3C10159438160C2F341115943C1603F
:1029E000C2F3C1214B43C3624FF01133C2F3C31290
:1029F0005A430262426270474FF0E02340F2CF2216
:102A00005A6100229A61072208210B201A61FFF700
:102A100092BE08B5302383F31188FEF755FC0023DE
:102A200083F3118808BD08B5FFF7F3FFBDE8084040
:102A3000FEF70ABF024A536843F00203536070472F
:102A4000008400402DE9F041384ED6F854516B69AE
:102A5000D806DCB20AD5302383F311884FF48061A5
:102A6000301DFEF7AFFE002383F31188302383F37C
:102A700011882F4FA7F1040814F00F0332D183F30C
:102A800011886B68980714D5A10612D5302383F3FB
:102A900011882848FFF7D0F9002844DA0821244893
:102AA000FEF790FE6B6823F002036B60002383F354
:102AB00011886B689A0711D563060FD5302383F30D
:102AC0001188726CB36C9A4205D1B36B1BB11021A3
:102AD0001748FEF777FE002383F31188BDE8F04125
:102AE000FEF7B2BE14F0020F14BF4FF48071002144
:102AF000620748BF41F02001230748BF41F0400171
:102B000014F00104384618BF41F08001FEF75AFE68
:102B10002B682CB196F8581140461940FFF72DFA52
:102B20006C69E4B2A8E72860C0E700BFD83E002087
:102B3000DC3E0020083F002010B5054C0021204657
:102B4000044AFFF7EDF9044BC4F8543110BD00BF3F
:102B5000D83E0020352A01080084004038B5294CB1
:102B6000037A002918BF0C46012B05461AD1264BC3
:102B7000984217D1254B0821DA6C202042F0080238
:102B8000DA64DA6CD3F8942042F00802C3F8942097
:102B9000D3F8942022F00802C3F89420D3F894309C
:102BA000FFF79DFDD5F85431E1791A6902F0500222
:102BB0000A431A612168164A02EB5102B2FBF1F294
:102BC00002F00F01C3F8C0108021D960C2F30711D1
:102BD00019600021C2F307325A60D9606079227906
:102BE0000243A0790243DA600122C3F89C10C3F8C3
:102BF00098205A6842F005025A60FF2385F8583140
:102C000038BD00BFF4580108D83E0020000C014038
:102C100000A24A0470B50446C5692E6BC26A6B6A8D
:102C20009A4234BFC36A6B6A013B35D2E36A002B18
:102C30003ED1EB6263681B6833B1042220462270E8
:102C400098472378042B01D102232370302383F388
:102C50001188002104F10800FEF71CFD002383F316
:102C60001188F30717D5286A228E666AE36A616ABB
:102C7000D31A3344121A934228BF134699424FF68F
:102C8000FF7138BF636A013B1BD2636A1BB9EB6AF1
:102C900023F00103EB6270BD296EE26A013AE26241
:102CA000A26A002AC0D01170A26A0132A262BBE7F8
:102CB000E26AEB699A429EBFE36A03F1FF33EB617C
:102CC000CFE7626A013A6262226A0AB92966DAE7E4
:102CD00012F8010B28662262D5E7000008B5034808
:102CE000FFF798FFBDE80840FEF7AEBD3440002076
:102CF00008B50348FFF78EFFBDE80840FEF7A4BD06
:102D00006840002010B5064C2046FFF75FF9054BE0
:102D1000E361054C2046FFF759F9044BE36110BD10
:102D20003440002000300040684000200090004007
:102D300010B503780446012B45D1344B98421FD17E
:102D4000334B0A219A6C1A2042F480529A649A6C8E
:102D5000D3F8902042F48052C3F89020D3F890200A
:102D600022F48052C3F89020D3F89030FFF7B7FCDC
:102D70006268E369128A5A611A6942F001021A61B3
:102D8000244B9C421FD1224B0921DA6C1B2042F0BC
:102D90001002DA64DA6CD3F8942042F01002C3F81F
:102DA0009420D3F8942022F01002C3F89420D3F892
:102DB0009430FFF794FC6268E369128A5A611A69D9
:102DC00042F001021A616168E269CB8989890B438B
:102DD00043F007039BB21360238E4BB90123936129
:102DE000916999420DD10133B3F5807FF7D12386E4
:102DF00000239361D361D36A23F0FF03D362936C02
:102E000010BD012B08BF0023F1E700BF34400020B4
:102E1000000C01406840002010B503780446022BE6
:102E20001FD10022C3699A60DA6A22F0FF02DA62D7
:102E30009B6C0C4B984208D11A20FFF766FC0A4B9A
:102E40009A6C22F480529A649B6C084B9C4208D185
:102E50001B20FFF75AFC044BDA6C22F01002DA64F4
:102E6000DB6C10BD34400020000C014068400020A5
:102E700010B50C4691B18362038E4162C16259085C
:102E8000A14228BF2146C369026299610139D96113
:102E9000DA6A42F01102DA6201229A6010BD10B5BE
:102EA0000C4699B100238362038E4162C1625908C6
:102EB000A14228BF2146C369026299610139D961E3
:102EC000DA6A42F01102DA6201229A6010BD10B58E
:102ED0000C4699B100230362038E4162C162590816
:102EE000A14228BF2146C369826299610139D96133
:102EF000DA6A42F01102DA6201229A6010BD000023
:102F000010B590F834300446B3B1063BDAB20F2A5C
:102F100011D80F2B0FD8DFE803F00F0E0E080F0F9C
:102F20000E0E0E0E0E0E0E0E0F0F036C03B1984711
:102F3000002384F8343010BD00216022064B9973C1
:102F40005A7499735A7463681B6813B1062120463A
:102F500098470623EDE700BF0040014090F8342079
:102F600010B5152A04460CD8012393400C4A13428D
:102F700008D19B0205D5036C03B19847002384F860
:102F8000343010BD00216022064B99735A74997336
:102F90005A7443681B680BB1062198470623EEE775
:102FA000410E1000004001400146F8B5284C861C37
:102FB00004EB86035F682748BB698173027DD207F3
:102FC00039D5254A9D68817390F817E002EB810C92
:102FD000827D42EA0E22A81885422DD198681044BD
:102FE00098605868104458601868801A1860188AE9
:102FF000013880B218827B8A934200D808BB012333
:1030000003FA01F2638923EA0203638104EB860376
:103010005B68DB680BB10E489847302383F3118857
:1030200004EB86046368986941680C30FEF732FB54
:10303000002383F31188F8BD9CF800E005F801EB4C
:10304000CAE7044A137D03F0FE031375F3E700BFDC
:103050009C4000200040014020400140F8B5214C38
:10306000871C04EB87035E68014672695068156827
:10307000A84219D3012303FA01F2238923EA0203A8
:103080002381B3680BB120469847302383F311881E
:1030900004EB87046368002158690C30FEF7FAFAE4
:1030A000002383F3118817E00F4B997313691844B9
:1030B0005060281ADED0348A844228BF04469068C3
:1030C000146103440948936000EB81001C44A3424F
:1030D00003D10122044B5A74F8BD13F8012B02707E
:1030E000F5E700BF9C400020004001402040014027
:1030F0002DE9F041844B9B799C07DFB202D58348D0
:10310000FFF734F9780702D58048FFF7C7F8390789
:1031100013D57E4C6368DB6823B97B4AD37A03F00E
:10312000F703D3722378052B02D17848FFF71EF9F5
:103130006368DB680BB175489847734B9A781D79C3
:1031400002F0FF06EDB252B9002D3AD1FB0702D5CD
:103150006E48FFF7DDF8BDE8F041FEF775BBF207FA
:1031600020D50022694CE0689A7393F811C01CF0D6
:10317000040F5FFA8CF11CBF5A7484F83420CB061C
:1031800005D58022604B5A74002384F8343094F8BB
:1031900034300BB1062B24D1CC0703D54368002172
:1031A0005A489847B20702D50120FFF757FF730727
:1031B00002D50220FFF752FF340702D50320FFF7A4
:1031C0004DFFA80702D50120FFF7EEFE690702D5E3
:1031D0000220FFF7E9FE2A07B8D50320FFF7E4FE37
:1031E000B4E7092B4CD1DFF820C19CF81130DAB2DA
:1031F00013F00203D6D102F01102112AD2D0426993
:103200008CF80E3051681369D2F800E0194451600F
:10321000BEEB0101B0F8108016D0414528BF4146F1
:1032200094681161234493605A18934207D1038A2A
:1032300099422CBF02210A218CF81110B2E713F831
:10324000014B8CF82040F0E7434504D10A238CF869
:1032500011301161A6E7238923F0010323818368DC
:103260000BB12A489847302383F311880021E36883
:1032700058690C30FEF70EFA002383F3118891E7AA
:10328000152B8FD1DFF880E09EF81130D90789D552
:1032900000228369D3F808C08EF80E209EF816200D
:1032A000D1B26244944527D19A680A449A605A6818
:1032B0000A445A601A68521A1A601A8A013A92B27B
:1032C0001A82438A8B424FF000010F4B997300D84A
:1032D000BAB948225A74638923F001036381E36811
:1032E000DB6813B1002109489847302383F3118824
:1032F000E36898694168BCE79EF820800CF8018B70
:10330000D0E740225A744DE7004001409C40002025
:103310000148FEF7E0BE00BF9C40002010B50478D5
:10332000012C0ED1074AC260FFF7BEFA0022064BFD
:103330000D21DA72DC715A720E20BDE81040FFF7E1
:10334000CEB910BDFC5801080040014010B503780B
:103350000446012B0CD00E20FFF7D7F90022054BB5
:103360002046DA72DA715A72BDE81040FFF7CCBA23
:1033700010BD00BF0040014090F84E20014B1A7074
:10338000704700BF0040014000EB8100344BC26831
:1033900001F00F0110B59973106800F003000029C7
:1033A00056D002282CD003282AD0012827D15369CF
:1033B0000BB993691BB3E020294B9874108AC0F3B2
:1033C000C70018744020587408205874587401209D
:1033D000DC7900FA01F149B241EA0400C0B2D871C7
:1033E000C0205875528AC2F3C702DA7480221A7557
:1033F00010221A751A755A7A1143C9B2597210BD42
:10340000506980B100209874108AC0F3C700187406
:10341000402058740820587458740120DC79884082
:103420002043C0B2D8719369002BE8D000200C4B28
:103430005875528AC2F3C702DA7480221A751022B4
:103440001A751A750122587A02FA01F10143D4E77C
:103450000028D4D1DA7942F00102DA71CFE700BF57
:1034600000400140002208B50B4BDA715A724268E5
:10347000D2681AB1DA7A42F00802DA72074B0021F8
:10348000C360FFF781FF0122034B5A70DA7A42F0E2
:103490000102DA7208BD00BF00400140FC5801087B
:1034A00070B50D4B0021DA79402602F00102DA7185
:1034B000082401228025102059729A730132D2B259
:1034C000042A99745E745C745C7459751D75187562
:1034D0001875F2D170BD00BF004001400C4B01F0E7
:1034E0000F029A7341B95A7C52070ED4D87910F062
:1034F000010018BF02207047187D10F0200004D191
:103500005B7A134113F0010FF3E70120704700BF0E
:10351000004001400C4B01F00F029A7341B95A7CF4
:1035200052070ED4D87910F0010018BF022070475E
:10353000587C10F0100004D1DB79134113F0010F17
:10354000F3E70120704700BF0040014001F00F0386
:10355000054901EB830102F10803087802F8010B29
:103560009342FAD1704700BF204001404822044BEB
:1035700001F00F0199735A74002380F834307047BA
:103580000040014010B501F00F0400EB8101CB6851
:1035900099690A6872B1588A1318013BB3FBF0F3BA
:1035A0009BB20B82064B9C7334B11A7D02F0FE0273
:1035B0001A7510BD0123F4E740225A74F9E700BFE1
:1035C0000040014000EB810311F00F0170B508BF0E
:1035D0004025DC6808BF124B626904BF99735D74B3
:1035E000238A15680F4CAB4228BF2B4613619268A3
:1035F00004EB8104D518AA4205D1094A917331B16F
:103600000123537470BD12F8016B2670F3E7517CEF
:10361000C168098A8B422CBF02230A23F1E700BF4D
:103620000040014020400140054B01F00F0199731B
:1036300011B120221A75704760225A74704700BF7A
:1036400000400140044B01F00F01997311B11022A9
:103650005A7470476022FBE700400140044B01F0C0
:103660000F01997311B180221A7570475974704710
:1036700000400140044B01F00F01997311B1402249
:103680005A7470475974704700400140074BD3E9A2
:1036900002128A4208D0596801F59C70824201D119
:1036A000D96070470832DA60704700BF2C370020BD
:1036B0000023074930B51A460C46834201D1E25433
:1036C00030BD11F8015B01332A44D2B2F5E700BFE7
:1036D000F82E00202DE9F843034616461A481B4CE5
:1036E00000F8013BF0F752FFD4E9018708F59C7917
:1036F0004F4506F10106E36804D1984506D1002044
:10370000BDE8F88307F108029342F7E7104A216900
:1037100002F2CF735B1A312B98BF2261322EEED8A2
:103720002569324628460849F0F730FF4F453D608D
:1037300035447D6018BF083725610CBFC4F8088088
:10374000A7600120DCE700BFB43800202C37002040
:103750005C2F0020082202490120FFF7BBBF00BFF9
:10376000382F00200E2202490220FFF7B3BF00BF0E
:10377000452F00200368044905220B6003790720C8
:103780000B71FFF7A7BF00BF402F002070B50546A3
:10379000264C003044F0010418BF0120A047686A9D
:1037A000234E003018BF0120A0470120A047A86B7E
:1037B000003018BF0120A047E86B003018BF01207F
:1037C000A04700244FF47A721A491B48356000F074
:1037D000D1FD1A4B1A4A1B495A601961C3E90222EA
:1037E0001C703368C2E900115B6A4FF4E1309847FE
:1037F00035680F22214605F11400F0F73DFF012343
:10380000EB752B766423EB770F4B0E221C700F4B5E
:1038100021461C605C600E48F0F72EFF0D4B1C80AB
:103820000D4B1C601C710D4B1C7070BD5C59010868
:10383000302F0020EC380020D43C00202C37002012
:10384000743700205C2F0020362F0020382F0020F6
:10385000452F0020342F0020402F0020E43C002082
:103860000048704780590108034BD8689B68C01A0C
:1038700018BF0120704700BF2C3700202DE9FF47FB
:10388000AB4C06462068AB4F003047F0010718BF2D
:103890000120B8472068A84D003018BF0120B84764
:1038A0002368DFF8A882586B003018BF0120B847A2
:1038B0002368986A003018BF0120B84723685B6B03
:1038C0009847002800F09C8023689B6A984795F8E9
:1038D0003230012B4AD0002B34D0022B4ED095F839
:1038E00032305A1CE85498F80030D2B2013BDBB2B7
:1038F00085F8322088F80030002BDFD119468E4839
:10390000013A91425FD3AA5C9A4240F05F8140F64F
:103910006153ADF80C300A238DF80E302368032173
:10392000DB6A03A89847002385F832302B785C2B9C
:1039300000F041814DD85A2B73D05B2B79D07F4B4F
:1039400003222FE061280BD8602804D2A0F15A038B
:10395000DBB2032B06D80123287085F8323001E052
:10396000AF28F8D0002388F80030A7E702236028AA
:1039700085F83230687018BF0123F4E70A282B78E5
:1039800012D10322612BA87085F832200CD16B78FC
:103990000D2BA4D10023216885F8323088F800303F
:1039A0000B75664B1A702BE0AF2B98D16B78602BA0
:1039B00095D195F83230E8540133013085F8323032
:1039C00088F800007AE710F801CB01316344DBB2DC
:1039D00097E7602B00F0F380AF2B06D05D2BAED1C4
:1039E00023686A7883F821200AE05548AD7800F012
:1039F000D5FCA84204D32A465249514800F0DBFCCA
:103A00002068003018BF0120B8474C4A1378904610
:103A1000032B00F2F280DFE813F03301DD001D011B
:103A20002C016B7813F0F80FEAD1226882F820306D
:103A3000E6E76A782368213A212AE1D801A151F802
:103A400022F000BFCD3A0108D33A0108D93A010863
:103A5000013A0108013A0108013A0108013A010856
:103A6000013A0108013A0108013A0108013A010846
:103A7000013A0108013A0108013A0108013A010836
:103A8000013A0108E33A0108FD3A0108173B010831
:103A9000513B0108673B0108813B0108973B010846
:103AA000013A0108013A0108013A0108013A010806
:103AB000013A0108013A0108013A0108013A0108F6
:103AC000013A0108013A0108B13B010801225A7587
:103AD00096E70122DA8293E700225A754FF480724A
:103AE000F8E7194A1278002A8AD0964288D1012232
:103AF0001A83002283F820201A7781E7124A12786D
:103B0000002A3FF47DAF96427FF47AAF4FF4807283
:103B10001A830022F0E70C4A1278002A3FF470AFB3
:103B200096427FF46DAF00221A8383F8202067E766
:103B3000302F00205C590108C52E00202C370020B2
:103B4000D43C0020C82E0020C42E0020532F00207B
:103B50009B4A1278002A3FF453AF96427FF450AF4D
:103B600001225A774CE7964A1278002A3FF448AF70
:103B700096427FF445AF01229A7600225A76D4E726
:103B80008F4A1278002A3FF43BAF96427FF438AF59
:103B90000122DA76F1E78A4A1278002A3FF430AF40
:103BA00096427FF42DAF01221A7700225A7627E73A
:103BB00000221A7524E723686A78DA7720E72368F9
:103BC000687883F82200DB6B984719E7002385F8B3
:103BD000323073E623687B4D9B6B98472B68984285
:103BE00023689B6B31D398472B68C01A764B1B78A0
:103BF000834202D2022388F800301EB32368062EC7
:103C00009B6B724D40F09C8198472B6898422368CB
:103C10009B6BC0F08D8198472B68181A18BF012044
:103C200080B16B4C2378D90704D523F001032370AE
:103C3000FFF790FD23789A0704D523F00203237041
:103C4000FFF790FD04B0BDE8F08798472B68DB4391
:103C50001844CBE75F4A6049137809780133DBB237
:103C60009942137003D200231370FFF70FFD002356
:103C7000C1E7FFF70BFD0023564A88F800301370A8
:103C8000D8E902239342B8D0D3E90015534B6D1AFB
:103C90002A461846F0F77AFC8146002DADD0206800
:103CA0006A1E003018BF01200192B8470A21464B16
:103CB000494819703221017099F800108246019A22
:103CC000122923D8DFE811F013001A0048005D0024
:103CD0006A0075009000AF00C000CC00D100D60093
:103CE0002001E100F5000001080110011801032284
:103CF0003B4B5A63A6221A80022019E02268127DEB
:103D000032B1002211461046FFF7E4FC032372E7AC
:103D100005221A700A233249A1224B630B4631480F
:103D200003F8012B0268C1F80120426809205A609B
:103D3000FFF7BEFC2368D86A003018BF0120B847DF
:103D400027482368818EDB6A984723689B6B9847D6
:103D50001C4B186001234EE705221A701022204BDD
:103D60005A63A22203F8012B1E4A02F10C0152F8F9
:103D7000040B8A4243F8040BF9D112880F201A80F1
:103D8000D6E705221A700422154B03205A63A3229A
:103D90001A70B9F80120A3F80120C9E705221A70AA
:103DA00003220F4B5A63A4221A7099F801205A700B
:103DB000A2E705221A700322094B5A63A522F3E7F2
:103DC000C42E0020E8380020E0110020582F0020E9
:103DD000362F0020542F0020E11100204037002012
:103DE000F82E0020413700200322624B02205A6344
:103DF000A6221A7099F801205A70FFF759FC99F819
:103E00000130522B09D8512B02D2303B052B91D8CF
:103E1000002E8FD0584B1E708CE7532B8AD1012374
:103E20008AF8003086E705221A700723514AA82134
:103E30005363134603F8011B50490868C2F8010098
:103E40000A7906201A7173E74A48AB1C4363A92319
:103E50000370427049490230F0F798FB681C67E72D
:103E60004448AB1C4363AB23F2E74248AB1C4363BB
:103E7000AC23EDE73F486B1C4363AD233F4900F89B
:103E8000013BF0F783FB284652E746F2AF13DFF819
:103E9000E49003353949C9F83450A9F8003089F85D
:103EA000022009F10300F0F771FBD9F83400013862
:103EB0003EE7DFF8C090B12348460135C9F83450D9
:103EC00000F8013B2D49EEE7DFF8A8900135C9F86D
:103ED00034504846B223F3E7DFF898900135C9F82B
:103EE00034504846B323EBE7DFF888900135C9F832
:103EF00034504846B423E3E7DFF878900135C9F839
:103F000034504846A723DBE703231A4D6B6340F682
:103F100061532B800A23AB702368D86A003018BF26
:103F20000120B8472368A98EDB6A28469847EDE64A
:103F300098472B68C01A10F1FF3018BF01206FE6B8
:103F400098472B68984223689B6B0ED398472B6841
:103F5000C01A072894BF0020012000283FF472AE49
:103F600023689B6B984728605BE698472B68DB4388
:103F70001844EEE7F82E0020C42E00204137002020
:103F8000012000B50E4B89B0034398470D4800F05F
:103F9000FAF91F2811D9002320226946094800F0A8
:103FA0003EFA2021074800F064FA20216846F2F723
:103FB00095FF012009B05DF804FB0020FAE700BF7F
:103FC0005C590108D43C0020F8B504461F464C4B10
:103FD0004C4A186842F00102003018BF01200D461B
:103FE0009DF818609047231FA02B43D8464A022310
:103FF00015B3D55CA5421AD03DB9D454434A1378C1
:1040000043F0010313702846F8BD0133082BF0D1AB
:104010006EB1E30804F0070101243D4A8C40D15CF5
:104020000C43D454394A137843F00203137000252B
:10403000E9E70133082B09D0D15CA142F9D1002175
:10404000D154324A137843F0010313703048E10829
:10405000435C04F0070443FA04F2D207E7D50122D7
:1040600002FA04F4294A23EA04034354137843F080
:104070000203C7E7A4F1E00293B2072B16D86DB193
:104080000FB1E32C05D001231F4993400A78134355
:104090000B701E4A137843F00103C7E701231A4946
:1040A00003FA02F20B7823EA0203F1E7A4F1A50078
:1040B00083B2022B12D801221649824091F90030B6
:1040C00052B245B1134301220420DBB20B701149F7
:1040D000FFF700FBABE723EA0203F4E7A4F1A80330
:1040E0001A2B0AD825B158340B4BE4B233F81450CC
:1040F0000A4902220D800320EAE7012583E700BF79
:10410000302F00205C590108382F0020362F002066
:10411000452F0020E43C002020590108342F0020C6
:1041200038B5184C00252378032B29D8DFE803F095
:10413000020C16200A23144843708570FFF71AFBFF
:1041400008B10123237038BDF6230F4845708370F2
:10415000FFF710FB0028F6D00223F3E7F6230A4806
:1041600043708570FFF706FB0028ECD00323E9E7D6
:104170000A23054845708370FFF7FCFA0028E2D057
:104180002570E0E7372F0020402F002007B50122DF
:104190008DF807000DF107010620FFF79BFA03B029
:1041A0005DF804FB38B504460E4D0F4B286843F00C
:1041B0000103003018BF01209847601EC0B20428D8
:1041C0000ED80A4A2B68125C53F822402046F0F7BA
:1041D0002BFD2146BDE8384002460820FFF77ABA99
:1041E000002038BD302F00205C59010856590108C5
:1041F00038B50D460446084B1868084B003018BF08
:10420000012043F0010398472A462146BDE8384083
:104210000920FFF75FBA00BF302F00205C5901086A
:1042200038B50D460446084B1868084B003018BFD7
:10423000012043F0010398472A462146BDE8384053
:104240000A20FFF747BA00BF302F00205C59010851
:10425000002337B501930B4B044618680A4B003016
:1042600018BF012043F001030D469847042244EA99
:1042700005440DEB02010B200194FFF72BFA03B06C
:1042800030BD00BF302F00205C59010808B1FFF796
:1042900071BA7047264B08201A4610B513F8011B57
:1042A000002936D0002313605360FFF753FA012032
:1042B0000023204A12F8011B81B30E2200211D4861
:1042C000F0F7DAF9FFF74EFA01201B490A784B782C
:1042D000134306D0002302220B800320FFF7FAF9D4
:1042E0000120164A0023114612F8014BDCB10023CD
:1042F00012480B600B71FFF7C9FF012010490B78C2
:1043000033B1002301220B700420FFF7E3F90120F1
:1043100010BD013810F0FF00C0D1C9E70133DBB296
:104320000E2BC7D1D1E70133DBB2052BDCD1E5E79A
:10433000382F0020452F0020342F0020402F002050
:10434000E43C002038B50D460446084B1868084B7D
:10435000003018BF012043F0010398472A46214648
:10436000BDE838400D20FFF7B5B900BF302F002061
:104370005C59010830B129B122B10023C0E9001213
:10438000C0E90233704740B1D0E902239A4201D814
:10439000981A704740681844801A704750B1D0E9A5
:1043A0000232934297BF406803F1FF30C01800F11A
:1043B000FF30801A7047F8B50F461446054660B3C3
:1043C000D0F800C0BCF1000F27D031B32AB3D0E938
:1043D000023083429CBF6A689B18013B1B1AA342B0
:1043E0001BD36E68361AA64228BF264676B9A21B92
:1043F000B9192868F0F7CAF8E8686B680444B4FB98
:10440000F3F003FB10440120EC60F8BD3246604439
:10441000F0F7BCF8B442EFD9E9E70020F5E7F8B5CA
:104420000F461446064610B3006808B3F9B1F2B15E
:10443000D6E90252954284BF71685218521BE118A6
:10444000914214D82B447568ED1AA54228BF254621
:1044500025B1C1182A463846F0F798F8AC4204D97D
:10446000621B31687819F0F791F8012000E0002014
:10447000F8BD10B588B189B1D0E902239A4284BF52
:1044800044681B199B1A8B4208D343681144B1FB43
:10449000F3F203FB12118160012010BD0020FCE744
:1044A0001A1B1C1D1E1F202122235553425F444509
:1044B000564943455F53544154455F4E4F5F494E03
:1044C0004954005553425F4445564943455F535450
:1044D0004154455F494E4954005553425F44455647
:1044E0004943455F53544154455F434F4E46494706
:1044F00055524544005553425F4445564943455F34
:1045000053544154455F53555350454E440000FFAA
:104510005A000000002020202020202020202828D1
:104520002828282020202020202020202020202073
:1045300020202020208810101010101010101010B3
:1045400010101010100404040404040404040410E3
:104550001010101010104141414141410101010171
:10456000010101010101010101010101010101013B
:104570001010101010104242424242420202020247
:10458000020202020202020202020202020202020B
:1045900010101010200000000000000000000000BB
:1045A000000000000000000000000000000000000B
:1045B00000000000000000000000000000000000FB
:1045C00000000000000000000000000000000000EB
:1045D00000000000000000000000000000000000DB
:1045E00000000000000000000000000000000000CB
:1045F00000000000000000000000000000000000BB
:1046000000000000000000000000000000000000AA
:104610000000000000000000040C0020000000006A
:10462000000000000000000000000000000000008A
:10463000000000000000000000000000000000007A
:10464000000000000000000000000000000000006A
:10465000000000000000000000000000000000005A
:10466000000000000000000000000000000000004A
:10467000000000000000000000000000480053009F
:1046800000005400570031003800360037000000A9
:104690006D6F64756C65207665723A2025640D0A2D
:1046A000000D0A6275696C6420646174653A203299
:1046B0003032352D30392D31322D31343A31343AD2
:1046C000353900374B455953205457313836372D3B
:1046D0003100374B455953205457313836372D3236
:1046E00000374B455953205457313836372D330056
:1046F0005742204B422034005742204B4220350085
:10470000E200E900EA00B500B600B700CD00830181
:10471000CC008A0192019401210223022402250285
:10472000260227022A02B300B4006F0070009F0126
:10473000CB019F02A00200000000000060EA000020
:1047400020BF0200E0930400C0270900804F120040
:1047500040771B00C0270900000800400108004006
:104760000208004003080040060000400A04004020
:104770000B0400400C0400400D0400400E040040F7
:104780000A000040060800400708004008080040F2
:10479000090800400948032181620C21C1620848D0
:1047A00090F81003074900F00F000A68824200D019
:1047B00008600020401C2328FCDB704700000140FB
:1047C00000F0FF1F040401400748032181620C210F
:1047D000C1620648016801F00F01082901D90821CA
:1047E000016000BF00BF70470000014004040140A9
:1047F00000000040010000400200004003000040B3
:10480000040000400D0800400E08004000000000B9
:104810000000000000000000000000000000000098
:104820000000000000000000000000000000000088
:104830000000000000000000000000000000000078
:104840000000000000000000000000000000000068
:104850000000000000000000000000000000000058
:104860000000000000000000000000000000000048
:104870000000000000000000000000000000000038
:104880000000000000000000000000000000000028
:104890000000000000000000000000000000000018
:1048A0000000000000000000000000000000000008
:1048B00000000000000000000000000000000000F8
:1048C00000000000000000000000000000000000E8
:1048D00000000000000000000000000000000000D8
:1048E00000000000000000000000000000000000C8
:1048F00000000000000000000000000000000000B8
:1049000000000000000000000000000000000000A7
:104910000000000000000000000000000000000097
:104920000000000000000000000000000000000087
:104930000000000000000000000000000000000077
:104940000000000000000000000000000000000067
:104950000000000000000000000000000000000057
:104960000000000000000000000000000000000047
:104970000000000000000000000000000000000037
:104980000000000000000000000000000000000027
:104990000000000000000000000000000000000017
:1049A0000000000000000000000000000000000007
:1049B00000000000000000000000000000000000F7
:1049C00000000000000000000000000000000000E7
:1049D00000000000000000000000000000000000D7
:1049E00000000000000000000000000000000000C7
:1049F00000000000000000000000000000000000B7
:104A000000000000000000000000000000000000A6
:104A10000000000000000000000000000000000096
:104A20000000000000000000000000000000000086
:104A30000000000000000000000000000000000076
:104A40000000000000000000000000000000000066
:104A50000000000000000000000000000000000056
:104A60000000000000000000000000000000000046
:104A70000000000000000000000000000000000036
:104A80000000000000000000000000000000000026
:104A90000000000000000000000000000000000016
:104AA0000000000000000000000000000000000006
:104AB00000000000000000000000000000000000F6
:104AC00000000000000000000000000000000000E6
:104AD00000000000000000000000000000000000D6
:104AE00000000000000000000000000000000000C6
:104AF00000000000000000000000000000000000B6
:104B000000000000000000000000000000000000A5
:104B10000000000000000000000000000000000095
:104B20000000000000000000000000000000000085
:104B30000000000000000000000000000000000075
:104B40000000000000000000000000000000000065
:104B50000000000000000000000000000000000055
:104B600000000000000000000000FF00FF55FFAA49
:104B7000FF2BFFBFFF6A01011A1B1C1D1E1F2021F6
:104B800022230000FF55FFAAFF2BFFBFFF80FF0479
:104B9000500D0F1018191A1D252122232B0205066E
:104BA00009060D0F10191A22A900AA0027782878E3
:104BB000A900AA0027782878A900AA0027782878D1
:104BC000A900AA0027782878A900AA0027782878C1
:104BD00029003A003B003C003D003E003F00400001
:104BE00041004200430044004500460048003500B3
:104BF0001E001F00200021002200230024002500A9
:104C0000260027002D002E002A004C002B00140047
:104C10001A000800150017001C0018000C001200F4
:104C200013002F00300031004B0039000400160043
:104C3000070009000A000B000D000E000F003300F2
:104C4000340028004A004E00E10064001D001B00F3
:104C5000060019000500110010003600370038006A
:104C6000E50052004D00E000E300E200000000001B
:104C700000002C00000000002178E60021525000C6
:104C800051004F001C7E00000000000000000000EA
:104C90000000000000000000000000000000000014
:104CA0000000037CB300B400B200AF00AC00AB0066
:104CB000AE00AD00A800AA00A9001B7E0100237869
:104CC00001000100010001000100010001000100DC
:104CD00001000100010001000100077E20780100B1
:104CE00001000100010001000100010001000100BC
:104CF0002452010001000100010001000100010037
:104D00000100010001000100010001000100245226
:104D10000100010001002178010001000100007E76
:104D2000017E027E057E067E010001000100010079
:104D3000010024522778010001000B7001000000DF
:104D4000000000000100000000000100010001005F
:104D50002A7828782978010000000000000000006F
:104D60000000000000000000000000000000000043
:104D7000000000002900BE00BD00C100C20028786C
:104D80002778AC00AE00AB00A800AA00A90046003E
:104D9000480035001E001F002000210022002300D3
:104DA00024002500260027002D002E002A004C009C
:104DB0002B0014001A000800150017001C00180032
:104DC0000C00120013002F00300031004B0039009E
:104DD00004001600070009000A000B000D000E0079
:104DE0000F003300340028004A004E00E100640048
:104DF0001D001B0006001900050011001000360000
:104E000037003800E50052004D00E000E200E3000A
:104E10000000000000002C00000000002178E700E6
:104E20002352500051004F0001000000000000001C
:104E30000000000000000000000000000000000072
:104E4000000000000000037C3A003B003C003D00F5
:104E50003E003F0040004100420043004400450046
:104E600001002378010001000100010001000100A0
:104E70000100010001000100010001000100077EA6
:104E80002078010001000100010001000100010083
:104E90000100010024520100010001000100010095
:104EA00001000100010001000100010001000100FA
:104EB00001002452010001000100217801000100DD
:104EC0000100007E017E027E057E067E010001005B
:104ED00001000100010024522778010001000100B7
:104EE00001000000000000000100000000000100BF
:104EF000010001002A7828782978010000000000CC
:104F000000000000000000000000000000000000A1
:104F10000000000000000000007C01000100010012
:104F20000100010001000100010001000100010079
:104F30000100010001000100010001000100010069
:104F40000100010001000100010001000100010059
:104F50000100010001000100010001000100010049
:104F6000010001000100197E0100010001000100A3
:104F70000100010001000100010001000100010029
:104F800001000100197E0100010001000100010083
:104F90000100010001001A7E0100010013700100F0
:104FA00001000100010001000100010001000100F9
:104FB00001000100000000000000010000000000EE
:104FC00001000100010001000100010001000000DA
:104FD00000000000000000000000000000000000D1
:104FE00000000000000000000000FF55000000006D
:104FF00000000000000000000000000000000000B1
:1050000000000000000000000000000000000000A0
:105010000000000000000000000000000000000090
:1050200000000000000000000000FF55000000002C
:105030000000000000000000000000000000000070
:10504000000000000000FF55FF55FF550000000064
:105050000000000000000000000000000000000050
:105060000000000000000000000000000000000040
:105070000000000000000000000000000000000030
:105080000000000000000000000000000000000020
:10509000000000000000000000000000FF550000BC
:1050A0000000000000000000000000000000000000
:1050B0000000000000000000000000000000FF00F1
:1050C000FF00FF00000000000000000000000000E2
:1050D000000000000000000000000000FF00FF00D2
:1050E000FF00FF00FF0000000000000000000000C3
:1050F0000000000000000000FF00FF00FF00FF00B4
:10510000FF000000000000000000000000000000A0
:105110000000000000000000FF00FF00FF00000092
:10512000FF00000000000000000000000000000080
:1051300000000000FF000000000000000000000070
:10514000FF00000000000000000000000000000060
:105150000000FF000000FF00000000000000000051
:10516000000000000000000000000000000000003F
:10517000000000000000000000000000000000002F
:105180000000000000000000000000000000FFAA76
:10519000000000000000000000000000000000000F
:1051A0000000000000000000000000000000FFAA56
:1051B000FFAAFFAAFFAAFFAAFFAAFFAA00000000F9
:1051C000000000000000000000000000FFAAFFAA8D
:1051D000FFAAFFAAFFAA00000000000000000000D4
:1051E00000000000000000000000FFAAFFAAFFAAC4
:1051F000FFAAFFAA0000000000000000000000005D
:105200000000000000000000000000000000FFAAF5
:10521000FFAA0000000000000000000000000000E5
:10522000000000000000000000000000000000007E
:10523000000000000000000000000000000000006E
:10524000000000000000000000000000000000005E
:10525000000000000000000000000000000000004E
:10526000000000000000000000000000000000003E
:10527000000000000000000000000000000000002E
:10528000000000000000000000000000000000001E
:10529000000000000000000000000000000000000E
:1052A00000000000000000000000000000000000FE
:1052B00000000000000000000000000000000000EE
:1052C00000000000000000000000000000000000DE
:1052D00000000000000000000000000000000000CE
:1052E00000000000000000000000000000000000BE
:1052F00000000000000000000000000000000000AE
:10530000000000000000000000000000000000009D
:10531000000000000000000000000000000000008D
:10532000000000000000000000000000000000007D
:105330000000000000080040010800400208004092
:1053400003080040060000400A0400400B0400402F
:105350000C0400400D0400400E0400400A00004010
:1053600006080040070800400808004009080040FF
:105370000000004001000040020000400300004027
:10538000040000400D0800400E080040E200E90063
:10539000EA00B500B600B700CD008301CC008A0159
:1053A00092019401210223022402250226022702EF
:1053B0002A02B300B4006F0070009F01CB019F026E
:1053C000A002296C6C756E2800296C696E2800009B
:1053D0003131295A1B750A000FF1000811F100083C
:1053E00029F1000845F10008000000000004004019
:1053F0000F00000000000000180000000001010183
:105400000101010101010202020202020202020381
:105410000303030303030304040404040404050551
:105420000505050606060606070707070708080814
:1054300008090909090A0A0A0B0B0B0C0C0C0D0DC3
:105440000D0E0E0E0F0F0F1010111111121213135B
:105450001414151516161717181819191A1A1B1BD4
:105460001C1D1D1E1E1F2020212222232424252630
:1054700026272829292A2B2C2D2D2E2F3031323268
:10548000333435363738393A3B3C3D3E3F40414274
:10549000434445464748494A4C4D4E4F505153545A
:1054A000555658595A5B5D5E5F616264656668690E
:1054B0006B6C6D6F7072737577787A7B7D7E80828E
:1054C000838587888A8C8E8F91939596989A9C9ED7
:1054D000A0A2A3A5A7A9ABADAFB1B3B5B7BABCBEE7
:1054E000C0C2C4C6C9CBCDCFD1D4D6D8DBDDDFE2B4
:1054F000E4E7E9EBEEF0F3F5F8FAFDFF0000000059
:10550000000000000000000000000000000000009B
:10551000000000000000000000000000000000008B
:10552000000000002A2B28000000000000000000FE
:105530000000000000000029000000002C1E3420A4
:10554000212224342627252E362D3738271E1F20CA
:105550002122232425263333362E37381F0405060F
:105560000708090A0B0C0D0E0F1011121314151653
:105570001718191A1B1C1D2F3130232D3504050651
:105580000708090A0B0C0D0E0F1011121314151633
:105590001718191A1B1C1D2F3130354C0000000044
:1055A0007E0F00D4FFFFFFC70000007800FF01005E
:1055B000010000FFFF0000010001FF0002020000E7
:1055C00008040040050800400904004000040040B1
:1055D0000300000000000000470801080000000070
:1055E00008000000002D0020000000000200000064
:1055F0000000000003000000000000004708010850
:1056000000000000200000005C2D002000000000D1
:105610000200000000000000010B010865080108FD
:1056200061090108490801080457010808570108E1
:105630001057010804060E00655601087E56010841
:105640009E560108C056010820570108425701081C
:105650004422B609025B00030100A0FA090400001D
:105660000103010100092111010001224400070585
:105670008103080001090401000203000000092160
:105680001101000122220007058203200001070505
:1056900002032000010904020001030000000921A7
:1056A0001101000122B60007058303200001120149
:1056B0000002000000402D3447E502000102000115
:1056C00005010906A101050719E029E715002501D3
:1056D000950875018102950175088101050719007A
:1056E00029FF150026FF0095067508810005081999
:1056F0000129051500250195057501910295017592
:10570000039101C00403090406034800530000008C
:105710000E035400570031003800360037000000F7
:105720000660FF0961A1010962150026FF009520AE
:10573000750881020963150026FF00952075089100
:1057400002C005010902A10185020901A1000509A4
:105750001901290815002501950875018102050127
:10576000093009311581257F9502750881060938B0
:105770001581257F950175088106050C0A380215EB
:1057800081257F950175088106C0C005010980A1AA
:1057900001850319012AB700150126B70095017587
:1057A000108100C0050C0901A101850419012AA07E
:1057B00002150126A002950175108100C00501099E
:1057C00006A1018506050719E029E71500250195C1
:1057D00008750181020507190029EF1500250195BB
:1057E000F0750181020508190129059505750191DA
:1057F00002950175039101C000000000090F010826
:10580000F90E0108290F0108190F0108230F0108DB
:10581000130F0108030F0108F30E01080000000038
:105820004C600108F0400020F0400020F0400020D3
:105830004C600108000000000000000000000000B3
:105840004C600108000000000000000000000000A3
:105850004C60010800000000000000000000000093
:105860004C60010800000000000000000000000083
:105870004C60010800000000000000000000000073
:105880004C60010800000000000000000000000063
:105890004C60010800000000000000000000000053
:1058A00063300000A0580108982D0020A82E002089
:1058B0006D61696E0069646C6500000000000000A5
:1058C000E71E0108D71E0108071F0108F71E01087F
:1058D000011F0108F11E0108E11E0108D11E010887
:1058E000111F010800000100000065786974006B59
:1058F000696C6C00009600000300000000000000CE
:1059000081230108012F01085D2F0108400040009C
:10591000A82E0020A82E002001000000BC2E002090
:10592000E200E900EA00B500B600B700CD0083014F
:10593000CC008A0192019401210223022402250253
:10594000260227022A02B300B4006F0070009F01F4
:10595000CB019F02A0020001020304000549D1F817
:105960000012054A114010B10448814200D0FEE700
:105970007047000000F0FF1FFF3F00F0802900305B
:10598000627473206C69622076657273696F6E3A17
:105990002076322E382E32005245454E54206D610D
:1059A0006C6C6F6320737563636565646564000088
:1059B0002E2E2F2E2E2F2E2E2F2E2E2F2E2E2F2E02
:1059C0002E2F2E2E2F2E2E2F6E65776C69622F6C48
:1059D0006962632F7374646C69622F72616E642EE6
:1059E000630000002C2066756E6374696F6E3A2048
:1059F00000000000617373657274696F6E20222568
:105A00007322206661696C65643A2066696C652062
:105A1000222573222C206C696E6520256425732550
:105A2000730A0000232D302B20000000686C4C000E
:105A300065666745464700003031323334353637C6
:105A4000383941424344454600000000303132338A
:105A500034353637383961626364656600000000AA
:105A6000BCE7FE7F01000000040C002000000000E5
:105A70005C4601083C4601081C4601080000000085
:105A80000000000000000000000000000000000016
:105A90000000000000000000000000000000000006
:105AA00000000000000000000000000000000000F6
:105AB00000000000000000000000000000000000E6
:105AC000000000000000000000000000C3460108C4
:105AD000D2460108E1460108F0460108F8460108EF
:105AE00000000000000000000000000000000000B6
:105AF000F501010841020108550201086902010887
:105B00007D02010855070108396700080000000000
:105B100000000000000000009D670008BD7A00083A
:105B2000E17A00086964000825680008DD62000861
:105B300000000000B80B0000007E00000000000024
:105B4000B80B0000017E000000000000B80B000050
:105B5000027E000000000000B80B0000037E000081
:105B600000000000B80B0000047E000000000000F0
:105B7000B80B0000057E000000000000B80B00001C
:105B8000437E000000000000B80B0000037C000012
:105B900000000000B80B0000117E000000000000B3
:105BA000B80B0000127E000000000000B80B0000DF
:105BB000137E00000000FF001817161514131211B1
:105BC000100F0E0D0C0B0A191A1B1C1D1E1F202175
:105BD00022232425260934333231302F2E2D2C2B2D
:105BE0002A2928270735363738393A3B3C3D3E3F8E
:105BF000404108064EFF4D4C4B4A494847464544F4
:105C00004342054F5051FFFFFF52FFFFFF000102CB
:105C10000304FFFFFFFFFFFFFFFFFFFFFFFFFFFF8B
:105C2000FF9540A440C240D140E040E033E026E090
:105C30001AE00DE000D100C200B300A40095008678
:105C4000007700680059004A003C002D001E000F3C
:105C5000000000000D0F0D1E0D2D0D3C0D4A0D59BD
:105C60000D680D770D860D950DA40DB30DC20DD1E8
:105C70001AB31AA41A951A861A771A681A591A4A60
:105C80001A3C1A2D1A1E1A0F1A001A00260F261E69
:105C9000262D263C264A26592668267726862695CE
:105CA00026A426C226D133B333A433953386337763
:105CB00033683359334A333C332D331E33003300BA
:105CC000400F401E4059400404040404040404042A
:105CD0000404040404040404040404040404040484
:105CE0000404040404040404040404040404040474
:105CF0000404040404040404040404040404040464
:105D00000404040404040404040404040404040453
:105D1000040404040404040404040100FA00000060
:105D2000000000000100000000000000C8000000AA
:105D300005830008FF000000FA00000000000000DA
:105D40000100000000000000C900000005830008F9
:105D50000000FF00FA000000000000000100000049
:105D600000000000CA00000005830008FF000000DA
:105D7000FA00000000000000010000000000000028
:105D8000CB00000005830008FF000000FA000000BF
:105D9000000000000100000000000000CC00000036
:105DA00005830008FF000000FA000000000000006A
:105DB000030000000000000042000000000000009E
:105DC00051515100FA0000000000000003000000E3
:105DD00000000000040000000000000051515100CC
:105DE000FA000000000000000300000000000000B6
:105DF000030000000000000051515100FA000000B3
:105E0000000000000300000000000000020000008D
:105E10000000000051515100FA0000000000000095
:105E2000030000000000000034000000000000003B
:105E3000FFFFFF00FA00000000000000010000006A
:105E4000000000003600000000000000FFFFFF001F
:105E5000FA00000000000000010000000000000047
:105E60003700000000000000FFFFFF00FA00000004
:105E7000000000000300000000000000FA00000025
:105E8000318C000800000000FA0000000000000053
:105E90000300000000000000FB000000598D000816
:105EA00000000000FA0000000000000003000000F5
:105EB00000000000FF000000318E000800400000DC
:105EC0006500000000000000B80B0000A800000002
:105ED000EC140020FDB7000801140A1E0150082828
:105EE00000FF00FFFF0339050301020000960000D8
:105EF00003000000FFFFFFFF04000000040000009B
:105F00000000000000000000000000000000000091
:105F10000000000000000000000000000000000081
:105F20000000000000000000000000000000000071
:105F3000000000000000000000000000030000005E
:105F40000000000013110108891101082000200041
:105F5000000000000000000002000000000000003F
:105F60000300000000000000C7110108000000004D
:105F70000800000000000000000000000200000017
:105F8000000000009C40002002020000040000000D
:105F900004000000200000002000000000000000BD
:105FA000D82B0020682C002000000000000000001A
:105FB00000000000000000000000000000000000E1
:105FC00000000000000000000000000000000000D1
:105FD00000000000000000000000000000000000C1
:105FE00000000000000000000000000000000000B1
:105FF00000000000000000000000000000000000A1
:106000000000000000000000000000000000000090
:106010000000000000000000000000000000000080
:10602000000000000000000001000000F50C010865
:10603000110D0108550D0108750D010800960000AD
:0C6040000000080000A24A040A32000020
:00000001FF
