:04000005080041B9F5
:020000040800F2
:103F00000031000000000000000000000000000080
:103F100047E52D3454573138363700000000000093
:103F200000000000000000000000485300000000F6
:103F30000000000000000000000000000000000081
:103F40000000000000000000000000000000000071
:103F50000000000000000000000000000000000061
:103F60000000000000000000000000000000000051
:103F70000000000000000000000000000000000041
:103F80000000000000000000000000000000000031
:103F90000000000000000000000000000000000021
:103FA0000000000000000000000000000000000011
:103FB0000000000000000000000000000000000001
:103FC00000000000000000000000000000000000F1
:103FD00000000000000000000000000000000000E1
:103FE00000000000000000000000000000000000D1
:103FF00000000000000000000000000000000000C1
:1040000000040020B9410008BB410008BB41000882
:10401000BB410008BB410008BB410008542101001E
:10402000AC1B973FBB410008BB410008F5170108D6
:10403000BB410008BB410008BB4100082F2A010812
:10404000BB410008BB410008BB410008BB41000860
:10405000BB410008BB410008A5760008E5760008D2
:104060002577000869770008AD770008BB41000894
:10407000BB410008BB410008F9300108BB41000802
:10408000F1770008BB410008BB410008BB410008B4
:10409000BB410008BB410008BB410008BB41000810
:1040A000BB410008BB410008E52C0108F92C0108C0
:1040B000BB410008BB410008BB410008BB410008F0
:1040C0004D2A010891780008BB4100084579000895
:1040D000BB410008BB410008BB410008BB410008D0
:1040E00072B6264880F30888254880F30988254859
:1040F00025490860022080F31488BFF36F8F0DF00C
:1041000093F80CF06FFE4FF0553020491B4A914256
:104110003CBF41F8040BFAE71D49194A91423CBFE4
:1041200041F8040BFAE71B491B4A1C4B9A423EBF5D
:1041300051F8040B42F8040BF8E700201849194A1B
:1041400091423CBF41F8040BFAE70DF071F80DF015
:104150006CF8154C154DAC4203DA54F8041B884733
:10416000F9E707F0F1FB124C124DAC4203DA54F8B8
:10417000041B8847F9E70DF059B80000000400203F
:10418000000C00200040000808ED00E000000020C6
:1041900000040020705A0108000C0020E4110020E7
:1041A000E8110020F0400020E0400008E040000856
:1041B000E0400008E040000892E700F000F8FEE769
:1041C0002DE9F04FC1F80CD0C3689D46BDE8F08FD3
:1041D000002383F311882846A04700200DF03EFA03
:1041E000FEE70DF06FF900DFFEE7000053B94AB9B2
:1041F000002908BF00281CBF4FF0FF314FF0FF30EF
:1042000000F076B9ADF1080C6DE904CE00F006F8C7
:10421000DDF804E0DDE9022304B070472DE9F04742
:10422000089E0D4604468846002B4DD18A4294468E
:1042300068D9B2FA82F252B101FA02F3C2F1200156
:1042400020FA01F10CFA02FC41EA030894404FEA1B
:104250001C41B8FBF1F71FFA8CFE01FB178807FB26
:104260000EF0230C43EA084398420AD91CEB0303DF
:1042700007F1FF3580F01E81984240F21B81023F1A
:1042800063441B1AB3FBF1F001FB103300FB0EFE7D
:10429000A4B244EA0344A6450AD91CEB040400F185
:1042A000FF3380F00981A64540F20681644402385C
:1042B0000021A4EB0E0440EA07401EB10023D440C5
:1042C000C6E90043BDE8F0878B4208D9002E00F014
:1042D000EE800021C6E900050846BDE8F087B3FA84
:1042E00083F100294AD1AB4202D3824200F2FC8022
:1042F000841A65EB030301209846002EE2D0C6E93C
:104300000048DFE702B9FFDEB2FA82F2002A40F08D
:104310009180A1EB0C0001214FEA1C471FFA8CFE93
:10432000B0FBF7F307FB1300250C45EA00450EFB35
:1043300003F0A84208D91CEB050503F1FF3802D2AF
:10434000A84200F2CE8043462D1AB5FBF7F007FBDA
:1043500010550EFB00FEA4B244EA0544A64508D958
:104360001CEB040400F1FF3502D2A64500F2B68032
:104370002846A4EB0E0440EA03409EE7C1F1200763
:104380008B4022FA07FC4CEA030C25FA07FA4FEAA5
:104390001C49BAFBF9F820FA07F309FB18AA8D406B
:1043A0001FFA8CFE1D4300FA01F308FB0EF02C0CE3
:1043B00044EA0A44A04202FA01F20BD91CEB0404BD
:1043C00008F1FF3A80F08880A04240F28580A8F191
:1043D00002086444241AB4FBF9F009FB104400FB02
:1043E0000EFEADB245EA0444A64508D91CEB040410
:1043F00000F1FF356CD2A6456AD90238644440EA20
:104400000840A0FB0295A4EB0E04AC42C846AE46A1
:1044100056D353D0002E69D0B3EB080264EB0E04E0
:1044200022FA01F304FA07F71F43CC40C6E90074EF
:10443000002147E70CFA02FCC2F1200125FA01F342
:104440004FEA1C4720FA01F195400D43B3FBF7F109
:1044500007FB11331FFA8CFE280C40EA034001FBD6
:104460000EF3834204FA02F408D91CEB000001F1B8
:10447000FF382FD283422DD902396044C01AB0FBD5
:10448000F7F307FB1300ADB245EA004503FB0EF05E
:10449000A84208D91CEB050503F1FF3816D2A84243
:1044A00014D9023B6544281A43EA014138E73146F2
:1044B000304607E72F46E4E61846F9E64B45A9D211
:1044C000B9EB020865EB0C0E0138A3E74346EAE7B7
:1044D000284694E74146D1E7D0467BE7644402385A
:1044E00047E7023B65442FE7084606E73146E9E621
:1044F000704700BF062008B500F0E0FA01200EF07A
:10450000DFF800BF024B0146186800F06DB900BF2C
:10451000000C0020024B0146186800F0FFB800BFF5
:10452000000C0020032A10B516D940EA010C1CF03B
:10453000030F04460B4622D119462046D1F800E06D
:10454000D0F800C00433F44504F1040417D1043A50
:10455000032A20461946EFD8541EA2B100F1FF3CB1
:10456000013901E0C3180CD01CF801EF11F8012F3C
:10457000A4EB0C039645F5D0AEEB020010BD541E23
:10458000ECE7184610BD104610BD00BF844641EA56
:10459000000313F0030349D1403A23D30B680360AF
:1045A0004B6843608B688360CB68C3600B690361B1
:1045B0004B6943618B698361CB69C3610B6A036299
:1045C0004B6A43628B6A8362CB6AC3620B6B036381
:1045D0004B6B43638B6B8363CB6BC3634030403166
:1045E000403ADBD230320BD30B6803604B68436038
:1045F0008B688360CB68C36010301031103AF3D2FF
:104600000C3205D351F8043B40F8043B043AF9D28C
:10461000043208D0D2071CBF11F8013B00F8013B5F
:1046200001D30B8803806046704700BF082A13D36C
:104630008B07B1D010F00303AED0C3F10403D21A3C
:10464000DB071CBF11F8013B00F8013BA4D331F894
:10465000023B20F8023B9FE7043AD9D3013A11F814
:10466000013B00F8013BF9D20B7803704B784370A3
:104670008B78837060467047830730B548D0541EEE
:10468000002A3FD00346CAB201E0013C3AD303F806
:10469000012B9D07F9D1032C2DD9CDB245EA052573
:1046A0000F2C45EA054536D9A4F1100222F00F0C73
:1046B00003F1200EE6444FEA121C03F1100242E916
:1046C000045542E9025510327245F8D10CF101024D
:1046D00014F00C0F03EB021204F00F0C13D0ACF12A
:1046E000040323F003030433134442F8045B9342AE
:1046F000FBD10CF003042CB1CAB21C4403F8012B0B
:104700009C42FBD130BD64461346002CF4D1F9E73E
:1047100003461446BFE71A46A446E0E7002952D0F4
:1047200038B551F8043C0C1F002BB8BFE4180546FF
:1047300000F0F0FA2B4A1368002B45D0A3420CD9A5
:1047400021686018834228D0636028461460BDE861
:10475000384000F0E1BAA3420FD81A465B68002B3C
:10476000F9D11168501884421DD034D3636054606D
:104770002846BDE8384000F0CFBA11685018A04272
:1047800015D028D8216860188342EFD118685B687B
:104790000144C4E900135460EAE718685B68014407
:1047A000C4E90013D1E7236819441160E0E72068E9
:1047B0000144501883421160DAD1D3E90003014467
:1047C000C2E90013D4E77047284663601460BDE86F
:1047D000384000F0A1BA0C2328462B60BDE83840D1
:1047E00000F09ABAE8110020F8B5CD1C25F00305B9
:1047F00008350C2D38BF0C25002D064623DBA942B9
:1048000021D8264F00F086FA3A6822B3144603E016
:1048100063682246FBB11C4623685B1BF8D40B2B54
:1048200015D8636894420CBF3B605360304600F07B
:1048300073FA04F10B00231D20F00700C21A01D007
:104840001B1AA350F8BD0C2300203360F8BD236071
:104850001C442560EAE77968D1B1294630460DF05D
:1048600013FF431C01460CD0C41C24F00304A042D7
:1048700005D03046611A0DF007FF013001D02560E8
:10488000D4E70C233046336000F046FA0020F8BD30
:1048900030460DF0F9FE7860DFE700BFE811002038
:1048A00038B5124B04461D68AA6B1AB10023C2E941
:1048B000044338BD1820FFF725FE0246A86378B1EF
:1048C00000210B2301209381C2E90401084B09490F
:1048D000094DC2E9011300231560C2E9044338BD44
:1048E0004221064B064800F0CDF900BF000C002025
:1048F000ECDE050034126DE60E33CDABA059010895
:10490000B859010838B5194B1C68A26B8AB11369F4
:104910001749546903FB01F1164800FB0411A3FB7E
:104920000030013341EB0001C2E9043121F00040C5
:1049300038BD1820FFF7E6FD0246A06388B10124C8
:1049400000250B230A480C49C2E9044511600146C1
:104950000A4D0B4C93810B4BC2E90154C2E904315F
:1049600038BD4E21084B094800F08CF9000C00209E
:104970002DF451582D7F954C0E33CDAB34126DE68E
:10498000ECDE05002E7F954CA0590108B8590108AE
:1049900038B5446C0CB1002038BD80210546FFF7C6
:1049A00023FF0246686430B1031F7C3243F8044F92
:1049B0009342FBD1EFE74FF0FF3038BD1F29F8B528
:1049C000054608D8466C0C4617464EB156F82400EA
:1049D00046F82470F8BD16234FF0FF302B60F8BD69
:1049E0008021FFF701FF0646686440B10021031FE4
:1049F00000F17C0543F8041F9D42FBD1E6E74FF030
:104A0000FF30F8BD1F2938B5054620D8426C0C464A
:104A10006AB152F8213053B1012B16D0591C10D075
:104A20000025204642F824509847284638BD28469D
:104A300000F0F8F8224601462846BDE8384000F06C
:104A4000DDB8162301202B6038BD002038BD1623A9
:104A50004FF0FF302B6038BD1F292BD8426C38B582
:104A60000C46054682B152F8243002EB84024BB169
:104A7000591C1AD0012B16D00025204615609847E6
:104A8000284638BD012038BD8021FFF7ADFE024623
:104A9000686460B10020131F02F17C0143F8040F29
:104AA0009942FBD1DFE7032038BD022038BD4FF02B
:104AB000FF3038BD4FF0FF30704700BF38B5144BA2
:104AC0001F281D681FD86A6C044662B152F8203056
:104AD0004BB1012B15D0591C0FD0002542F82050A6
:104AE0009847284638BD284600F09CF822460146E3
:104AF0002846BDE8384000F081B8162301202B601D
:104B000038BD002038BD16234FF0FF302B6038BD74
:104B1000000C0020124B1F2870B51E6808D80D46E7
:104B2000716C044649B151F8240041F8245070BD1D
:104B300016234FF0FF30336070BD80213046FFF701
:104B400053FE0146706440B10022031F00F17C0C4B
:104B500043F8042F6345FBD1E5E74FF0FF3070BD0C
:104B6000000C002038B50B4B1D686C6C0CB100209C
:104B700038BD80212846FFF737FE686438B1031F2F
:104B800000F17C0243F8044F9342FBD1EFE74FF072
:104B9000FF3038BD000C002038B5174B1F281D68AA
:104BA00027D86A6C044682B152F8243002EB8402A2
:104BB0004BB1591C1BD0012B17D000252046156086
:104BC0009847284638BD012038BD80212846FFF788
:104BD0000BFE0246686460B10020131F02F17C01E5
:104BE00043F8040F8B42FBD1DEE7032038BD0220DF
:104BF00038BD4FF0FF3038BD000C002070B50026E6
:104C0000074D0446084611462E600DF061FD431C19
:104C100000D070BD2B68002BFBD0236070BD00BF9F
:104C2000F01100200DF05CBD20F0030110F0030036
:104C3000C0F1000051F8043B00F1040C4FEACC0C29
:104C40006FF000021CBF22FA0CF213434FF0010C6C
:104C50004CEA0C2C4CEA0C4CA3EB0C0222EA0302AB
:104C600012EACC1204BF51F8043B0430F4D0C2F174
:104C7000000102EA0102B2FA82F2C2F11F0200EB65
:104C8000D2007047144600B51A460A4B0D461B6801
:104C900085B0DE6803464CB10749019130460749AB
:104CA0000294009500F022F8FFF724FC04490C461A
:104CB000F3E700BF000C0020EC590108FC59010883
:104CC000F859010808B513460022FFF7DBFF00BFC3
:104CD0000CB400B583B004AB53F8042B019300F07F
:104CE00057F803B05DF804EB02B070470EB400B59E
:104CF000074A82B003AB0146106853F8042B0193B6
:104D000000F046F802B05DF804EB03B0704700BF56
:104D1000000C0020704700BF704700BF9368013B44
:104D2000002B936005DAD2F818C0634507DB0A2927
:104D300005D01368581C106008461970704700F0C1
:104D400069BB00BF9BB1F8B5134406460F46541E1D
:104D50005D1E01E0AC4208D03A46304614F8011F0F
:104D6000FFF7DCFF431CF5D1F8BD0020F8BD0020A3
:104D7000704700BF936810B5144613B918465360C6
:104D800010BD00F031FE0023C4E9013310BD00BFA7
:104D90002DE9F04F0E4692461C4607469FB018B1CB
:104DA0008369002B00F0A880954B9E4200F0AA80FA
:104DB000944B9E4200F0B580934B9E4208BFFE6824
:104DC000B389180740F1A3803369002B00F09F805E
:104DD000002320220B9330239AF80010059401251C
:104DE0008A4C8DF831208DF8323000297DD0D146A3
:104DF0000B4604E019F8013F002B00F09480252BAE
:104E0000F8D1B9EB0A0B40F0918099F80030002BF3
:104E10006BD000234FF0FF3209F10109CDE90723E0
:104E2000069309938DF85B301C9304E0001B05FA90
:104E300000F018430690CA460522204619F8011BC7
:104E400001F01CF8069B0028F0D1D90644BF2022AF
:104E50008DF85B201A0748BF2B229AF8001048BF34
:104E60008DF85B202A2972D1059A11680432002935
:104E70000592C0F2A08009919AF801100AF1010A86
:104E80002E2976D0DFF888910322484600F0F6FFFD
:104E900048B14022069BA0EB090002FA00F0034350
:104EA0000AF1010A06931AF8011B062259488DF8E7
:104EB000301000F0E3FF002800F08380564B002BF9
:104EC0006CD005A9009132463846544B06A9AFF381
:104ED00000800390039B013307D00B9B039A9AF841
:104EE000001013440B93002981D1B3895B0615D4BC
:104EF0000B981FB0BDE8F08F00F056FD404B9E426E
:104F00007FF456AF7E68B38918073FF55DAF314631
:104F1000384600F0E1FA00283FF45AAF4FF0FF3076
:104F2000E7E7BE684CE7B9EB0A0BDED0D046CAF122
:104F3000010A03E0934538D918F8011F3246384674
:104F4000FFF7ECFE01300AEB0802F3D1CDE7A1F147
:104F50003002092A94D8099B1AF8011F03EB830336
:104F600002EB4303A1F13002092AF5D92E29099356
:104F700088D19AF801102A292DD1059B0AF1020047
:104F80001A680433002A0593B8BF4FF0FF339AF82C
:104F9000021007928246B8BF079373E7059B073359
:104FA00023F007030833059397E70B9A99F800302D
:104FB0005A440B922BE7494243F0020309910693AE
:104FC0005AE705A9009132463846144B06A900F06D
:104FD000CBF803907EE70023A1F13002092A0AF101
:104FE000010A07933FF64EAF1AF8011F03EB830344
:104FF00002EB4303A1F13002092AF5D9079341E7F7
:105000006446010844460108244601082C5A010858
:10501000345A0108385A010800000000454D0008C4
:105020008C4600B586461346034A714610685DF803
:1050300004EB6246FFF7ACBE000C00202DE9F04700
:1050400091461E460A698B680C469A42B8BF1A46BA
:10505000C9F8002091F843300546DDF8208013B1EF
:105060000132C9F80020226891065DD5D9F80030D8
:105070000233C9F80030226812F0060F11461ED123
:10508000E168CB1A002BD8BF114618DD002704F1C8
:10509000190A06E0D9F80030E268A2EB030CBC451F
:1050A0000CDD0123524631462846C047013007F146
:1050B0000107EFD14FF0FF30BDE8F087216894F889
:1050C0004330003B18BF01238A060AD53021E2187D
:1050D00082F8431094F845105A1C2244023382F897
:1050E00043103146284604F14302C0470130E1D065
:1050F000236803F00603042B1DD0A36822699342A2
:1051000025DD00279B1A1F4404F11A09002401E041
:10511000BC421CDA01234A4631462846C0470130CA
:1051200004F10104F4D1C5E712F0060F12D0003BE0
:1051300018BF0123D5E7D9F80030E1682269C91A00
:10514000A36821EAE1779342DCDC0029DCDC002063
:10515000BDE8F087E168D9F80030CB1A002BD8BF42
:10516000114693DCABE700BF2DE9F04317460A7EFA
:1051700085B00C46064698460C9D01F1430C002A6A
:1051800033D0A2F15803D9B2202967D8202B65D893
:10519000DFE813F0DD006400640064006400640074
:1051A00064006400640064006400A3006E00640096
:1051B0006400640064006E006400640064006400C5
:1051C00021007F00BF0064006400AE0064007F0027
:1051D00064006400E40023681A0640F102812B6831
:1051E0006269191D29601B681A600023E14623616A
:1051F0003B4621463046CDF8008003AAFFF71EFF4C
:10520000013020D04A46394630462369C047013034
:1052100019D02368E0689B07039919D5431A002B1E
:1052200016DD002504F1190904E0E0680399431A2A
:10523000AB420DDD01234A4639463046C0470130B6
:1052400005F10105F1D14FF0FF3005B0BDE8F08365
:105250008842B8BF084605B0BDE8F083012384F852
:10526000422004F142092361002384F84330BFE760
:105270002368190602D45A0600F1BF8029680A681B
:10528000043129601146002A6ADB0A25DFF87CE137
:1052900010E02368180640F19A802B68191D2960D8
:1052A00019686F2A0CBF08250A25DFF860E1002382
:1052B00084F843306268002AA2607DDB236823F013
:1052C00004032360002959D1002A77D1E146082D33
:1052D00063D0ACEB090323618AE701222B6804F158
:1052E0004209196804332B6084F842102261BBE73D
:1052F0002B6800211A1D2A60D3F800906268484686
:1053000000F0BCFD00287FD0A0EB090060602061A8
:10531000AAE7236843F0200323607822DFF8F0E057
:1053200084F845202A68111D2960190642D45D06BB
:1053300040D51188D80744BF43F0200323600029DB
:1053400043D12368102523F020032360AFE75823BF
:10535000DFF8B8E084F845302368E3E72368DCE74A
:105360002D2284F8432062684942002AA26002DBB1
:1053700023F0040323600A25DFF890E0E146B1FB47
:10538000F5F30A4605FB131019461EF80030AA4231
:1053900009F8013DF3D2082D9BD12368D90798D590
:1053A000626823699A4294DC302309F1FF3989F855
:1053B00000308EE71168BDE70029DFD19EF800308C
:1053C00004F1420984F8423081E710256FE713F0B9
:1053D000400F2B6803F1040129600CBF196819887C
:1053E0005FE713F0400F2B68626903F10401296045
:1053F0001B6814BF1A801A60F7E62A68B2F9001019
:1054000004322A600A463EE7606880E7405A010895
:10541000545A0108F8B506460D46144608B183698A
:1054200043B3254B9C422AD0244B9C4229D0244B89
:105430009C4208BFF468A269A389A2601A0722D51A
:10544000236903B322686169D31AEDB299422F46EA
:1054500029DD0133A1680139A160511C216015705B
:1054600062699A4216D0A389DB0701D50A2D11D0B3
:105470003846F8BD00F098FA0F4B9C42D4D17468BE
:10548000D9E7B468D7E72146304600F025F838B9A7
:105490002369D7E72146304600F024F90028E7D0F9
:1054A0004FF0FF37E4E72146304600F01BF90028B3
:1054B000F6D101232268CDE764460108444601087D
:1054C0002446010803460A46024908681946FFF7C0
:1054D000A1BF00BF000C00203C4B70B51D68064604
:1054E0000C460DB1AB69E3B1394B9C421FD0394B2F
:1054F0009C424DD0384B9C4208BFEC68B4F90C304C
:1055000018079AB219D5216911B312F001002FD0F2
:1055100000256069A5604042A06100292ED00020CE
:1055200070BD284600F040FA294B9C42DFD16C68E0
:10553000B4F90C3018079AB2E5D4D1063ED552071B
:1055400028D4216943F00803A3819AB20029DCD151
:1055500002F42070B0F5007FD7D02146304600F02D
:10556000FFFBB4F90C3021699AB212F00100CFD1DF
:10557000950758BF6069A0600029D0D1120658BFB6
:105580000846CDD543F040034FF0FF30A38170BDF6
:10559000AC68B3E7616B51B104F14402914204D0AD
:1055A0003046FFF7BBF8B4F90C30002262630022EA
:1055B000216923F02403C4E90012C3E7092243F060
:1055C000400332604FF0FF30A38170BD000C00201B
:1055D000644601084446010824460108F8B58B8951
:1055E0000C46190707463BD46268002A55DDE66A77
:1055F000002E50D000223D683A6013F4805250D102
:1056000001233846216AB047421C5CD0A389E66A70
:105610005B0705D56368C01A636B0BB1236CC01AB6
:105620000246216A00233846B047411C3BD13B6803
:10563000002B38D01D2B01D0162B4BD10023226913
:10564000C4E90023616B3D6029B304F1440399422E
:1056500002D03846FFF762F8002318466363F8BDAE
:105660002669C6B19A0718BF0023256808BF636979
:105670002660AD1BA3600CE02B463246D4F828C050
:105680003846216AE047B0F1000CA5EB0C056644F2
:1056900012DD002DF0DC0020F8BD226C002AA6DC13
:1056A000F9E7606DB4E70022236962602360A38993
:1056B000DB04C7D56065C5E7A3894FF0FF3043F031
:1056C0004003A381F8BD3B68002B9FD01D2B06D063
:1056D000162B04D0A38943F04003A381F8BD00201A
:1056E0003D60F8BD38B50B69BBB10C46054608B145
:1056F0008369B3B10D4B9C4211D00D4B9C4213D02A
:105700000C4B9C4208BFEC68B4F90C302BB121461D
:105710002846BDE83840FFF761BF002038BD6C68FF
:10572000F2E700F041F9E5E7AC68EDE7644601080F
:10573000444601082446010838B540B303690446CD
:10574000E3B1174B1D680DB1AB69CBB1154B9C4252
:105750000FD0154B9C4221D0144B9C4208BFEC68E3
:10576000B4F90C3053B121462846BDE83840FFF764
:1057700035BF6C68B4F90C30002BF4D1002038BD73
:10578000284600F011F9074B9C42E2D1F1E7084BA3
:1057900008491868BDE8384000F0BEBAAC68DFE7D9
:1057A000000C002064460108444601082446010814
:1057B00020460108E556000800207047014900F026
:1057C000ABBA00BFE556000800207047682270B5EC
:1057D0004D1E02FB05F50E4605F17401FFF704F8B6
:1057E000044640B100210C30C4E9016005F16802B3
:1057F0002160FEF741FF204670BD00BF274B2DE919
:10580000F0411E680746B36953B34FF004084836A9
:10581000D6E90134013B04D51EE05A1C04F16804AA
:105820001AD0B4F90C50013B002DF6D11C4B0822C4
:105830002946C4E90055C4E90253C4E90455656624
:10584000A56104F15C00FEF717FFC4E90D55C4E93A
:1058500012552046BDE8F08135682DB12E46D7E7B8
:10586000304600F01FF8D0E74FF4D6713846FEF707
:10587000BBFF044668B1056029460546C0F80480B0
:105880000C304FF4D072A060FEF7F6FE34602E4666
:10589000BEE70C2330603B60DBE700BF2046010819
:1058A0000100FFFF0023334A2DE9F0471268C0E9E9
:1058B00012339042036508BF01232F4908BF83615B
:1058C00081620546FFF79AFF034628466B60FFF7A3
:1058D00095FFA86028460024FFF790FF04236E6818
:1058E000DFF898A0DFF89890DFF89880264FE860FE
:1058F0000822F3602146C6E90044C6E90444746600
:10590000B460B46106F15C00FEF7B6FE1F4BC6E959
:10591000086AC6E90A983763AE680822F360214630
:10592000C6E90044C6E904447466B460B46106F193
:105930005C00FEF7A1FE164BC6E9086AC6E90A98A4
:105940003763EE682146F3600822C6E90044C6E9E1
:1059500004447466B460B46106F15C00FEF78CFE2A
:105960000123C6E9086AC6E90B87C6F82890AB612F
:10597000BDE8F08720460108BD57000855600008C3
:105980007D600008BD600008DD60000809000100BE
:1059900012000200024B0349186800F0BDB900BFB5
:1059A00020460108E5560008836903B97AE7704785
:1059B000704700BF704700BF704700BF704700BF0F
:1059C000024B0349186800F087B900BF000C0020A3
:1059D000B9570008024B0349186800F07DB900BFB1
:1059E000000C0020C95700089368002B00F0B78016
:1059F0002DE9F04FB1F90C300C46190780461746D7
:105A000083B098B225D523691BB310F002033D681B
:105A10002DD04FF0000B5E46DFF8B8A2002E00F04C
:105A20008B80564533465A4628BF53464046216A26
:105A3000D4F828C0E047002840F38780BB6883443F
:105A40001B1A361ABB60002BE8D1002003B0BDE85A
:105A5000F08F21464046FFF73FFD002840F0368199
:105A6000B4F90C303D6898B210F00203D1D110F0B7
:105A7000010976D14E46002E5AD08205D4F808B0DE
:105A800040F1B580B3455A4600F2CD8010F4906FD6
:105A900000F0CB8023682169A3EB010B636903EB62
:105AA000430A0AEBDA7A0BF101034FEA6A0A33443C
:105AB0005345524684BF9A465246430540F1EA8018
:105AC00011464046FEF790FE002800F0F9805A4645
:105AD00021690190FEF75AFDA289019B22F4906290
:105AE00042F08002A28103EB0B0023613246AAEB55
:105AF0000B03B346C4F814A0A3602060B24600268E
:105B00004946019200F002FAA3682168019AA3EBCA
:105B10000B030A44A3602260B868D144A0EB0A00DA
:105B2000B860002891D0B4F90C0080B2002EA4D146
:105B3000D5E9009608359EE7D5E900B608356DE74A
:105B400021464046FFF7CEFD80B3B4F90C304FF04C
:105B5000FF3043F04003A38103B0BDE8F08F002085
:105B600070471E46AA46994618461D4656B3002859
:105B700032D04A4620682169B24228BF3246884264
:105B8000636904D9A16803EB010B5A4574DC9342A5
:105B900065DC2A464046216AD4F828C0E047B0F1C7
:105BA000000BD2DDB9EB0B09CAD00120BB685D4404
:105BB000A3EB0B03A6EB0B06BB60002B3FF445AF3A
:105BC000002ED4D10AF1080353F8046C9A4653F816
:105BD000085C0833002EF7D032460A21284600F030
:105BE0004DF9002869D00130A0EB0509C1E7206814
:105BF000236998421BD86369B34218D86FF0004CF0
:105C0000B44528BFB4469CFBF3FC4A4603FB0CF3A7
:105C10004046216AD4F828C0E047B0F1000A94DD7C
:105C2000A6EB0A0678E7B3463246206866E7B34536
:105C3000DA4628BFB2464946524600F067F9A368E3
:105C40002268A3EB0A035244A3602260002BE7D131
:105C500021464046FFF746FD0028E1D075E729467A
:105C60009346019200F052F9A368019A9B1AA3602F
:105C700023681A44226095E729465A4600F046F9FF
:105C8000236821465B4440462360FFF72BFD002834
:105C900088D05AE7404600F0B5F9034600287FF463
:105CA00022AF40462169FEF739FD0C22B4F90C30D1
:105CB000C8F8002023F0800349E7721C914659E799
:105CC0000C22B4F90C30C8F8002040E74FF0FF3048
:105CD000BCE600BF00FCFF7F2DE9F04100268846AE
:105CE00000F14807D7E90154013D0ED4A389013DD5
:105CF000012B06D9B4F90E30013302D02046C0473B
:105D000006436B1C04F16804F0D13F68002FE9D111
:105D10003046BDE8F08100BF2DE9F8434FF000099F
:105D20000746884600F14806D6E90154013D10D4E3
:105D3000A389013D012B08D9B4F90E30013304D0F9
:105D400021463846C04749EA00096B1C04F1680443
:105D5000EED13668002EE7D14846BDE8F88300BF93
:105D6000F0B58B890C46990797B007D5012204F14D
:105D70004703C4E90432236017B0F0BDB4F90E1034
:105D8000054600292DDB6A460CF08BFC002827DB3A
:105D9000019E4FF4806706F47046A6F50056B6FAE9
:105DA00086F6394628467609FEF71EFD30B3A389EC
:105DB0001A4A43F08003AA62C4E90407A381206061
:105DC000002ED9D02846B4F90E100CF076FC00282D
:105DD000D2D0A38923F0030343F00103A381CBE7CF
:105DE000A38913F0800F14BF40274FF48067284623
:105DF00039460026FEF7F8FC0028D8D1B4F90C305B
:105E00009A05B9D4012123F0030304F1470243F0BA
:105E10000203C4E90421A3812260ADE7BD57000855
:105E200070B50C46B1F90E10164600291D4696B005
:105E300013DB6A460CF035FC00280EDB01994FF4A9
:105E4000806301F47041A1F50051B1FA81F10020A5
:105E500049092960336016B070BD0022B4F90C30D6
:105E60002A601B0604D540230020336016B070BDA5
:105E70004FF480630020336016B070BD5FFA81FC80
:105E8000810710D00346511E2AB90AE09A07184626
:105E90000AD0013905D3184613F8012B6245F5D114
:105EA000704700207047114603290CD80029F8D00C
:105EB0000346014401E08B42F3D0184613F8012B4E
:105EC0006245F8D1ECE7024610B54CEA0C2444EAEE
:105ED00004441046036804326340A3F1013E2EEAF5
:105EE000030313F0803F04D1043903291046F0D88E
:105EF00051B10346014401E08B4205D0184613F826
:105F0000012B6245F8D110BD002010BD88420DD98B
:105F10008B1883420AD900EB020CBAB1624613F81F
:105F200001CD994202F801CDF9D170470F2A0ED860
:105F3000034602F1FF3C4AB10CF1010C013B8C44D9
:105F400011F8012B614503F8012FF9D1704740EAA0
:105F500001039B074FD1A2F1100370B501F1200C92
:105F600023F00F0501F1100E00F11004AC441B09E1
:105F70005EF8105C0EF1100E44F8105C5EF81C5CCC
:105F8000103444F81C5C5EF8185C44F8185C5EF849
:105F9000145CE64544F8145CEAD1013312F00C0FAE
:105FA00001EB031102F00F0400EB031327D08E4620
:105FB000043C24F003064FEA940C1E441C1F5EF8B8
:105FC000045B44F8045FB442F9D10CF1010402F01F
:105FD000030203EB840301EB840102F1FF3C4AB1AD
:105FE0000CF1010C013B8C4411F8012B614503F8C5
:105FF000012FF9D170BD034602F1FF3C9CE7224618
:10600000EBE700BFF8B51446F9B1CAB106460D4634
:1060100000F068F8A04202D32F463846F8BD21466A
:106020003046FEF7E1FB07460028F6D02246294617
:10603000FEF7ACFA30462946FEF770FB3846F8BD4D
:106040002746FEF76BFB3846F8BD1146BDE8F84021
:10605000FEF7CABB10B50C46B1F90E100CF009FBE7
:10606000002803DB636D0344636510BDA38923F43B
:106070008053A38110BD00BF002070472DE9F0417F
:106080000C46B1F90C101F46CB05054616460BD43D
:1060900021F48051A1813B4632462846B4F90E10C6
:1060A000BDE8F0410CF0ECBAB4F90E100223002266
:1060B0000CF0E4FAB4F90C10EAE700BF10B50C4696
:1060C000B1F90E100CF0DAFAA389421C0EBF23F4CA
:1060D000805343F480536065A38110BDB1F90E1065
:1060E0000CF0D0BA51F8040C0028A0F10400BCBF99
:1060F0000B58C018704700BF0F4A0023114610B557
:10610000147C844211D11C225343CA18906858B1A0
:10611000CB58FF281FBF58434000013050604FF05C
:10612000010004BF0133536010BD01330F2B02F196
:106130001C02E5D10020F7E7B40E0020F0B50A4EAE
:1061400000253446377C874207D11C2000FB0540E0
:106150004176027683760120F0BD01350F2D06F1E0
:106160001C06EFD10020F7E7B40E0020094A30B535
:1061700000231446157C854205D11C22012002FB18
:106180000343996030BD01330F2B02F11C02F1D1A2
:106190000020F7E7B40E0020094A30B5002314466A
:1061A000157C854205D11C22012002FB0343596066
:1061B00030BD01330F2B02F11C02F1D10020F7E7B3
:1061C000B40E002070B50B4C00232546267C864279
:1061D00009D11C204343E818E95000238260C360C2
:1061E0004374012070BD01330F2B04F11C04EDD169
:1061F0000020F7E7B40E002070B500252E462B4C8A
:106200006368002B4FD0E06808BB637CB3FA83F36C
:106210005B0963740AF0A2FAD4E900239342E060B8
:106220002BD266606674E66063690BB1207C984788
:10623000207CFF2824D100221146104608F056F891
:106240000735692D04F11C04DAD1012070BD0AF074
:10625000C9FA23689842D8D26368002BE4D020465C
:1062600002F064FF0028EBD0637C207CB3B1FF28F0
:106270000CD1A27E217E607EE0E79B1A6360EBE793
:106280005228DDD800231A46194604E05228D7D8F0
:10629000A37E227E617E07F0AFF9D1E7FF28CAD046
:1062A0005228CDD8EFE76374E360C9E7B40E00204D
:1062B00007B543788DF8003083788DF80130C378C6
:1062C0008DF8023043798DF80330037968468DF8F4
:1062D00004300DF0DFFF03B05DF804FB08B5074B99
:1062E0005A78032A07D858680AF07CFAC72894BF5E
:1062F0000020012008BD0020FCE700BFA40C002006
:106300007047002280214FF0804008B50CF059FB07
:10631000FFF7F6FF00BF00BF00BF00BF00BF00BF18
:1063200000BF00BF00BF00BF00BF00BF00BF00BF75
:1063300000BF00BF00BF00BF08BD08B501F088FB6B
:1063400008BD000008B5054C20780DF09BFA2078B8
:10635000FFF7F3FF05200BF086F9F5E7E83C002096
:1063600010B5084C236803F07142074B13432360B8
:106370000AF0F4F9054B18602068BDE8104004F0FD
:106380000CBF00BFE83C00200001010EF811002006
:1063900010B5064C0122204602210CF012FB02230C
:1063A000A361BDE8104001F0F7BB00BF000400404E
:1063B00001207047144B10B51C78BCB9134B1B78E7
:1063C000042B13D104F0D6FD04F0EAFD04F09CFD8B
:1063D00004F016FE05F028FF05F042FF20460AF003
:1063E00053F82046BDE810400AF06AB80DF056FF99
:1063F00048B10DF03DFA0028FBD1BDE810404CF249
:1064000050300BF030B910BDE83C00209C4000201B
:1064100038B500230C46084D0B7030B10AF09EF9D8
:10642000002328602370002038BD28680AF0DAF9BC
:106430003228F3D8F7E700BF08120020084B9A78FB
:10644000012A07D0022A09D0064B1868B0FA80F05A
:106450004009704758780128F6D170470120FCE7C1
:10646000A40C00207013002008B5054B9B78013B5D
:10647000012B02D9FFF7E2FF08BD0120FCE700BFB6
:10648000A40C002008B50AF069F9014B986008BD1A
:10649000A40C002010B50B4C2378207063700AF018
:1064A0005DF96060FFF7EEFF00F0A0FE0022064BF2
:1064B0001A70237823B9BDE8104053200DF06ABE4E
:1064C00010BD00BFA40C002004120020F8B50C463B
:1064D0001546074660B300293FD0884201D0FFF738
:1064E00069FF584E3378013B012B04D80320FFF796
:1064F000D1FF0023B370544E3378A34200D11DB1B5
:106500000022524B9A619A83347024B1631E042B8B
:10651000747098BFB470306804F03FFE3378062B77
:1065200000F28980DFE803F0852A46505A646E0045
:106530000029D6D00222464B464E9A613378012B71
:10654000CDD030460CF01CFA30460BF0E7FD424847
:10655000424B836009F064FFC1E74FF400323C4BCB
:106560003C489A610378042BB9D03D4B3A4E1970E0
:106570003C4BB3600AF090FB3046EBE7312075B13D
:106580000DF008FE52200DF005FE01200DF00EFE6C
:106590004EF2475143F22D400DF05EFE51200DF0BA
:1065A000F9FDFFF76FFF2A462146384601F0EAFE63
:1065B0000120F8BD3220002DF1D00DF0EBFD52206E
:1065C0000DF0E8FD0220E1E73320002DE7D00DF0CB
:1065D000E1FD52200DF0DEFD0320D7E73420002D31
:1065E000DDD00DF0D7FD52200DF0D4FD0420CDE715
:1065F0003520002DD3D00DF0CDFD52200DF0CAFD79
:106600000520C3E73020002DC9D00DF0C3FD0421C3
:1066100015480DF0F1FD0C2114480DF005FE4EF269
:10662000475143F22D400DF017FE52200DF0B2FD00
:10663000B4E71120B3E711200DF0ACFDFFF790FE99
:10664000AFE700BFA40C0020E83C0020640C002051
:10665000000400409C400020C4110020B1620008EA
:10666000302D00205D0D0108844601088A4601088E
:10667000002313B50DF107018DF80730FFF7C8FEB1
:106680000446C0B19DF80730013B032B13D8DFE867
:1066900003F00209151D002211460E4B1878FFF772
:1066A00015FF08E00B4B002299781878FFF70EFFD2
:1066B0009E200DF06FFD204602B010BD054B00225C
:1066C00006211878FFF702FFFF20F2E7014B0022B6
:1066D0005978E3E7E83C002013B5124C20460DF052
:1066E00059F80123A37704F055FD0F4C206008B939
:1066F000FFF736FEE37843F00103E3700AF02EF86B
:106700000A4BFF22186000234FF4A8710093084839
:10671000084B0AF075FFFFF7F4FD0120FFF7A8FF13
:1067200002B010BD640C0020E83C0020F8110020ED
:10673000101200204563000848B1074A1378013B56
:10674000012B07D893782BB90320FFF7A3BE0122B2
:10675000024B1A70704700BFA40C002004120020E6
:10676000014B1878704700BFA40C0020014B9870B3
:10677000704700BFA40C0020014B9878704700BF01
:10678000A40C0020014BD870704700BFA40C00205F
:106790000122014B1A70704704120020F8B51C4CFE
:1067A0001C4EE378B268C3F342031AB9FFF76AFEDE
:1067B0000020F8BD184A52F8235023782BB9174B04
:1067C0001B78042B01D1FFF75DFE154F3B7893B189
:1067D00000233B704FF080431B69E278DB0963F3D1
:1067E00000022378E27073B102F020F80028DFD1B4
:1067F00001F060F9DDE7002DDAD0B06809F0F2FFB2
:10680000A842E5D2D4E7054B1B78042BECD1CDE7A9
:10681000E83C0020A40C0020404701089C400020D8
:106820000412002010B50B4B5A78012A03D0022A1B
:1068300008D0002005E09C78012C03D101F09EF9DE
:10684000204610BD586809F0CDFFC728F1D9FFF7E1
:10685000F5FDF6E7A40C002010B5074BD87810F032
:10686000FD0404D10220FFF715FE204610BD0320D1
:10687000FFF710FE0120F9E7A40C002038B50A4DFF
:106880000024EB78033B012B08D80320FFF702FE1E
:106890002046AC7001F01EF9012038BD0220FFF740
:1068A000F9FD2046F9E700BFA40C002038B50A4DD9
:1068B0000024EB78033B012B08D80320FFF7EAFD07
:1068C0002046AC7001F026F9012038BD0220FFF708
:1068D000E1FD2046F9E700BFA40C002070B59C4CF8
:1068E0009C4D2068F0B109F07DFFB0F5FA6F19D327
:1068F0000026552026600DF04DFC57200DF04AFC77
:1069000070200DF047FC944B1A78002A42D00122E7
:1069100006213046FFF7DAFD2B78062B3FD1FF200A
:106920000DF038FC2B7823B18C4B93F820208C4B46
:106930001A702368DBB98B4E306809F053FF40F6BC
:10694000B733984213D92B788BB10CF091FF70B903
:10695000824CA37F5BB109F001FF306053200DF042
:1069600019FC94F8213013B970200DF013FC4FF08E
:1069700080431B69EA78DB097B4C63F3000200204B
:10698000EA70FFF775FE2378032B27D8DFE803F0C2
:106990000B3158AF2978B1FA81F04009BAE7002BE2
:1069A000C7D09E20BCE7E36833B1984720B10120EF
:1069B000FFF770FD0023A370236933B1984720B11E
:1069C0000120FFF767FD0223A370636933B1984785
:1069D00020B10120FFF75EFD0123A3700DF0D4FA72
:1069E000624B1B78002B00F0D680BDE8704003F0AE
:1069F000F7BAA369002BF1D098470028EED002F037
:106A00003BFA5B4B187008F031FA2A78594B1A7030
:106A10000022524B9A772A68574B134063B9574C60
:106A20002378012B08D00222554B20469A610BF0A7
:106A3000A7FF20460BF072FB0220FFF72BFDCDE7EE
:106A4000E369002BCAD098470028C7D000224D4BDD
:106A50001A704FF080434FF080729A612A68464B5B
:106A60001340B3F1807F10D0A37853B3013B012BC7
:106A70000BD86378022B08D0FFF79CFC11200DF097
:106A800089FB0CF0F5FE0028FBD100F0FDFF002390
:106A9000E370384B2A781B789A4208D12A68364B23
:106AA0001340B3F1807F02D0A07800F091FCA3786E
:106AB000012B19D0022B14D0002B8FD1FFF7CCFE65
:106AC0008CE7264B5B7E002BDFD111200DF062FBA3
:106AD0000CF0CEFE0028FBD147F230500AF0C3FD87
:106AE000D3E7FFF7CBFE79E7FFF7E0FE76E7236A0F
:106AF000002B3FF473AF984700283FF46FAF01229B
:106B0000164B9A771A4B1B7833B14FF080434FF4F2
:106B100080729A6108F098F90120FFF7A9FD30B959
:106B20002A788AB3697802460846FFF7CFFC00242A
:106B3000144B1C7000F09CFFFFF7A4FC00F056FB08
:106B40002046FFF7A7FC53200DF024FB46E700BFCB
:106B5000F8110020E83C002060140020640C0020A4
:106B6000302D002000120020A40C0020FD11002078
:106B7000F4110020FC110020FF0000019C400020C7
:106B80000004004004120020034B1B78012BCED1DF
:106B900011466878C9E770BD9C400020012070470D
:106BA00008B5FFF7FBFF08BD37B504460D46FFF7F4
:106BB00069FC29462046FFF7F3FF60B1074B1A78BE
:106BC0004AB1074B20461B78D9090091C3F3001343
:106BD000A9780DF0FDF903B030BD00BFE83C0020FE
:106BE000043D002000B50B4B8FB0322193F82130CB
:106BF000094A01A805F0CFF901A808F015FF0CF02B
:106C000033FE08F011FF054808F00EFF0FB05DF8E5
:106C100004FB00BF640C002098460108A946010847
:106C20002B4B13B51A7804464AB12A4B01211B7825
:106C3000DB09009300230DF0CBF902B010BD002852
:106C4000FBD0031FDBB2A02B12D8234B01461868E0
:106C500009F070FC20B1204604F04EF904F0D0F9A0
:106C6000204604F041F902B0BDE8104004F0C8B974
:106C700000F12003DBB2072B07D800F00704012046
:106C8000A040C0B204F066F9EDE700F15B03DBB2AF
:106C9000022B06D8243880B202B0BDE8104009F0BB
:106CA000F3BB00F15803DBB21A2B07D80B4A32F8BA
:106CB000130002B0BDE8104009F002BC3334E4B266
:106CC000122CBAD8012102B0BDE8104003F086BAF8
:106CD000E83C0020043D002068100020084701081F
:106CE000244B13B51A7804464AB1234B1B78DB09B1
:106CF0000093002319460DF06BF902B010BD002877
:106D0000FBD0031FDBB2A02B06D804F0F5F802B0CD
:106D1000BDE8104004F074B900F12003DBB2072B8A
:106D200007D800F007040120A040C0B204F01AF90F
:106D3000EDE700F15B03DBB2022B05D8104602B091
:106D4000BDE8104009F0A0BB00F15803DBB21A2BDC
:106D500005D8104602B0BDE8104009F0B1BB33348D
:106D6000E4B2122CC9D8114602B0BDE8104003F0BD
:106D700035BA00BFE83C0020043D00202DE9F34176
:106D80000446C0B1114E3378C3B10127DFF840800B
:106D9000204603F09CF9054698F80030E030DB0906
:106DA000009301210023327880B207FA05F50DF037
:106DB0000FF9AC43ECD102B0BDE8F08104F0CAF8A1
:106DC00002B0BDE8F04104F01BB900BFE83C002070
:106DD000043D00202DE9F3410446C0B1114E337843
:106DE000C3B10127DFF84080204603F070F998F81E
:106DF00000300546DB0900930023E0301946327865
:106E000080B207FA05F50DF0E3F8AC43ECD102B01F
:106E1000BDE8F08104F0A6F802B0BDE8F04104F04E
:106E2000EFB800BFE83C0020043D00202DE9F3410D
:106E30000446C0B1114E3378C3B10127DFF840805A
:106E4000204603F044F9054698F80030E030DB09AD
:106E5000009301210023327880B207FA05F50DF086
:106E6000B7F8AC43ECD102B0BDE8F08104F088F88B
:106E700002B0BDE8F04104F0C3B800BFE83C002018
:106E8000043D00202DE9F3410446C0B1114E337892
:106E9000C3B10127DFF84080204603F018F998F8C5
:106EA00000300546DB0900930023E03019463278B4
:106EB00080B207FA05F50DF08BF8AC43ECD102B0C7
:106EC000BDE8F08104F064F802B0BDE8F04104F0E0
:106ED00097B800BFE83C0020043D00202DE9F041B8
:106EE00004460D4601F044FB00285AD12378013BAB
:106EF000202B64D8DFE813F0210026005E00780024
:106F00007E008A008D008D008D009200EC009800BC
:106F10009C00A200AD00B800BB00BE00C900D400B8
:106F2000DD006300630063006300630063006300CF
:106F30006300630063006300F100002363700C23AF
:106F4000A37025E06378013B032B38D8DFE803F01A
:106F5000020C0F2C09F002FC030EA370030CE3706B
:106F6000030A2371607113E008F021FAF4E7264662
:106F7000A77804F11C08062F0AD8F8B204F07CFCAC
:106F8000030AF37030710236B04507F10107F2D100
:106F90005C4B29461B782046002B40F0AF8009F05F
:106FA000F3FE0120BDE8F0810023A370E37023719C
:106FB0006371EDE76378022B04D0052B10D0FF231B
:106FC0002370E5E7E378A07840EA0320237940EADC
:106FD0000340637940EA036000BA08F0EFF9D7E7AD
:106FE000A07808F015FAD3E7E278A178607808F085
:106FF0004BFEB5E762792379A17843EA02235BBAB5
:10700000E27860789BB208F055FEC1E708F0A9FE6F
:10701000BEE72946204608F076FAB9E7002008F0D6
:10702000A9F908F0D6F9B3E708F030FF6070AFE7D0
:1070300008F02EFF030A6370A070A9E76078A378B8
:10704000E17840EA032040BA221D80B208F023FF15
:107050009EE76078A378E17840EA032040BA221DD9
:1070600080B208F032FF93E708F042FF90E708F0A3
:10707000FFFDDBE76078A378E17840EA032040BABF
:10708000221D80B208F0BCFE82E76078A378E17828
:1070900040EA032040BA221D80B208F0CDFE77E717
:1070A000E278A178003A18BF0122607808F017FE54
:1070B00056E762792379A17843EA0223E2785BBA42
:1070C000003A18BF012260789BB208F02AFE5FE701
:1070D00001230D4A637013705AE762780B4B4AB173
:1070E000A1781A7819B142F080021A7050E761F362
:1070F000C712FAE71B78C3F3C01321E70DF026F996
:107100004FE700BFE83C0020FD110020043D0020B7
:1071100010B54378044613B1FF23237011E0837840
:10712000013B032BF8D8DFE803F0021A284103786B
:10713000072B07D0082BEFD12B4BDB78C3F342038F
:10714000C37010BDC1780729FBD8BDE81040264B9D
:10715000DA7861F34302DA70186804F01EB8037835
:10716000072B05D0082BD7D101F071FBE070E8E7C1
:10717000C078BDE8104001F039BC0378072B0AD075
:10718000082BC9D142790179C07801F062FBA07166
:10719000000AE071D5E7C2798379017943EA0223D5
:1071A000BDE810404279C07801F069BB0378072B35
:1071B0000DD0082BB0D12379C078617940EA032043
:1071C00040BAA21D80B2BDE8104001F06DBB23792A
:1071D000C078617940EA032040BAA21D80B2BDE8C0
:1071E000104001F07CBB00BFE83C002008B509F06E
:1071F000B5FA014B186008BD60130020164B10B59E
:107200001C788CB9154B1B78052B08D0022B06D0A7
:1072100009F0A4FA124B1860124B1C7010BD4FF00D
:1072200080431B691B0603D4BDE81040FFF7DEBF97
:107230000B4B18680028F7D009F0D4FA41F6573301
:107240009842EBD9FFF7D2FFBDE810400122054B71
:107250001A70FFF79DBA00BFE83C00209C40002058
:1072600060130020641300202DE9F0411B4C0646FA
:1072700025781DB101242046BDE8F081FFF770FAA2
:107280000138012805D80320FFF704F92846FFF745
:107290006DFA94F80080B8F1000FEBD1104D2B7807
:1072A000052BE7D1B5F84C309B0702D50D4F3C7844
:1072B00024B9FF2E94BF00240124DCE7FFF750FA25
:1072C0000328D7D887F80080FFF790FF28460AF0F8
:1072D000D1FF284601F0EAF9CDE700BFE83C0020E5
:1072E0009C40002064130020704700001A4B70B5CA
:1072F0009C6C0F2644F4C0649C649B6C012301F0D9
:1073000003048B4021F0030101F1804101F5A051FC
:107310008D68A400C0F38320A04006FA04F425EA97
:10732000040528438860D8430C4912F0010F8C688B
:1073300014BF1C4304408C6012F0020FCA6814BFD3
:107340001A430240CA60054A536111680B43136037
:1073500053680340536070BD000C014000180040AA
:107360000F281FD8DFE800F0080C0F1215181818A6
:1073700018181B1B1B1B1B1B062108460BF0B3B95F
:1073800006210720FAE706210820F7E70621092051
:10739000F4E706210A20F1E706211020EEE7062196
:1073A0002120EBE770470120704708B5FFF7FBFF8E
:1073B00060B1012207214FF08040FFF797FF0720BF
:1073C000FFF7CEFFBDE80840FFF7D6B908BD0000C3
:1073D0002DE9F0473023054683F31188FFF7E5FFD9
:1073E0004FF000090127904EDFF8408256F8043B29
:1073F00095B1012D4ED143454CD123F00F0A03F036
:107400000F0307FA03F421460522504624040BF02B
:10741000D8FACAF8184001E0581CEED109F1010968
:10742000B9F10F0FE2D107240127814E56F8040B62
:10743000002D3BD0012D40F0E980B0F1804F40F0AD
:10744000E58000F00F01202207FA01F120F00F0083
:107450000BF0B7FA00BF00BF00BF00BF00BF00BF06
:1074600000BF00BF00BF00BF00BF00BF00BF00BF24
:1074700000BF00BF00BF00BF56F8040C022200F09E
:107480000F08414620F00F00FFF730FF4046FFF79E
:1074900067FF0DE0591CC1D003F00F01202207FA4D
:1074A00001F123F00F000BF08CFAB7E7421CC8D1B2
:1074B000013CBBD122464FF400615C480BF081FADD
:1074C00000BF00BF00BF00BF00BF00BF00BF00BFC4
:1074D00000BF00BF00BF00BF00BF00BF00BF00BFB4
:1074E00000BF00BF03220B215048FFF7FFFE0B2017
:1074F000FFF736FF84F3118872B64FF0E0220120C7
:10750000136923F0010313614A4B4B4A5A6100226D
:10751000A30003F1604303F56143D3F80011D5B232
:10752000012D94BF002101F0010109B1C3F88001D0
:107530000132202AF1D10134082CE8D13F4C636894
:1075400043F0007363603E4B1A6802F009021A6050
:107550001A6842F46C3242F004021A6040F2B3320C
:107560001A62384B43F001039847236943F0040340
:10757000236130BF344B43F0010398474FF0E022C2
:10758000236923F0040323611369304C43F00103A2
:107590001361E36943F08003E361A36C43F4007378
:1075A000A36409F01FFC02F08BFB40F282324FF41F
:1075B00000611E480BF005FAE36C43F00803E36436
:1075C000E36CA36C43F48053A364A36CE36C43F0BB
:1075D0001003E364E36CFFF787FE002383F3118855
:1075E00062B6D4F8903043F4C063C4F89030D4F855
:1075F000903023F4C063C4F89030D4F89030A36C7A
:1076000023F4C063A364A36CBDE8F087431C3FF47C
:107610004FAF00F00F01402207FA01F120F00F00F8
:107620000BF0CFF944E700BF6047010800080040B5
:10763000F847010800180040FFFF070000ED00E0D8
:1076400000000140D04701089C470108000C0140A0
:1076500001207047012070470B2810B5044614D054
:1076600004D8A0B107280ED0012002E01228FBD1D7
:107670000420FFF787F82046FFF7EAFF10B1204605
:10768000FFF7E8FF10BD0320F3E70220F1E7052034
:10769000EFE701238B40034202D00846FFF7DCBF2F
:1076A0007047000008B50D4B5A69D20706D51A6815
:1076B000002022F001021A60FFF7CEFF4022084BA3
:1076C000C3F88020BFF34F8FBFF36F8F0122034BAE
:1076D0005A61BDE808400AF0BBB800BF001800407E
:1076E00000E100E008B50D4B586910F0020006D02B
:1076F0001A68012122F002021A60FFF7CAFF8022F5
:10770000074BC3F88020BFF34F8FBFF36F8F022268
:10771000024B5A61BDE808400AF09AB800180040D0
:1077200000E100E008B50E4B586910F0040006D0E7
:107730001A68022122F004021A60FFF7AAFF4FF430
:107740008072084BC3F88020BFF34F8FBFF36F8F59
:107750000422034B5A61BDE808400AF079B800BF23
:107760000018004000E100E008B50E4B586910F029
:10777000080006D01A68032122F008021A60FFF7F9
:1077800088FF4FF40072084BC3F88020BFF34F8F7F
:10779000BFF36F8F0822034B5A61BDE808400AF01F
:1077A00057B800BF0018004000E100E008B50E4BDC
:1077B000586910F0100006D01A68042122F0100257
:1077C0001A60FFF766FF4FF48062084BC3F8802011
:1077D000BFF34F8FBFF36F8F1022034B5A61BDE889
:1077E00008400AF035B800BF0018004000E100E092
:1077F00038B5254B5C69A20604F4787507D51A687C
:10780000052122F0200228461A60FFF742FF600699
:1078100008D51D4A06211368284623F0400313604B
:10782000FFF737FF210608D5174A072113682846B6
:1078300023F080031360FFF72CFFE20508D5124AFE
:1078400008211368284623F480731360FFF721FF93
:10785000A30508D50C4A09211368284623F40073B0
:107860001360FFF716FF4FF48032084BC3F88020F7
:10787000BFF34F8FBFF36F8F4FF47872024B5A6193
:10788000BDE8384009F0E4BF0018004000E100E026
:1078900038B52A4B5C69620504F47C4507D51A6843
:1078A0000A2122F4806228461A60FFF7F2FE2305BF
:1078B00008D5224A0B211368284623F4006313607D
:1078C000FFF7E7FEE00408D51C4A0C2113682846A0
:1078D00023F480531360FFF7DCFEA10408D5174A98
:1078E0000D211368284623F400531360FFF7D1FEDF
:1078F000620408D5114A0E211368284623F48043F8
:107900001360FFF7C6FE230408D50C4A0F21136845
:10791000284623F400431360FFF7BBFE0222084B06
:10792000C3F88420BFF34F8FBFF36F8F4FF47C42B7
:10793000024B5A61BDE8384009F08ABF0018004088
:1079400000E100E008B50E4B586910F4802006D025
:107950001A68122122F480221A60FFF79AFE082288
:10796000084BC3F88420BFF34F8FBFF36F8F4FF4E2
:107970008022034B5A61BDE8084009F069BF00BF8F
:107980000018004000E100E080B483B000AF034B7A
:107990007B6000BF0C37BD4680BC7047003F0008CD
:1079A0002022012101480BF00CB800BF0004004068
:1079B00010B5074C23784BB901F0CEFA02F0B2FBB8
:1079C00008F034FD02F0BAFB01232370012010BD42
:1079D0006713002010B5054C23782BB101F094FA01
:1079E000FFF7DEFF00232370012010BD6713002086
:1079F00038B5154C00252378032B22D8DFE803F097
:107A0000020B131B0A2311488370C57008F032FD66
:107A10000123237038BDF6230C48C370857008F02D
:107A200029FD0223F5E7F62308488370C57008F0A6
:107A300021FD0323EDE70A2304488570C37008F095
:107A400019FD2570E6E700BF651300207C130020B8
:107A5000054B1B7833B1054B1B780BB9FFF7C8BF3B
:107A60000CF062BB704700BF6A130020E83C0020A6
:107A700008B5044B1B780BB9FFF79AFF02F0BBF86F
:107A800008BD00BF6713002008B5064B1B780BB17B
:107A9000FFF7A0FF0023044A1370044A136002F0AA
:107AA0009FF808BD6713002074130020781300208E
:107AB0000120704708B5FFF7FBFF08BD014B1878A0
:107AC000704700BF68130020014B1870704700BF5B
:107AD00068130020014B1870704700BF6813002026
:107AE000014B1878704700BF69130020084B10B590
:107AF0000446187058B9FEF733FE022807D8032051
:107B0000FEF7C8FC2046BDE81040FEF72FBE10BDB2
:107B100069130020FFF7EABF024B187880F00100DC
:107B2000FFF7E4BF69130020084B1A78084B1B7855
:107B30004BB982F00102A0F5A443203B1F2B8CBF60
:107B40001046012070470022F5E700BF69130020AE
:107B5000681300200120704700231946054A9372DC
:107B60001360054A0333212B917242F80C1BF9D1A3
:107B7000704700BF5C100020C80C002008B502F060
:107B800023F9FFF7E9FF0022014B1A6008BD00BF8F
:107B9000701300200120704708B5FFF709FFFEF7BA
:107BA0009BFD01F0DBF958B101224FF480714FF0D9
:107BB00080400AF006FF4FF080434FF480729A61D4
:107BC00008BD000000230D4A10B513700C4A4FF099
:107BD000804413700B4A136007F060F901280AD043
:107BE00007F054F94FF08073A36101F0FDF9BDE88F
:107BF000104003F074BB4FF48073F5E76613002068
:107C00006B1300206C13002008B503F02DFB05F06A
:107C1000C1FC03F0B8FA054B188001F03FF918B128
:107C2000BDE80840FFF7CEBF08BD00BF043D0020FF
:107C300037B504460D46FFF78DFF002800F0CE80D3
:107C4000002D00F0CB8047F613639C423AD8B4F580
:107C5000FC4F07D247F603439C4200F0BC80284605
:107C600003B030BDA4F5FC44132CF8D801A353F89D
:107C700024F000BFDB7C0008077D00082B7D000896
:107C80004F7D0008757D00089B7D00085F7C000823
:107C90005F7C00085F7C00085F7C00085F7C000858
:107CA0005F7C00085F7C00085F7C00085F7C000848
:107CB0005F7C00085F7C0008C17D0008C97D00086A
:107CC000D17D000847F643639C42C8D10122444B52
:107CD0001A700022434B1A60C1E7002301200DF106
:107CE00007018DF80730FEF793FB9DF80730042B52
:107CF00002D013F0FD0FB2D1012211463A4B187891
:107D0000FEF7E4FBABE7002301200DF107018DF83E
:107D10000730FEF77DFB9DF80730042B02D013F0EF
:107D2000FD0F9CD101220221E8E7002301200DF183
:107D300007018DF80730FEF76BFB9DF80730042B29
:107D400002D013F0FD0F8AD101220321D6E70023D0
:107D500001200DF107018DF80730FEF759FB9DF862
:107D60000730042B03D013F0FD0F7FF478AF01220E
:107D70000421C3E7002301200DF107018DF807302E
:107D8000FEF746FB9DF80730042B03D013F0FD0FE0
:107D90007FF465AF01220521B0E7002301200DF13A
:107DA00007018DF80730FEF733FB9DF80730DA1E28
:107DB000012A02D9002B7FF452AF012206219DE750
:107DC0000020FFF793FE4AE70122084B1A7046E7AE
:107DD000FFF7A2FE43E7FFF717FF40E705463EE740
:107DE0006B1300206C130020E83C00206913002076
:107DF00008B5074B1B780BB9FFF7DAFD4FF080434E
:107E00004FF480729A61BDE8084008F071BC00BF71
:107E1000671300202DE977470D46B44A8978044658
:107E20001368A9B1032B00D80133B14E1360FEF7DC
:107E300029FB33899C4207D195F80280B8F1000FE5
:107E40000AD008F08BFC3060AA4B002698462FE041
:107E5000002BEAD0013BE8E7B37A0BB93360F3E7D4
:107E600041462046FFF7E4FE86F80A80C6F8008007
:107E70000028E9D1002003B0BDE870870AFB06F6B0
:107E800008EB060A9AF80A3013B948F806301FE0E2
:107E900049462046FFF7CCFE8AF80A9048F806903B
:107EA0000028E7D014E001360B2E03F10C030FD0AD
:107EB0001A899442F7D195F802904FF00C0AB9F163
:107EC000000FDBD008F04AFC0AFB06F648F8060073
:107ED00029462046FFF728FE0028CBD02946204619
:107EE00001F046FA0028C5D047F607639C422DD81A
:107EF000B4F5FC4F1BD247F620039C4200F01A81D8
:107F000047F603439C42B5D02946204600F08EFD3B
:107F10000028AFD029462046FFF7A6F90028A9D0AF
:107F20002946204603B0BDE87047FEF73DBEA4F5E4
:107F3000FC44013CAB78062C33D8DFE814F0500049
:107F40006B008600A100BC00E3002F00A4F5FC43F9
:107F5000403B9AB2032AD7D8032BD5D801A252F8B6
:107F600023F000BF757F0008837F00088F7F000823
:107F7000757E0008AB78002B3FF47CAFFEF732FE35
:107F800078E7AA785C4B02B101221A7072E7AB78ED
:107F9000002B3FF46FAFFEF7FBFB6BE7574A137004
:107FA00068E7002B3FF466AF554C2378012B3FF474
:107FB00061AF002301200DF107018DF80730FEF7B6
:107FC00027FA9DF80730042B03D013F0FD0F7FF440
:107FD00051AF002201212078FEF778FA4AE7002B02
:107FE0003FF448AF464C2378022B3FF443AF0023C5
:107FF00001200DF107018DF80730FEF709FA9DF811
:108000000730042B03D013F0FD0F7FF433AF0022B1
:108010000221E0E7002B3FF42DAF394C2378032BEE
:108020003FF428AF002301200DF107018DF8073040
:10803000FEF7EEF99DF80730042B03D013F0FD0F87
:108040007FF418AF00220321C5E7002B3FF412AFE5
:108050002B4C2378042B3FF40DAF002301200DF1AE
:1080600007018DF80730FEF7D3F99DF80730042B90
:1080700003D013F0FD0F7FF4FDAE00220421AAE728
:10808000002B3FF4F7AE1E4C2378052B3FF4F2AEE5
:10809000002301200DF107018DF80730FEF7B8F934
:1080A0009DF80730042B03D013F0FD0F7FF4E2AEF0
:1080B000002205218FE7002B3FF4DCAE104C237823
:1080C000062B3FF4D7AE002301200DF107018DF8F8
:1080D0000730FEF79DF99DF80730DA1E012A02D914
:1080E000002B7FF4C7AE0022062174E77013002036
:1080F0005C100020C80C00206A13002066130020CA
:10810000E83C0020002B3FF4B5AE124C2378002B46
:108110003FF4B0AE002501200DF107018DF80750A6
:10812000FEF776F99DF80730012B3FF6A3AE2A46FD
:10813000294650E7AB78002B3FF4E6AE06F0AEFEE2
:108140004FF0804318B14FF080729A61DCE64FF433
:108150008072FAE7E83C0020014B1870704700BFBE
:1081600074130020014B1878704700BF741300206F
:10817000014B1868704700BF781300202DE9784143
:1081800005460C465A4EDFF86C812146284600F021
:1081900097FE50B1062C08D8DFE804F004095F967A
:1081A00096A3A3000022524B1A60BDE87881326882
:1081B0007ABBA5F1C803042B0BD8DFE803F0031644
:1081C0001B2025000023FF211A46C820FDF7B6FF1B
:1081D00001224FF4FA712846FDF7F4FF2846FDF717
:1081E0008BFF08F0BBFA3060DFE70022FF23114667
:1081F000C920EBE70023FF221946CA20E6E7FF2348
:10820000CB201A461946E1E7FF23CC201A4619462F
:10821000DCE7104608F0E6FA44F61F63984203D9FB
:108220000524354B1C70B0E7344B1B7883B9CC2D3B
:108230000ED1334B1B78042B41D103232E4C2846FF
:108240002370FF231A461946FDF778FF24789CE730
:1082500098F8192092B30324E3E73068F8B9A5F140
:10826000C803032BA1D8DFE803F0020B101500238D
:10827000FF211A46C820FDF761FF0122C821AAE7A5
:108280000022FF231146C920F5E70023FF221946EB
:10829000CA20F0E7FF23CB201A461946EBE708F087
:1082A000A1FA4EF65F23984201D90624B9E798F85F
:1082B00019300BB10424B4E7104B1B786BB128467E
:1082C000BDE87841FDF718BFFF224FF4FA61284658
:1082D000FDF778FF2846FDF70FFF0022064B1A70C6
:1082E00063E70022044B1A70FEF752FAE7E700BF7B
:1082F00078130020640C002074130020E83C002058
:108300009C400020014B1978FFF738BF7413002000
:108310000120704770B506460D46C8200021FDF7C4
:108320003BFF10B90024204670BD0021C920FDF795
:1083300033FF0028F6D00021CA20FDF72DFF0028CA
:10834000F0D00021CB20FDF727FF0028EAD0002144
:10835000CC20FDF721FF0028E4D029463046FFF766
:10836000D7FF04460028DDD00022044B29461D70AB
:10837000034B30461A60FFF701FFD4E77413002067
:108380007813002070B50D461446FEF711F8064626
:1083900080B155B3174B5B7E2BBB013D052D09D832
:1083A000DFE805F0030C120808182CB10221C820E0
:1083B000FFF7B0FF304670BD0121F8E714B102218C
:1083C000C920F5E70121FBE714B10221CA20EFE73C
:1083D0000121FBE714B10221CB20E9E70121FBE7F2
:1083E0000221CC20E4E71E46E4E7002CF8D101216D
:1083F000F7E700BF640C002008B50C4B1B789BB955
:10840000FEF7AEF980B90A4B1A783AB1094A527EA2
:1084100052B95978BDE80840FEF758B8064B1B78AA
:10842000042B01D01146F5E708BD00BF74130020EE
:10843000E83C0020640C00209C40002070470000B5
:108440002DE97F4FDFF8148105460E46FFF7F6FF52
:10845000FFF7D2FF98F80040002C36D0404D2B6833
:1084600013B908F07BF92860286808F0BBF941F2DD
:108470008733984207D998F80030013388F80030E4
:1084800008F06CF9286098F80030013B032B17D8EE
:10849000DFE803F0020C101400229620114605F0CC
:1084A00025FF0024204604B0BDE8708F00229621ED
:1084B0001046F4E7002196220846F0E79622F6E7F8
:1084C000002488F800402C60ECE7264B1B788BB921
:1084D00031462846FFF75EFB0028E2D031462846A9
:1084E00001F016FB04460028DBD031462846FDF794
:1084F00083FED7E72246214620460DF1040805F009
:10850000F5FEC2464FF00A09DFF85CB00A22594670
:108510005046FCF73BF8154BE2B2DB7FB3FBF9F1B9
:10852000914215D9312B98F800000AD900239622E0
:108530001946013405F060F80A2C08F10108E5D16C
:10854000C6E71D2B4FF00003F1D81A469621F0E73D
:10855000002398F800001A461946EAE76B1300203A
:108560006C13002066130020A8440108640C00204E
:1085700070B505460E46FDF785FFFEF7F1F810B120
:108580000320FDF787FF2B780A2B0ED10124084B1F
:1085900031461C70074B28461B781BB908F0F4FBCA
:1085A000204670BD0BF0D2FEFAE70020F9E700BFCD
:1085B00082130020E83C0020094B0A4A9A610A4BCA
:1085C0000A4A1A60BFF34F8F09490A4BCA6802F47E
:1085D000E0621343CB60BFF34F8F00BFFDE700BFE6
:1085E00000000140EB9C374AFC6F0020EFBEADDE7F
:1085F00000ED00E00400FA0570B51B4CFEF76EF9C3
:10860000206858B1A37A4BB908F0ECF86368984237
:1086100004D301212089A172FFF70AFB002501265E
:10862000124C206858B1A37A4BB908F0DBF86368A4
:10863000984204D301212089A672FFF7F9FA033585
:10864000212D04F10C04ECD1FFF79EF9084B1A78A8
:108650003AB100221A700BF00BF90028FBD1FFF79A
:10866000D3FA00F0F1FD70BD5C100020C80C0020B2
:1086700082130020012810B5044611D002280AD127
:10868000FEF76EF80138012805D80320FDF702FF38
:108690000020FEF76BF82046BDE8104008F002B855
:1086A000014B1870F7E700BFC0110020014808F027
:1086B000DABF00BFA08601000E4BF0B51B6893B176
:1086C0001E2202FB00300C4A0123164630F81150DE
:1086D00032F8027BDCB2AF4206D104F0070336F871
:1086E000133020F81130F0BD0133092BF0D10023F5
:1086F000F7E700BF84130020704B01082DE9F74312
:1087000004460D4606F05EFC00274FF01E092D4E74
:10871000DFF8B4807080E0B2854250D900232B4A44
:108720000FE01CF801EBBEF1FF0F01D070451BD02C
:1087300001310F29F5D10133DBB2072B02F10F0212
:108740003BD094460021ECE7012A07D1012B05D14B
:1087500073888DF800708DF8017016E08DF8013087
:108760008DF80010738810E0D8F800202AB309FBB8
:10877000032333F81120110AD3B2120AE4D1002BDB
:10878000ECD18DF800308DF801308DF80230009872
:1087900004F016FAC0F307238DF80400C0F3074075
:1087A0008DF805308DF806009DF8063020469DF8BE
:1087B00004209DF8051004F01FFF0134ABE703B05F
:1087C000BDE8F0834C0D002084130020500D0020E4
:1087D00070B40D461143014304D170BCD2220A4843
:1087E000FBF74ABF00241E260F2306FB04F10648B0
:1087F000013B13F0FF03057042700844F8D10134C7
:10880000072CF1D170BC70478813002010B5064AC0
:108810000B461478012C05D158780978FFF74CFFE6
:10882000204610BD0020FCE74C0D0020024B1878BC
:10883000431E5842584170474C0D0020D2235843E4
:10884000C1EB01111144223000EB410070470420BC
:108850007047032838B510D806290ED80E2A0CD830
:10886000FFF7ECFF054603F0E1FD0446681C03F04A
:10887000DDFD44EA002080B238BD0020FCE703287B
:1088800070B51C460FD806290DD80E2A0BD8FFF755
:10889000D5FF0546E1B203F031FE210A681CBDE8B0
:1088A000704003F02BBE70BD2DE9F843002405464F
:1088B0000F461646A14600F12208BC4208EB040010
:1088C00001D1BDE8F8832B19B3F5527F04DA03F028
:1088D000ADFD30550134F0E706F80490FAE72DE9D4
:1088E000F04105460E461746002400F12208B44226
:1088F00008EB040001D1BDE8F0812B19B3F5527FDC
:1089000002DA395D03F0FAFD0134F0E7032806D8F6
:10891000D222504300F12201014803F0D5BD704737
:1089200088130020032838B50CD8084900230C7898
:10893000012C07D14D78A84206D10B70FFF7E6FF56
:10894000204638BD0020FCE71846FAE74C0D002011
:10895000032806D8D222504300F12201014803F037
:10896000FBBD704788130020074B084A10B51A60FA
:108970000023074C2370607006F024FB6080607851
:10898000BDE81040FFF7E4BF8413002088130020E7
:108990004C0D0020032808B50CD8074A5070FFF78B
:1089A000D7FF06F0A5FA2D2802D02D2006F09DFA5B
:1089B000012000E0002008BD4C0D0020032810B568
:1089C00010D8094A117869B9012450701470FFF762
:1089D000BFFF06F08DFA2D2802D02D2006F085FA73
:1089E000204600E0002010BD4C0D0020032810B5EB
:1089F000044609D8FFF7ACFF2046FFF793FF204657
:108A0000BDE81040FFF7C6BF10BD000008B505481F
:108A100002F0D2FBBDE808404FF452722221024816
:108A200003F052BD14480108F24F010808B50A4688
:108A300009490346087801280CD1A3F5A443203B3B
:108A40001F2B06D9907820B150781178FFF734FEAB
:108A5000002008BD0120FCE74C0D002070B5044645
:108A60000078FF2801D106F043FA0D4900220D4697
:108A700011F8016BD3B2864203D00132102AF7D12C
:108A800013462278FF2A12BFFF22013303F00F039F
:108A9000E85C18BF2270BDE8704006F026BA00BF3F
:108AA000994B010838B50B780546FF2B0C4602D1CF
:108AB00006F01EFA2070284638BD38B540F26E34F4
:108AC00040F27E3520460021013403F0DAFCAC424E
:108AD000F8D138BD10B506F00BFA0023024605495F
:108AE00011F8014BD8B2944203D00133102BF7D1C7
:108AF000184610BD994B010810B50446FFF7EAFF70
:108B00002146BDE8104000F26E3003F0BABC08B553
:108B1000FFF7E0FF00F26E3003F088FC082828BF62
:108B2000002008BD70B506F0E3F90723124A12F8D9
:108B3000011B81421DD0013B13F0FF03F7D1072435
:108B4000FFF7E5FF0130B0FBF4F304FB13040B4B1C
:108B500013F8145003EB44035E7806F033FA314601
:108B60000246284606F007FAE0B2BDE87040FFF77B
:108B7000C3BF0624E4E700BFA94B01088B4B0108E3
:108B800038B5FFF76BFFFFF7C2FF074B13F8104034
:108B900003EB40035D7806F015FA294602462046AD
:108BA000BDE8384006F0E7B98B4B01082DE9F043EA
:108BB0001C4B85B01B7823B3002201AC1146104634
:108BC00005F094FB0025A0460A26DFF85C90174FBD
:108BD0000A2249464046FBF7D9FCFB7FEAB2B3FBC9
:108BE000F6F1914200D8BAB9312B20780DD9002383
:108BF00096221946013504F0FFFC0A2D04F1010408
:108C0000E6D1012005B0BDE8F0831D2B4FF0000335
:108C1000EED81A469621EDE7002320781A46194629
:108C2000E8E700BF5A140020804B0108640C0020C4
:108C3000F8B5434F0446FB78424E13F00103424A15
:108C400038D0424933780D784149E5B100250D60AF
:108C5000012111704FF080424FF4001191611021F9
:108C6000652BC2F8181807D13420FDF745FA2A46BB
:108C700029463878FDF72AFC662333702046BDE884
:108C8000F840FDF739BA0D60012111704FF08042B4
:108C9000202191614FF48011652BC2F8181807D17B
:108CA0003420FDF729FA2A4629463878FDF70EFCCC
:108CB0006423E2E7274DE97F14292BD86521127838
:108CC00031700AB31A465121FDF738FA01224FF4E8
:108CD00096712046FDF776FAEB7F0A2BCED81C4D15
:108CE0002B6813B907F03AFD286028680028C5D022
:108CF00007F078FD4EF660239842BFD9002301208B
:108D00002B60FEF7E1FEB9E713461146FDF716FAB0
:108D1000FF22DCE74FF080414FF400158D614FF4E6
:108D20008015C1F818586521317009490B6001237D
:108D30004FF496711370FF22FDF744FA9EE700BFCF
:108D4000E83C002058100020B20E0020033D002017
:108D50005C140020640C002038B52F4D04462B789D
:108D6000042B20D8DFE803F0032C0E24510000234D
:108D70001A461946FDF7E2F9FF2232212046FDF797
:108D800021FA10E04FF080434FF400729A61FF2304
:108D90001A461946FDF7D2F90322C8212046FDF7ED
:108DA00011FA01232B702046BDE83840FDF7A4B925
:108DB000FF231A461946FDF7C1F90122C821DDE754
:108DC00006F000F908BB154B187801F080F902286D
:108DD00003D0134B1B78DA0617D4124B1A7882B9DA
:108DE000114A1278042A10D1DB78DB070DD40F4B1F
:108DF000DB7F142B82BF4FF080434FF000729A61EB
:108E000003E00A4A527E002AEED1002320462B704E
:108E1000FFF7A2FFC7E700BF611400207214002013
:108E2000043D0020E83C00209C400020640C002011
:108E3000FF2810B504461CD10E4BD3F8A03123F007
:108E40007F43B3F5804F0DD1002240231146FDF73B
:108E500075F920460121FDF789F92046BDE810404B
:108E6000FDF74AB9B3F5800F03D10023402219461C
:108E7000EDE710BDB40E0020034B187810F003008E
:108E800018BF0120704700BF243D0020024B40F274
:108E90006A30196803F04EBBFC3C002008B5402343
:108EA000FF201A461946FDF749F90322FA21FF204F
:108EB000FDF788F9FF20FDF71FF9012008BD00002C
:108EC00038B5104B04461D78062D01D0012038BD61
:108ED0000229FBD1FFF74CF90028F7D0FFF748F93A
:108EE00007F080FC44F61F639842EFD92846FFF74D
:108EF00033F9FFF737F901462046FFF73FF9002025
:108F0000E5E700BFE83C002008B501224FF40071FE
:108F10004FF0804009F055FD4FF080424FF0007354
:108F20004FF4802193610B4B012099614FF4800134
:108F3000A3F5006399614FF4000199614FF000417E
:108F4000C3F818144FF4001191614FF48012C3F864
:108F5000182408BD000C00400120704708B52022ED
:108F60004FF400414FF0804009F02BFD4FF080435B
:108F70001B69034AC3F3C0331370012008BD00BF4F
:108F8000033D002008B5054B00211870FB20FDF7BC
:108F900003F9BDE80840FB20FFF7DEBE61140020A6
:108FA0000020FFF7EFBF000010B500240A4A138825
:108FB00003F0C00363F0FC031380FFF767FF074B68
:108FC0001C70074B1C70FFF7EBFF064B1C70BDE8D5
:108FD0001040FFF772BD00BFFC3C00206B14002066
:108FE000691400206014002037B501224FF400718D
:108FF0004FF0804009F0E5FC4FF080454FF40073DE
:10900000444C012220460421AB6109F0DAFC4FF404
:109010008023A4F50064C4F81838012220464021BA
:1090200009F0CFFC4FF480032046A3610122802188
:1090300009F0C7FC4FF40003A36104F580642046E7
:1090400001224FF4004109F0BCFC4FF00043012223
:10905000A3612021284609F0B4FC4FF4001301223B
:1090600010212046AB6109F0ACFC4FF48013A361E2
:1090700007F074FB284B294C186040F26A3003F06B
:10908000F3F9206008B9FFF78FFF5A2520780024F4
:10909000C0F38300FFF768FC8DF800408DF80140B5
:1090A0008DF80250009803F08BFD8DF80440FF24EA
:1090B0001B4BC0F3072218708DF805408DF8065041
:1090C000C0F30740987001985A7003F079FD154B72
:1090D000C0F307221870C0F307405A7098702246F8
:1090E000C821FA20FDF76EF82246C821FB20FDF7C3
:1090F00069F8FB20FDF700F805F040FF0A4BC0F3CC
:1091000007221870C0F30740987001205A7003B00E
:1091100030BD00BF000C0040F03C0020FC3C0020B3
:10912000003D0020F73C0020F43C00203F4B10B5F0
:109130001C78002C77D1037CCC2B1CD00ED8CB2BE9
:1091400019D0C72B0ED9427C394B8AB14FF48021FC
:10915000384A916140229A61204610BDFA2B16D000
:10916000FB2B29D0FFF762FB80F00104E4B2F3E7A8
:109170004FF48002EFE7427C2E4B2AB14FF480017E
:109180002B4A91610422E6E74FF48022E3E72A4B61
:10919000DB7F142BE0D8294B1B78652BDCD1417C7D
:1091A0004FF08042264B21B1202191614FF4801273
:1091B000D1E74FF40011F8E7224B427C1B78D2B183
:1091C000012BC9D1512342201A46194604F014FA42
:1091D000512304201A46194604F00EFA51230220A6
:1091E0001A46194604F008FA51231A461946032074
:1091F00004F002FAB0E7012BAED123462246214605
:10920000422004F0F9F9234622462146042004F0C6
:10921000F3F9234622462146022004F0EDF92346C5
:1092200022462146E3E7002496E700BF6A140020A7
:1092300000040040000C0040640C00205810002086
:10924000000800406114002038B54FF080431B69CE
:109250003A4AC3F3C0331370FDF782FA80B9384C31
:10926000206807F0BFFAB0F57A7F09D907F076FADF
:10927000206053200AF08EFF324B18780AF08AFFE4
:10928000314C324B22681340B3F1807F3DD1304BDB
:109290001B78042B02D101222E4B1A702E4D286808
:1092A00070B107F09FFAB0F57A7F09D90023FA2050
:1092B0002B60FCF721FF4FF080434FF400729A615E
:1092C000FDF74EFAF8B92378002B2AD1204A1278FC
:1092D000042A26D14FF48001204B9961C3F8182845
:1092E0001F4B187800F0F3FE022814BF80214FF4C2
:1092F00000011A4A1B4B15BF916191614FF000426A
:109300004FF400429A61012038BD002BC6D1104AAB
:109310001278042AC2D00F4A11780029BED01370E7
:10932000BCE7114A527E002ADAD0062B0BBF04227A
:1093300040220E4B094B9A61D2E700BF033D00204B
:109340006414002058100020E83C0020FF000001B9
:109350009C4000206B140020F03C002000040040E2
:109360007214002000080040640C0020000C004033
:10937000F8B5A84E054633780C463BB18B782BB137
:10938000002211461046327004F0B0FFA24A137852
:109390002BB147F61B618D4201D00024EFE09F4FB7
:1093A000797E49B99E49097831B1291FA029F4D99C
:1093B000A5F1E0010729F0D947F62A018D4200F214
:1093C0008D8047F620039D420FD8C22D00F0D98032
:1093D0003ED87E2D31D87A2D24D8462D00F0E48059
:1093E000652D00F06A810124C9E0A5F5F045213D15
:1093F000092DF8D801A353F825F000BFBB99000848
:10940000E7930008CD970008E7930008E79300086A
:10941000E79300088B980008E9980008299800084D
:10942000579800087C3DE020A478022D00F22181AD
:10943000DFE815F0280131013A01C12DD3D1A4781C
:10944000E020002C00F0CA8000F042FD5220BBE07A
:1094500045F202239D4200F093821ED8E72D00F0D2
:109460009581B5F5A44F00F06E82E32DBBD16D4B15
:10947000187800F02CFE0228B5D16B4B1B78D9066A
:10948000B1D5FFF7D3F90028ADD1E320A478002CA3
:1094900000F0908100F01CFD71E045F223239D4215
:1094A00000F0178347F213039D4200F05D8145F2FF
:1094B00021239D4297D1A378002B94D1FFF7B6F9D1
:1094C000002890D0594B1A7832B10022214645F23B
:1094D00021201A70FFF79AF90124F7E2B5F5F84F49
:1094E00000F08A81A5F5FC45A9B21C293FF67BAFA7
:1094F0001C2D3FF678AF01A151F825F0D596000854
:10950000FD96000817970008E7930008E793000806
:109510004F97000831970008BB970008E7930008B1
:10952000E7930008E7930008E7930008E793000833
:10953000E7930008E7930008E7930008E793000823
:10954000E7930008E7930008E7930008019A0008F2
:10955000459A0008699A00088D9A0008319600081B
:109560000B9800081998000871950008E595000807
:10957000A478002C3FF437AF83F00103137020462A
:10958000F8BDA478E3204CB100F0A2FC2C2000F040
:109590009FFC40F6B83008F066F8FEE600F0AEFC3E
:1095A0002C2000F0ABFCEAE71E4B187800F08FFD92
:1095B00002287FF418AFA478E02044B100F088FCC2
:1095C000E12000F085FC202000F082FCE5E600F0C0
:1095D00095FCE12000F092FC2020E2E700F08EFCF8
:1095E0005220DEE7A378002B3FF4D7AE0D4C207855
:1095F00000F06DFD30B9022000F0DAFC002001F02F
:10960000D8F8CAE6207800F062FD02287FF4C5AEE3
:109610000020F1E76A14002068140020640C002088
:10962000E83C002072140020043D00206914002052
:10963000A478002C3FF4D7AE05F0C4FC00283FF41A
:10964000ACAEA14B1A781AB17A7E002A3FF4A5AECF
:10965000DB78DE073FF5A1AEFB7F142B7FF69DAED6
:109660009A4A9378013303F007039370FFF70EFCD7
:1096700085E71CB100F02CFC1B20A5E700F03EFCA8
:109680001B208EE71CB100F023FC06209CE700F0B5
:1096900035FC062085E71CB100F01AFC192093E781
:1096A00000F02CFC19207CE71CB100F011FC092013
:1096B0008AE700F023FC092073E7854B1B78DD0661
:1096C0007FF591AE834B187800F001FD02384442DB
:1096D000444154E7804B1B78032B3FF45EAEA378E4
:1096E000002B3FF480AE784B1B78012B7FF47BAED0
:1096F000FEF738FD041E18BF012440E7764B1B78A7
:10970000032B3FF44AAEA378002B3FF46CAE6E4BB4
:109710001B78022BEAE7704B1B78032B3FF43DAE1E
:10972000A378002B3FF45FAE674B1B78032BDDE77C
:10973000694B1B78032B3FF430AEA378002B3FF42A
:1097400052AE614B1B78002B7FF44DAED0E7624BDD
:109750001B78032B3FF421AEA378002B3FF443AEDC
:10976000594B1B78062BC1E7A478002C3FF43BAE85
:10977000002340211A46FF20FCF7E0FC0121FF20D6
:10978000FCF7F4FCFF20FCF7B7FCF8E6514B187827
:1097900000F09DFC02287FF426AE4D4B1B78DA06C4
:1097A0007FF521AEFFF742F800287FF41CAEE720DA
:1097B000A4786CE600F0A2FB15E6434B1B7803B1DE
:1097C000A378464A03F001031370E6E5444B1B7887
:1097D0009B073FF4E2ADA378002B3FF404AEFFF704
:1097E000A1F905F0CBFB3F4BC0F307221870C0F383
:1097F00007405A709870D0E5A478002C3FF4F3AD80
:1098000002F00AF8FEF7D8FEB9E6A378002B3FF481
:10981000C4AD01233370C0E5A378002B3FF4BDAD88
:1098200062200AF0B7FCB8E52B4B1B78032B3FF402
:10983000B4AD05F05DFB02283FF4AFADA478002C79
:109840003FF4D1AD05F044FCFF287FF4CCAD0220FD
:10985000FFF798FB93E6204B1B78032B3FF49DAD5D
:1098600005F046FB02283FF498ADA378002B3FF4A7
:10987000BAAD05F02DFC33283FF6B5AD0220FFF759
:1098800081FB332005F01CFC87E5134B1B78032B71
:109890003FF483ADA478002C3FF4A5AD4FF0804396
:1098A0004FF400729A6105F08DFB77280D4D05D9B4
:1098B0000220FFF767FB9623AB7060E605F082FBA2
:1098C0001E30A8705BE600BFE83C0020FC3C002096
:1098D000043D002072140020611400205A1400205E
:1098E000243D0020F43C0020844B1B78032B3FF4E4
:1098F00054ADA478002C3FF476AD4FF080434FF484
:1099000000729A6105F05EFB1E287D4E16D802207B
:10991000FFF738FBB37873B10025502DEBB207D0B9
:10992000352B05D0002328461A46194603F064FE5D
:109930000135532DF1D10023B37020E605F042FB31
:109940001E38B0701BE66D4B1B78032B3FF425AD22
:10995000A378002B3FF421AD00213720FCF71CFC3D
:10996000684C0322FA213620FCF72CFC3620FCF749
:10997000C3FB207800F0ABFB02287FF40EAD36E687
:109980005E4B1B78032B3FF408ADA378002B3FF40C
:1099900004AD00213620FCF7FFFB5A4C0322FA21CC
:1099A0003720FCF70FFC3720FCF7A6FB207800F0EF
:1099B0008EFB02283FF4F1AC19E6A378EBB1524CD0
:1099C0000020FFF7DFFA2078C0F38300FEF7C0FF26
:1099D0002078C0F38300FEF7A5FF00224B4B601CEC
:1099E0001A70FFF7CDF805F0C9FA454BC0F307220E
:1099F0001870C0F307405A709870FFF747FACCE42C
:109A0000A378002B3FF4C9AC3F4C2078C0F383000F
:109A1000FEF79EFF2078C0F38300FEF783FF00204F
:109A2000611CFFF73FF8237860F385032370FFF78D
:109A30002DFA2078C0F38300FEF7ACFF0020FFF77B
:109A4000A1FAAAE4A378002B3FF4A7AC2E4C20780F
:109A5000C0F38300FEF77CFF2078C0F38300FEF79D
:109A600061FF0120611CDCE7A378002B3FF495AC7B
:109A7000254C2078C0F38300FEF76AFF2078C0F3FE
:109A80008300FEF74FFF0220611CCAE7A378002B7A
:109A90003FF483AC05F02CFA2D287FF47EACFEF762
:109AA000C5FE0446184B1878C0F3830044B9FEF78E
:109AB00085FF204622462146FEF78AFE0320C7E6A0
:109AC000FEF730FF0020FFF75DFA00240F4B1C70FB
:109AD00055E5A378002B7FF486ACFEF7A7FE00289F
:109AE0003FF481AC094B1A78002A3FF4F5AC002210
:109AF000214645F223201A70ECE400BF61140020D7
:109B0000F43C002072140020FC3C0020691400206A
:109B10002E4B73B51B7804460D46C3B104238DF854
:109B2000043050238DF8053096238DF806300198C7
:109B300003F046F8264BC0F30742C0F3072618701F
:109B40009A70C1B2D2B2F0B25E7004F0CFFB214B7A
:109B5000187800F0BCFA02282BD01F4B1B78DB06CC
:109B600027D5FEF763FE20BB1C4B1B780BBB512394
:109B700050201A46194603F03FFD4FF080434FF442
:109B800000729A6106F05AFC10F0020318D05123BB
:109B900035201A46194603F02FFD4FF080434FF44D
:109BA00000729A6129462046FFF700F8012002B0B2
:109BB00070BD002350201A46194603F01DFDE1E751
:109BC0001A461946352003F017FDEBE76A1400200A
:109BD000EC3C002072140020043D00205A140020A8
:109BE00008B5FCF7C9FD20B14FF080434FF000727B
:109BF0009A61012008BD10B54FF400734FF0804406
:109C0000A36105F04BF9012806D005F03FF94FF0AC
:109C100080730120A36110BD4FF48073F9E7000049
:109C200008B500F0EBF84FF47A7007F01CFD00F077
:109C3000E5F8022001F020FE430542BF0122014B5E
:109C40001A7008BD601400200520704704280DD844
:109C500006290BD80E2A09D86923C1EB011103FB91
:109C60000011034B0A4433F812007047012070477B
:109C7000D84B01080520704704280BD8012909D8C2
:109C800001EB4001044B82F0010202EB410233F888
:109C90001200704701207047B04B010808B530230F
:109CA00083F31188012100F00F039940202220F056
:109CB0000F0008F086FE002383F3118808BD000022
:109CC00038B50F240B4D55F8040B421C01D0FFF79B
:109CD000E5FF013C14F0FF04F5D10724064D55F8CB
:109CE000040B431C01D0FFF7D9FF013C14F0FF0423
:109CF000F5D138BD3C530108785301082DE9F843EC
:109D0000DFF8B880054658F821300E465C1C17462F
:109D100051D0302282F31188012223F00F0903F081
:109D20000F0302FA03F421464846240408F049FED2
:109D3000C9F81840002484F3118801F0A8FD2346D7
:109D4000F943DFF87CC0DFF87CE0062B1AD156B966
:109D5000DEF81000AA89400403D43A43AA81012402
:109D600001E00A40AA810133072BEED158F8260002
:109D7000431C01D0FFF792FF21463046BDE8F8436F
:109D800001F098BD5CF8230035F81320B0F1FF3FD7
:109D90000DD020F00F09D9F8109000F00F0029FA2B
:109DA00000F0C00703D43A4325F81320D7E70A4050
:109DB00025F81320D7E7BDE8F88300BF3C5301081E
:109DC000785301080008004010B50E24FFF778FF13
:109DD000224600210748FAF74FFC22460021064898
:109DE000FAF74AFC072001F069FDBDE8104001F0D8
:109DF0003ABD00BF143D0020063D002030B585B0BF
:109E00000E2200216846FAF737FC0025012422467D
:109E1000E9B268460135FFF771FF64000F2DA4B267
:109E2000F5D10E2269460C48FAF77CFB002814BFD6
:109E30000124002404D00E2269460748FAF7A6FB45
:109E4000234607220549044801F03AFD044601F083
:109E50000FFD204605B030BD063D0020143D00201A
:109E6000A0F58073B3F5F85F10B526D210F4805FCB
:109E700000F4807300F4007400F4806100F4006268
:109E80000DD0002B0CBF002010200CB140F02000A2
:109E900009B140F040000AB140F0800010BD181E2A
:109EA00018BF01200CB140F0020009B140F00400DD
:109EB000002AF3D040F00800F0E70020EEE710B5EC
:109EC0000C46FFF7CDFF2346BDE8104018470000C1
:109ED000A0F1E003072B10B5044600D940B9204695
:109EE0000449FFF7ECFFE0B2BDE81040FCF798BE74
:109EF0000149F6E77D6D00082D6E000810B5044697
:109F0000C0B2FCF7EDFEA4F1E003072B00D92CB999
:109F100003492046BDE81040FFF7D1BF0149F8E7EB
:109F2000D56D0008856E000801207047704708B5A0
:109F3000FFF7FCFF08BD000013B502AB03E9030007
:109F40000F4B1B78B3B99DF8023073B16AB100F0C2
:109F5000E3FC04460146009800F09CFC2046009972
:109F600002B0BDE8104001F045BB009800F0B4FC21
:109F70000446F3E7009800F0CFFC0099F0E700BF3B
:109F800071140020034610B400885C880A4640EA39
:109F90000440998810BCFFF7CFBF0120704710B56F
:109FA00004460021FFF7EEFF2146FFF7C0FF10BD7A
:109FB00010B501248440E4B2204601F0E0F82046C8
:109FC000BDE8104000F0C9BB704708B500F068FB61
:109FD000FFF7FAFFBDE8084046F2A81007F043BBC0
:109FE00008B5FFF7F2FFBDE80840FEF7E5BA08B58F
:109FF000FFF7EBFFBDE8084006F026BC38B50121AD
:10A000000546FFF7BFFF2946044605F003FA08B9E5
:10A01000002038BD29462046FDF7FCFE0028F7D079
:10A020002946204606F04EF80028F1D02946204661
:10A0300005F090FB0028EBD02946204605F0C0FF34
:10A040000028E5D02946204605F08AF80028DFD010
:10A050002946204606F084F80028D9D0AB787BB199
:10A0600047F65A439C4222D00ED847F601439C4201
:10A070001AD047F603439C4214D0B4F5F84F0ED0E3
:10A080002846FFF751FFC4E747F65B439C4211D0D7
:10A0900047F65C439C42F3D101F040F8F0E7FFF74C
:10A0A0009FFFB5E701F04DF8FFF7A1FFB0E701F022
:10A0B00041F8E5E701F041F8E2E708B500F046F8BD
:10A0C000002004F0ABFEBDE80840FDF791BE03465A
:10A0D00000091CBF034604209A081EBF1346023025
:10A0E000C0B25B081CBF0130C0B27047704701208E
:10A0F0007047000010F0020F0CBF01224FF48032B5
:10A10000014B9A61704700BF0004004038B5054616
:10A11000FFF7EDFF044610B12846FFF7EBFF20469E
:10A1200038BD0000012210B5034C1146204608F04E
:10A1300048FC0123A36110BD0004004010B5044693
:10A14000FFF7D4FF2046FFF7E1FF10BD08B506F08A
:10A150006DF9FFF7F3FF08BD10B506F067F9074B7F
:10A1600004461A78824207D0187006F0F7FA044BBA
:10A1700018602046FFF7E2FF10BD00BF70140020FA
:10A180006C14002010B586B06C4684E803009DF87E
:10A1900002300BB100F004FF0023ADF8163094E854
:10A1A0000300ADF81410BDF81430049004AC94E82A
:10A1B000030002904BB14FF6FF73BDF808209A429E
:10A1C00003D02046FFF7E9FE18B194E8030000F041
:10A1D00021FE06B010BD008800F0BEBB08B529B155
:10A1E00001F04EFFBDE8084002F01EB801F0A6FFE6
:10A1F000F8E738B505460C46FCF712FD1CB92846B1
:10A20000FCF76EFD38BD6420013C07F02CFAA4B2C7
:10A21000F4E708B539280CBF50210A21FFF7E9FF00
:10A2200008BD00002DE9F047877981460C46857806
:10A2300000F080FE3F090646F0B12E46E5B1C4F3BA
:10A24000072303F0F002402A09D004F12002D2B221
:10A25000072A24D91FB903F0E003202B21D0AA4BF1
:10A260005E7816F0040607D0022000F023FF00F00D
:10A2700061FE80F00106F6B2C4F3033ABAF10B0FA7
:10A280003ED8DFE81AF0100010005E005E00CB0040
:10A29000E3003D003D00E800490159015901002655
:10A2A000EAE73E46E8E7C4F30723C4F3032713F0C5
:10A2B000F00F18BF3F01E4B285B157B104F120039C
:10A2C000DBB2072B384600D92CB900F043FE00F072
:10A2D00097FE20465EE000F053FEF8E72046FCF7CC
:10A2E000FFFC6FB104F12003DBB2072B384600D925
:10A2F00014B900F037FE01E000F04AFE00F080FEE5
:10A30000AAF1080ABAF1030F03D806F08FF8FFF795
:10A3100015FF002E00F06A8100F004FE10F001002D
:10A3200040F0648189F8020000F0F4FD00F048FA82
:10A33000484600F071F900F0EDFDBDE8F04700F08F
:10A340004BBAC4F3072303F0F003C4F30328202B14
:10A35000E4B218BF4FEA081874B1012C48D0002DA0
:10A360004ED0002F47D099F80630DA07B1D56FF3F9
:10A37000071389F806303EE0634B5B78590714D425
:10A380005DB1B8F1000F04D0404600F0E3FD00F0ED
:10A3900037FE0020FCF744FCB2E72846FCF7A0FC9F
:10A3A000B8F1000FACD04046A3E795B13FB900F03B
:10A3B000FDFD40EA0800C0B2FCF7E0FCA0E7012F79
:10A3C000F5D100F0F3FD40EA0800C0B200F0FAFD5C
:10A3D00096E72FB900F008FE4046FCF7FBFC8FE73C
:10A3E000012F8DD04046FCF7F5FC00F0FDFD87E71E
:10A3F0001DB1052F84D84046DEE7042F80D8EBE757
:10A40000002FE9D0392C0CBF4FF4FA504FF47A707A
:10A4100007F029F92046FCF763FC71E714F4406F5C
:10A42000C4F3812308D0012B7FF46AAF65B1C4F374
:10A43000090006F045F863E725B1C4F3090006F00A
:10A4400023F85DE72846FAE72846F2E72946E0B216
:10A45000FFF7C4FE54E714F4407F29D1002D7FF4A8
:10A460004FAFC4F342108000C2B204F00F0014F0EA
:10A47000100300FA02F0C5B21EBF0F209040C04387
:10A48000C4F3812418BFC3B2022C43EA050009D0EB
:10A49000032C0AD0012C02D000F06AF930E700F05A
:10A4A0005FF92DE700F06CF92AE700F056F927E78D
:10A4B000C4F301220DB312F0010F3FF421AFC4F336
:10A4C00042108000C2B204F00F0014F0100300FA32
:10A4D00002F0C5B21EBF0F209040C043C4F38124D8
:10A4E00018BFC3B2022C43EA05000FD0032C10D0D2
:10A4F000012C05D000F08EF902E712F0020FDCE724
:10A5000000F080F9FCE600BF043D002000F08AF96D
:10A51000F6E600F043F9F3E6E7B2C4F3032425B10D
:10A52000204600F04DF9384646E73846FCF752FC25
:10A53000204600F051F9E3E65FFA84F8A8F1F00351
:10A54000042B3DD8DFE803F003220E151E003DB1B9
:10A55000042F3FF6D5AEC4F3042000F047F9CFE650
:10A56000052FF6E7C4F30420002DE2D100F028F90E
:10A57000C6E625B1C4F3042000F01BF9C0E600F0E4
:10A5800015F9BDE61A4B5B785B0704D4C4F30420CD
:10A59000002DCED0EAE74DB1C4F30424204600F0EC
:10A5A0000FF90321204600F061FDA9E6012000F02B
:10A5B00081FD012F7FF6A4AE022000F07BFD9FE617
:10A5C0002DB10FB14046E5E6C4F30420CEE757B104
:10A5D000B8F1390F0CBF4FF4FA504FF47A7007F00E
:10A5E00042F8404617E7C4F30420A2E7BDE8F0872D
:10A5F000043D002038B501880446807800F0B8F9A1
:10A60000054600F017F900F0A7F829462046BDE8F6
:10A610003840FFF707BE000013B504460146062286
:10A620006846F9F7B3FFA388F3B14FF6FF73BDF89F
:10A6300000209A4218D02046FFF7E0FC70B900F0E5
:10A6400079FC88B1A3787BB1084B5B785B070BD5AD
:10A65000022002B0BDE8104000F02CBD2046FFF7FC
:10A66000C9FF2046FFF79BFC02B010BD043D00204F
:10A6700008B5002005F008FF002005F021FF00F0DC
:10A680008FFC00F0BDFC01F0EBFDBDE8084001F0DF
:10A69000CBBD08B500F038FCBDE80840FFF7E8BFC7
:10A6A00008B500F067FCBDE80840FFF7F2BFC0F353
:10A6B0000333062BC2B213D094BF0E33063303F01C
:10A6C0000F03012B10D8F02A10D004D8E72A8CBF32
:10A6D000002001207047F42A14BF00200120704799
:10A6E000E72A03D9F12AF7E70020704701207047D5
:10A6F00013B50446014606226846F9F747FFA388CA
:10A700006BB14FF6FF73BDF800209A4207D0208846
:10A7100000F022F902B0BDE81040FFF7C8BF0020EA
:10A7200002B010BD82B002AB03E9030002B0704773
:10A7300082B002AB03E9030002B07047704708B56E
:10A74000FFF7FCFF08BD000008B5FFF7F8FF014B5D
:10A75000187008BD721400207047FFF7F5BF0000A5
:10A76000024B1B781843FFF7EFBF00BF72140020A5
:10A77000024B1B781840FFF7E7BF00BF72140020A0
:10A78000024B1B785840FFF7DFBF00BF7214002058
:10A79000704708B5FFF7FCFF08BD000008B5FFF7DC
:10A7A000F8FF014B187008BD761400200020FFF759
:10A7B000F5BF012303FA00F0C0B2FFF7EFBF0000BE
:10A7C000012303FA00F0034B1B781843C0B2FFF7D4
:10A7D000E5BF00BF761400200123034A83401078B0
:10A7E00020EA0300FFF7DABF76140020012303FA02
:10A7F00000F0034B1B785840C0B2FFF7CFBF00BF3B
:10A8000076140020024B1B781843FFF7C7BF00BF28
:10A8100076140020024B1B781840FFF7BFBF00BF23
:10A8200076140020024B1B785840FFF7B7BF00BFDB
:10A8300076140020704701F00703C90830B501EB1A
:10A84000410101240139114400229C40E4B211F875
:10A85000015F20FA02F343F300036B40234001320F
:10A860006B40032A0B70F2D130BD002210B500F00E
:10A870000704C00800EB4000014410468B5CE34035
:10A8800003F00103934001321843032AC0B2F5D10B
:10A8900010BD000017B40C46ADF80400C1B2C0F3FF
:10A8A000072006280BD80E290FD8C0EB0010014452
:10A8B000074A89B2204603B010BCFFF7BCBF021D97
:10A8C000D2B2012A01D8034AF4E703B010BC7047A2
:10A8D000771400207314002082B0ADF80400C3B2D6
:10A8E000C0F30720062809D80E2B0ED8C0EB0010A5
:10A8F0001844074980B202B0FFF7B7BF0430C0B2B6
:10A90000012802D818460349F5E7002002B0704735
:10A91000771400207314002073B504240C4BADF899
:10A9200004001E780B4B1B781E4346FA04F3DB072A
:10A93000E5B205D4013CF8D20025284602B070BD2E
:10A940002846019900F076FE80B20128F2D0F4E7A3
:10A95000761400207214002007B5ADF804000198A9
:10A96000FFF7DAFF019903B05DF804EB00F062BE77
:10A9700013B5104BADF804101B782BB1019802B041
:10A98000BDE81040FFF7E8BF70B10198FFF7C4FFC2
:10A99000044601460198FFF77DFF2046019902B069
:10A9A000BDE8104000F046BE0198FFF795FF044651
:10A9B000F3E700BF7114002010B5012404FA01F17F
:10A9C00004FA02F20A43D1B202408A4204FA03F4C2
:10A9D00006BF2043C0B2A04310BD000008B5134617
:10A9E0000A46014603480078FFF7E6FFBDE8084045
:10A9F000FFF7D4BE7614002084B06B4683E80300D2
:10AA0000BDF8042093E80300029052B14FF6FF73A3
:10AA1000BDF80800C31A5842584180F0010004B044
:10AA200070470120F9E70000F8B50C4B0C4E1C787C
:10AA30000C4D3378A34200D1F8BD05EBC40335F8C3
:10AA400034005F889A88D98840EA074042EA014189
:10AA50000134FFF76DFE04F00704EAE7EB14002071
:10AA6000EA140020AA140020064B10B418885C8851
:10AA70009A88D98840EA044042EA014110BCFFF7B5
:10AA800057BE00BFA21400202DE9F047214CA37946
:10AA900013F0F00F0ED1A37863B11F4B94F801802F
:10AAA0001D781E4B94F800901F78B4F804A01C4E3B
:10AAB000BD4201D1BDE8F08723886088A18843EAC0
:10AAC0000040FFF799FF00B306EBC5035A784245F3
:10AAD0001BD116F835204A4517D19A78AAB99A8819
:10AAE000A2EB0A0292B2C72A0FD80121A279094823
:10AAF00061F30712A2719A7961F307129A71FFF755
:10AB00008BFDBDE8F047FFF78FBF013505F0070566
:10AB1000CEE700BFA2140020EB140020EA140020AE
:10AB2000AA140020F0B50D4B0D4C1B7826780D4C67
:10AB3000B34201D10020F0BD04EBC3056F788F4212
:10AB400006D114F83370874202D1AD78954203D113
:10AB5000013303F00703EBE70120ECE7EB140020DF
:10AB6000EA140020AA1400202DE9F04F87B0A84D68
:10AB700002AF0146044606223846F9F707FDB5F84C
:10AB800000B06888B5F804904BEA00404946FFF7EA
:10AB900033FF94F802800190002800F02581B4F87A
:10ABA00004A0AE78AAEB09091FFA89F3002E00F081
:10ABB000DF80A979C72B01F0F00900F2BB80208863
:10ABC000B9F1000F7ED1834546460FD176B90123F6
:10ABD00063F30711A971FFF747FF2846FFF71CFD34
:10ABE000AB79A371304607B0BDE8F08F97E803005A
:10ABF00004AE0490ADF8141096E8030094F80090A9
:10AC000094F801A0FFF7F8FE38B1B8F1000F04D1B5
:10AC1000424651464846FFF785FF97E803000490F7
:10AC2000ADF8141096E80300FFF7E6FE0746D8B12A
:10AC3000B8F1000F37D1424651464846FFF772FF40
:10AC40000646A0B90298FFF787FEC0F30332032A35
:10AC5000C3B20ED8012A16D910F4706F18D0A27999
:10AC600012F0F00F14D1BDE7B8F1000F1BD1002690
:10AC7000B8E7063202F00F02012A0ED92046FFF78C
:10AC8000CBFC3E46AEE710F4706F01D0002BA9D08C
:10AC90002033DBB2072BA5D9F0E7EF2BA2D90F3376
:10ACA000DBB2022BF7E7AB79594843F00103AB71F4
:10ACB000FFF7B2FC082200215548F9F7DDFCFFF749
:10ACC000D3FED4E783450ED1B8F1000F0BD1204657
:10ACD000A171FFF7A1FC082221462846F9F756FC8E
:10ACE000FFF7C2FE7EE72046FFF702FDE8B1B8F1AC
:10ACF000000F1AD0AB791F2B0CD9298804A8ADF806
:10AD000010100021ADF814A08DF812108DF8163037
:10AD1000FFF782FC082221463D48F9F737FCFFF790
:10AD2000B3FEFFF7A1FE019E5CE72046FFF774FC2F
:10AD3000012657E7B9F1000F0AD197E80300FFF7A2
:10AD4000F1FC2846FFF768FC082249462846B4E78C
:10AD500023889B45C7D1B8F1000FC4D12046A1710B
:10AD6000FFF75AFC082241462846F9F785FC39E7E7
:10AD7000C72B2FD84646002ED7D023889B451CD101
:10AD8000AB79DA0713D413F0F00210D0F02AA371D4
:10AD900006D0DBB2C3F30312013262F30713A371CF
:10ADA0002046FFF739FC08222146194896E7082279
:10ADB00021461748F9F7EAFB14E72046FFF798FC0D
:10ADC0000028A7D1AB79204643F00103AB71FFF710
:10ADD00023FC07E797E80300FFF7A4FC08223146AD
:10ADE0002846F9F749FC7BE7B8F1000F9DD02046D3
:10ADF000FFF77EFC0646002897D008222146284609
:10AE0000F9F7C4FB2846FFF7E6F9FFF73DFE67E7D1
:10AE1000A2140020F0B587B06C4684E803002046F9
:10AE2000FFF7A2FE2C4F06462C4D50B194E80300CC
:10AE3000FFF7E2FD18B194E80300FFF779FC284C16
:10AE400043E0BDF8042004AB94E8030083E803006A
:10AE50000290002AF3D04FF6FF71BDF80840387811
:10AE60008C422A78EBD0441C04F0070494420AD0A8
:10AE700019461B4B082203EBC000F9F787FB3C7017
:10AE8000FFF7D2FDDBE7FFF70BFC08223146154840
:10AE90003E702E70F9F7F0FBD1E704EBC000FFF72E
:10AEA00063FEB0B12B7834F8330004EBC3035E8843
:10AEB0009A88D98840EA064042EA0141FFF738FC07
:10AEC0002B78013303F007032B7028783B788342FB
:10AED000E3D107B0F0BD00BFEA140020EB1400205E
:10AEE000AA140020A2140020024B0146186805F0A5
:10AEF0008DBB00BF68100020024B0146186805F0AA
:10AF00009DBB00BF68100020014B186805F0AEBB68
:10AF100068100020024B93F90000C0F3C70070478F
:10AF20002C150020024B187800F00700704700BF76
:10AF30002C150020034B187810F0070018BF0120D3
:10AF4000704700BF2C150020014B1878704700BFD8
:10AF50002E150020024B1A7810431870704700BF5E
:10AF60002E150020024A137823EA0003137070475D
:10AF70002E1500200022014B1A7070472E1500205C
:10AF8000024B1A7810431870704700BF2F1500202D
:10AF9000024A137823EA0003137070472F1500202C
:10AFA0000022014B1A7070472F150020014B1878B2
:10AFB000704700BF2D150020704708B5FFF7FCFF54
:10AFC00008BD0000064A08B55278520706D5054A62
:10AFD0001178814202D01070FFF7EFFF08BD00BF6B
:10AFE000043D00202D15002008B5044B1A781AB135
:10AFF00000201870FFF7E1FF08BD00BF2D150020ED
:10B0000010B5124B124A1B781278124C1343124A95
:10B0100020681278037032B11343037005F06CFAA4
:10B0200008B1FFF7E1FF2468202220460B49F9F719
:10B0300079FA48B1214620220848F9F7A7FA2046B4
:10B04000BDE8104005F0FEB910BD00BF2E15002070
:10B050002F150020681000202D1500200C15002051
:10B06000704708B5FFF7FCFF08BD00000A4A10B59D
:10B07000527852070CD5094C41EAC0012170FFF704
:10B080009FFB94F90000C0F3C700FFF7EAFF10BD73
:10B09000BDE81040FFF794BB043D00202C150020B4
:10B0A000002008B5024B1870FFF7DBFF08BD00BF9A
:10B0B0002C15002008B50C4A92F9003023EA000054
:10B0C00040B2107042070ED1DBB283420BD0074B67
:10B0D0005B785B0707D5C0F3C700FFF77DFBBDE8D2
:10B0E0000840FFF7DDBF08BD2C150020043D0020FF
:10B0F000094A08B55378C3F3800181420AD060F34E
:10B1000082035370108800F041F8BDE80840022027
:10B11000FFF7D0BF08BD00BF043D0020044B5878A6
:10B12000C0F3800080F0010000F00100FFF7E0BFF5
:10B13000043D00200120FFF7DBBF0020FFF7D8BF50
:10B14000704708B501F006FABDE808404FF6FF71F8
:10B15000002001F0E1B908B5002001F076F94FF6C2
:10B16000E763984203D1BDE8084004F0EBB8002043
:10B1700008BD022001F05AB9032001F057B9014679
:10B18000032001F0BBB9042001F05FB9014604209F
:10B1900001F0C2B90F2001F067B901460F2001F09C
:10B1A000C9B908B50020FFF7F8FFFFF7C9FF08BDD0
:10B1B00001460E2001F0A2B910B504464FF45771B4
:10B1C000132001F0B7F92046BDE810404FF4577244
:10B1D000222101F079B9000010B5002401F0BAF97C
:10B1E0004FF6E761002001F097F90021022001F0FD
:10B1F00085F90021032001F081F91A4B4FF4A05189
:10B2000004201C7001F088F92146062001F076F92F
:10B21000FF21072001F072F92146082001F08AF988
:10B2200021460D2001F06AF92146182001F082F92B
:10B230002146172001F062F921461C2001F07AF91D
:10B240002146202001F068F92146182001F072F90A
:10B25000FDF7DCFB204604F08DF804F0BAF8FFF7A8
:10B26000A0FF10BD72140020FFF7B6BF37B505F080
:10B27000ADFA0D4D04462B88834212D04FF6FF7372
:10B28000ADF8003000238DF8023005F09FFA40F051
:10B290000100ADF8040002AB13E90300FEF772FFF2
:10B2A0002C8003B030BD00BF3C15002008B505F070
:10B2B00055FA024B1860024B186008BD3415002087
:10B2C0003815002008B505F049FA024B1860024B0A
:10B2D000186008BD341500203015002070477047F5
:10B2E0000120704708B5054800F090FA01F030F9E8
:10B2F000FFF7F4FFFBF74CF808BD00BF05B80008E6
:10B300000120704708B5FFF7FBFF08BD08B5FBF744
:10B3100075FFFDF771F908BD08B500F083FAFEF777
:10B3200001FFBDE8084003F04BBD08B505F014FA75
:10B3300004F05FF8FDF758FE04F07EFBFEF744FDD5
:10B34000FFF7EAFFFCF73EFC08BD00002DE9F04FD7
:10B3500085B0FFF7C5FF78B9FFF788FF03F0B2F9B2
:10B3600004F0C0FB08B1FFF7ADFF00F0A1FF05B08E
:10B37000BDE8F04FFEF7F0BEDFF8BC80FEF73EFD03
:10B3800046460024E0B236F8025B00F075FA062C5F
:10B390004ED0854204F10104F4D0284B1B789B0762
:10B3A00001D500F06FFAFFF7ADFF002700900DF117
:10B3B000080B5FFA87FA504600F05EFA38F8026B25
:10B3C0000546B0422ED000244FF001094640B6B2E7
:10B3D00016EA090F1CD0009B15EA090F14BF0122C1
:10B3E00000228BB18DF80A2001928DF808408DF86B
:10B3F00009A005F0EBF940F00100ADF80C009BE866
:10B400000300FEF7BFFE019A2146504603F0C2F842
:10B410000134E4B24FEA49030F2C1FFA83F9D7D164
:10B4200028F8025C0137072FC3D1FFF73FFF95E7EC
:10B430008542B2D190E700BF3E1500204C15002098
:10B4400038B500F003F9B0F5A44F044643D2B0F587
:10B45000A04F80F0AC80DF2816D8CC2800F28A807C
:10B46000A7280AD8A42878D8012804D0031F9BB2A3
:10B47000A12B28BF0024204638BDA0F1A8039BB211
:10B480001A2B6FD90024F6E7B0F5804F19D2B0F52A
:10B49000005F80F09C80E728EDD9A0F580739BB217
:10B4A000B3F5F85FEED2C0F3072000F055F905467A
:10B4B000E0B200F0CBF82D0205F4F8550543ACB22C
:10B4C000D9E7C0B200F0C2F804F47064044344F455
:10B4D0002044A4B2CFE7B0F5A54F21D245F25F23B7
:10B4E000984251D845F23F2398420ED845F21F2387
:10B4F000984242D80124C0F3850300F00300844041
:10B5000044EA431444F40D44E3E70124C0F3820306
:10B5100000F00300844044EA431444F40C44D8E7A8
:10B5200045F2BF2398420AD845F29F23984200F083
:10B530001F0034D84AF2F40444EA00249BE7A0F543
:10B54000A543403B9BB21F2B9CD8040204F4F85443
:10B5500044F4204444F0F0048DE7A0F1240444F4C2
:10B560008044B6E7224B5834E4B233F8144044F434
:10B57000884480E740F4A044ABE74AF2F10300F0CE
:10B580001F0443EA042476E70124C0F3820300F099
:10B590000300844044EA431444F40A4499E700F069
:10B5A000DBF8040204F4F85444F4005463E700F0B8
:10B5B0001F0000F0D1F8C306C4F3431448BF0001D4
:10B5C000240200B2204340F4104084B253E7C0F399
:10B5D000042000F0C1F80546E0B200F037F82D0273
:10B5E00005F4F85545EA000444F4005471E700BF3F
:10B5F0009453010882B0ADF80410CBB2C1F3072117
:10B60000062905D80E2B12D81A4602B004F029BC20
:10B61000FD2906D1012B0AD80122194602B004F0F7
:10B620002DBCFC2903D1012B01D80022F5E7002015
:10B6300002B0704707B5ADF804100199FFF7DAFFC3
:10B6400003B05DF804EBFFF7FBBE0000E72850D81D
:10B65000DF2807D8312865D00ED8292858D02A28C5
:10B6600067D07047A0F1E003072B42D8DFE803F072
:10B670001541242933413D42392804D0822802D083
:10B68000352840D07047334B1A7892075CD15B78ED
:10B6900013F0080F18BF292070472E4A1378D907D6
:10B6A0004ED4527812F0010F23D013F0100F08BFC0
:10B6B000E32018BF00207047264B1B7813F0040FBF
:10B6C000F2E7244A137859073CD45278D2073BD486
:10B6D00013F0100FEDE71F4B5A78910709D51B782F
:10B6E00013F0100F08BFE720E3E71A4B1B781A0787
:10B6F000F6D47047174A1378190727D45278910760
:10B70000E6D5E4207047134B1B7813F0200FC1E7F8
:10B71000104B1A7892061BD45B7813F0080F18BFF1
:10B72000392070470B4B1B7813F0400F18BF2A20AD
:10B730007047084B1B7813F0400F18BF312070473B
:10B7400039207047E2207047E0207047E6207047BC
:10B750003520CEE7043D0020294A1378590707D544
:10B7600000F01801082927D100F0F70040F004008C
:10B77000190707D500F01801182926D100F0E700B5
:10B7800040F014005278D10707D500F018010829BD
:10B7900024D100F0F70040F00100920707D500F037
:10B7A0001802182A23D100F0E70040F01100DB0650
:10B7B00048BF00F0E700704700F01401042904BFFF
:10B7C00000F0FB0040F00800D2E700F0140114295B
:10B7D00004BF00F0EB0040F01800D3E700F01101C7
:10B7E000012904BF00F0FE0040F00800D5E700F09A
:10B7F0001102112A04BF00F0EE0040F01800D6E755
:10B80000043D00200020704700207047014B186065
:10B81000704700BF6C100020FFF793BC08B5FEF71F
:10B82000FFF908BD08B5FFF796FC08B9FFF71CFD46
:10B83000FFF79FFC084B1870FFF7A5FC074B18801B
:10B84000FFF7ECFFFFF798FCFEF787FF044B187833
:10B85000BDE80840FEF79DBF4C150020043D0020C8
:10B8600076140020704708B5FFF7FCFF08BD70474D
:10B8700008B5FFF7FCFF08BD014B33F81000704717
:10B88000143D002070474FF4076005F023BD00BF52
:10B8900000BF00BF00BF00BF00BF00BF00BF00BFB0
:10B8A00000BF00BF00BF00BF00BF00BF00BF00BFA0
:10B8B00000BF704708B5FFF7E6FF08BD70470000FE
:10B8C0002DE9F04107460E461446DFF8508033B1AB
:10B8D000012388F8003004F041FF114B186098F8FC
:10B8E00000501DB900252846BDE8F0810C4B1868B2
:10B8F00004F078FF0428F5D9640022463946304622
:10B90000F8F710FE40B1224639463046F8F73EFEC1
:10B91000002388F80030E6E70546F9E74D150020DA
:10B920005015002008B505F06DFAFFF7FEFCBDE8E4
:10B93000084005F07DBA08B505F080FAFFF706FD6E
:10B94000BDE8084005F07CBA08B504F0D2FE05F069
:10B9500057FAFFF7C7FCFFF7E5FFFFF7ECFFFFF72C
:10B96000D5FCFAE70346DA680846511C10B4D960E2
:10B9700019698A4207D21C681CB15968234610BC59
:10B9800018479B68985410BC70472DE9F047DDF8C4
:10B9900020A005461AF0030F0F4614461E46D0F8A5
:10B9A0000C8010D03C44BC420FD11AF0020F16D1CB
:10B9B000BDE8F08720212846FFF7D4FF09F10109EF
:10B9C000B145F7D3EEE79146FAE7284614F8011D92
:10B9D000FFF7C8FFE7E720212846FFF7C3FFEB6822
:10B9E000A3EB0803B342F6D3E2E72DE9F04F0D468F
:10B9F0008BB01E46DDE914839446169C02A9F5B966
:10BA0000270517D4302201258DF8082024F01004D2
:10BA1000A20762D404F0010743B1002F5DD0BCF14E
:10BA2000000F02D114F00C0F00D0013B2A464FF05A
:10BA3000300E29E0102EEBD124F01004E8E714F0CA
:10BA4000200F14BF4FF0410E4FF0610E2A46894679
:10BA50000025AEF10A0EB2FBF6FA06FB1A2B5FFACE
:10BA60008BF7BBF1090F94BF30377744FFB2964292
:10BA700005F1010509F8017BCAD8202DC8D052462E
:10BA8000E9E702F801E001321FB1934201D9202A0F
:10BA9000F7D1302701E057540132904501D9202ACF
:10BAA000F9D1082E03D1954238BF24F0100442F298
:10BAB00010073C424AD0270532D48AB3904501D0C2
:10BAC0009A422DD1954253D2013A29D0102E24D03A
:10BAD000022E32D1954222D303E02A46D9E7022E24
:10BAE0002BD11F2A3ED802F1280562266D4421E0A1
:10BAF0001F2A37D802F1280558266D441AE0660738
:10BB000004D502F128052B266D4428E0250729D508
:10BB100002F1280520266D4421E0954202D2013A27
:10BB2000102EDCD1A706E3D41F2A1BD8782602F1F9
:10BB300028056D4405F8206C01321F2A12D83026E2
:10BB400002F128056D4405F8206C01321F2A09D83E
:10BB5000BCF1000FD3D02D2602F128056D4405F865
:10BB6000206C01320094FFF710FF0BB0BDE8F08F9E
:10BB7000102EADD1D6E700002DE9F04F83460D46DB
:10BB80001446DFF8D4A289B02978A9B9DBF80030CF
:10BB90006BB9DBF8102052B1DBF8081039B1DBF8D3
:10BBA0000C30934228BF02F1FF330022CA54DBF865
:10BBB0000C0009B0BDE8F08F252905F1010503D07F
:10BBC0005846FFF7CFFEDFE74FF0000C06E02D2BC5
:10BBD00015D0302B0CD14CF0010C0D46294611F834
:10BBE000013B2B2B0ED0F2D8202B0ED0232B0FD0C5
:10BBF000A3F13002092A28D800260A270FE04CF0CA
:10BC0000020CEAE74CF0040CE7E74CF0080CE4E720
:10BC10004CF0100CE1E7154607FB0636303E2A468D
:10BC200012F8013BA3F130010929F4D92B782E2B0E
:10BC300045D16A786B1CA2F1300109294CF4006CE3
:10BC400035D84FF000080A2711E02A2B08D154F804
:10BC5000046B0D46002EBCBF4CF0020C7642E5E7AB
:10BC60000026E3E70B4607FB0828A8F13008194631
:10BC700011F8012BA2F13005092DF3D91D4615F855
:10BC8000012B6C2A26D01ED8682A2AD06A2A31D0E5
:10BC90001D4615F8011B782992D861292DD8252930
:10BCA0008ED058298CD14CF0200C10236FE02A2A1A
:10BCB00006D154F8043B23EAE378AB1CDEE72B46BD
:10BCC0004FF00008DAE7742A01D07A2AE0D14CF468
:10BCD000007CDEE75A786C2AF9D14CF4C06C9D1CCC
:10BCE000D7E75A78682A02D04CF0800CD1E74CF0A4
:10BCF000C00CF4E74CF4806CCBE7A1F16203162B87
:10BD00003FF65EAF01A252F823F000BF69BD000804
:10BD100029BE000869BD0008C1BB0008C1BB0008FE
:10BD2000C1BB0008C1BB000869BD0008C1BB000859
:10BD3000C1BB0008C1BB0008C1BB0008C1BB0008F3
:10BD400069BD00082FBF0008C1BB0008C1BB0008C7
:10BD50007BBE0008C1BB000869BD0008C1BB00086C
:10BD6000C1BB000869BD0008642901D0692901D15F
:10BD70004CF4804C782998D0582994D06F2900F041
:10BD8000ED80622900F0EC800A232CF0100C1CF4EA
:10BD9000006F18BF2CF0010C1CF4804F0CF4806273
:10BDA00022D0002A7FF4F0AE1CF4007F04F10407D7
:10BDB0000FD0216800294FEAD172CDF808C0019652
:10BDC000CDF80080B8BF49425846FFF70EFE3C460A
:10BDD000DAE61CF0400F216801D049B2EAE71CF016
:10BDE000800F18BF09B2E5E7002A7FF4CDAE1CF43E
:10BDF000007F2CF00C0004F1040705D0029001969E
:10BE0000CDF800802168DFE71CF0400F216806D0E4
:10BE1000C9B2002202900196CDF80080D4E71CF050
:10BE2000800F18BF89B2F4E71CF0020823D0012765
:10BE300054F8041B5846C9B2FFF794FDB8F1000F3F
:10BE40003FF4A2AEBE427FF69FAE20215846FFF7D8
:10BE500089FD0137F6E700BFCA5301082021584683
:10BE6000FFF780FD0137BE42F8D8002E06F101072A
:10BE700008BF0227DCE74746F4E754F8049BB9F112
:10BE8000000F08D1334606225146CDF800C058466F
:10BE9000FFF77BFD78E6B8F1000F14BF42466FF064
:10BEA00000424F464A44397809B1BA420ED11CF4D7
:10BEB0000063A7EB0907059302D0474528BF474613
:10BEC0001CF00203069312D13A4608E00137EAE774
:10BED000202158460792FFF745FD079A0132B242EA
:10BEE000F6D3F21BBE4238BF00220137174409F1D6
:10BEF000FF3204E058460792FFF734FD079A12F824
:10BF0000011F39B1059B002BF4D0A8EB020C19EBF3
:10BF10000C0FEFD1069B002B3FF436AEBE427FF6EE
:10BF200033AE20215846FFF71DFD0137F6E754F8E0
:10BF3000041B4CF4005343F0010321B90093052284
:10BF40000A230849A3E702930A23002201935846D3
:10BF50001023CDF80080FFF748FD15E6082316E70B
:10BF6000022314E7D153010830B50C460025002CFC
:10BF7000B8BF6FF00044002808BF2C4687B01146B8
:10BF800003901A4601A80195029504950594FFF7C0
:10BF9000F3FD07B030BD0CB407B504AB53F8042B68
:10BFA0000193FFF7E1FF03B05DF804EB02B07047C7
:10BFB000164B1B78D90707D5154B187840007F28FA
:10BFC0001FD800B3C0B270479A0703D5104B18783A
:10BFD0008000F4E75B0703D50D4B1878C000EEE74F
:10BFE0000C4B1B785BB10C4A0949127808789342D4
:10BFF000F4D25843C000B0FBF2F080B2DFE7082073
:10C00000E0E77F2070470120704700BF5E150020E9
:10C01000721000205F15002073100020144B1B7855
:10C02000D90705D5134B18788008F8B1C0B270470E
:10C030009A0703D50F4B18784008F6E75B0705D53C
:10C040000C4B18787F28F0D97F2070470A4B1B785B
:10C0500053B10A4A074912780878934236BF5843C9
:10C0600080B2B0FBF2F0EDE70120DFE7012070477E
:10C070005E1500207610002060150020771000204B
:10C08000CD2808B505D1FFF793FF4042294BD87062
:10C0900008BDCE2802D1FFF78BFFF7E7CF2805D1E7
:10C0A000FFF786FF4042234B9870F1E7D02802D17A
:10C0B000FFF77EFFF7E7D92804D1FFF7AFFF1D4B4D
:10C0C0001871E5E7DA2803D1FFF7A8FF4042F6E749
:10C0D000DB2805D1FFF7A2FF4042164B5871D7E786
:10C0E000DC2802D1FFF79AFFF7E700F12F03DBB25C
:10C0F000072B08D801230F4AD13803FA00F05378F0
:10C1000018435070C4E7DD2805D10B4A137843F07B
:10C1100001031370BCE7DE2804D1074A137843F00B
:10C120000203F6E7DF28B3D1034A137843F0040390
:10C13000EFE700BF581500205E150020364BCD28D4
:10C1400093F902200AD193F9031000290CDA002197
:10C15000D97052B90021314A117006E0CE280DD1B4
:10C1600093F903100029F2DC72B11A795B79134359
:10C170005AB2002B4FD12A4B1A707047CF2806D1E4
:10C18000002AF1DA00229A7093F90320E1E7D0281F
:10C1900002D1002AF6DCE7E7D92893F9041004D18C
:10C1A0000029E1DD00211971DEE7DA2802D100293A
:10C1B000DADAF7E7DB2893F9051004D10029D3DA9E
:10C1C00000215971D0E7DC2802D10029F8DCCBE747
:10C1D00000F12F01C9B2072907D80121D1388140C8
:10C1E000587820EA01005870BEE7DD2805D10D48D7
:10C1F000017821F001010170B6E7DE2804D1094879
:10C20000017821F00201F6E7DF28ADD10548017879
:10C2100021F00401EFE77047581500205F1500205A
:10C22000601500205E15002008B504F0CFFA094B18
:10C23000DA7899780A431CBF074A10801A795B792B
:10C2400013431CBF054B18800248BDE8084004F0AA
:10C2500011B900BF581500205415002056150020B4
:10C26000062208B500210548F8F706FA0023044A1B
:10C270001370044A1370044A137008BD5815002047
:10C280005F150020601500205E15002090F9023037
:10C290005BB990F9033043B990F904302BB990F9A8
:10C2A0000500003818BF01207047012070470000CA
:10C2B00037B5554C062221466846F8F767F9002342
:10C2C0009DF80220A370E370237163719DF8033021
:10C2D00013430AD04D4B188804F07DFA4C490B7873
:10C2E0003BB34C4A127890422CDC9DF804209DF818
:10C2F000053013430BD0484B188804F06CFA4749BB
:10C300000B78002B4AD0464A127890424FDC69469F
:10C310003D4804F0BFF918B93B48FFF7B7FF08B133
:10C32000FFF782FF062269463748F8F72FF903B076
:10C3300030BD0A253B4A12786A439042D5DD01336D
:10C340000B7001E0FF2BFAD19DF902503DB1FFF7D0
:10C350002FFE002DCCBF0123FF235843A0709DF971
:10C3600003503DB1FFF724FE002DCCBF0123FF2376
:10C370005843E07094F90220002AB6D094F90330B3
:10C38000002BB2D0B5214A434B43121208BF012201
:10C390001B1208BF0123A270E370A6E70A25224AF8
:10C3A00012786A439042B2DD01330B7001E0FF2B3B
:10C3B000FAD19DF904503DB1FFF730FE002DCCBFFE
:10C3C0000123FF23584320719DF905503DB1FFF72C
:10C3D00025FE002DCCBF0123FF235843607194F943
:10C3E0000420002A93D094F90530002B8FD0B5217A
:10C3F0004A434B43121208BF01221B1208BF0123FC
:10C400002271637183E700BF581500205415002086
:10C410005F150020711000205615002060150020C7
:10C42000751000207010002074100020002307B544
:10C43000014601220DF107008DF8073000F08CF85D
:10C440009DF8070003B05DF804FB002307B5014623
:10C4500002220DF10600ADF8063000F07DF8BDF8BF
:10C46000060003B05DF804FB07B504220023014673
:10C470000DEB0200019300F06FF8019803B05DF836
:10C4800004FB07B501228DF8071001460DF10700E6
:10C4900000F067F803B05DF804FB07B50222ADF8C1
:10C4A000061001460DF1060000F05BF803B05DF8E0
:10C4B00004FB07B50422019101460DEB020000F0D8
:10C4C00050F803B05DF804FBF8B505461446D31DDB
:10C4D00023F0070300AFADEB030D68460E4600F0F6
:10C4E0003BF8224669462846F8F71CF820B1224658
:10C4F0003146284600F035F8BD46F8BD38B50C4643
:10C500000546FFF793FFA04205D021462846BDE827
:10C510003840FFF7B6BF38BD38B50C460546FFF7C3
:10C5200094FFA04205D021462846BDE83840FFF7D9
:10C53000B4BF38BD38B50C460546FFF795FFA0429D
:10C5400005D021462846BDE83840FFF7B2BF38BDC8
:10C5500000F012B900F038B80B460146184600F05A
:10C560004DB80B460146184600F09AB808B5064B80
:10C570004FF4805218460021F8F77EF841F2080285
:10C5800000F580531A6008BD6815002010B5054CF1
:10C5900023792BB900F069F908B10120207110BD91
:10C5A0000220FCE76825002010B5064C237933B142
:10C5B00000F065F910B100230120237110BD0220A5
:10C5C000FCE700BF6825002038B5FFF7DFFF044611
:10C5D00018B9FFF7E9FF204638BD00F048F90546D5
:10C5E000FFF7C4FF012C06D1FFF7DEFF00280CBFC8
:10C5F000002505F001052C46EDE7000008B50346CF
:10C6000008469918B1F5805F05D804491944F7F731
:10C61000BDFF012008BD0020FCE700BF6815002019
:10C6200038B500F024F9044608B3FFF7AFFF4FF424
:10C63000007205461249002000F03EF970B10EA3C9
:10C64000D3E900234FF480510D4803F048F8024627
:10C650000B464FF4805000F061F950B90024012DD1
:10C6600001D1FFF7A1FF41F20802064B1A602046F4
:10C6700038BD0224F3E700BF25232284E49CF2CBDB
:10C680006815002068250020044B1B68B3F5005F87
:10C6900001D3FFF7C5BF0120704700BF6825002008
:10C6A0008318B3F5805F2DE9F34705460F4616461C
:10C6B0001AD8304C00EB040841463846F7F732FFF1
:10C6C000002854D0324639464046F7F75FFFFFF75F
:10C6D0005DFF814630B104F580583EB9FFF7D4FFC5
:10C6E000044639E0FFF760FF00243CE0052EB24627
:10C6F00028BF4FF0050A052200210DF10300F7F7CE
:10C70000BBFFC5F3024343EACA03524639468DF8DC
:10C7100000300DF103002B0A8DF801308DF8025026
:10C72000F7F734FFDDE90023D8F8000000F0F6F851
:10C73000044688B1D8F800300833C8F80030FFF755
:10C74000A3FF0128044604D1A6EB0A06554457442A
:10C75000C3E7022818BF0024B9F1010F03D1FFF786
:10C7600023FF0028C0D0204602B0BDE8F087012496
:10C77000F9E700BF681500207FB5FFF7F7FE00F06E
:10C780006FF8044610B9FFF7F1FE5BE04FF400725A
:10C790000020314900F075F82F4D044610B9FFF71D
:10C7A000E5FEF0E72AA3D3E900234FF480512846A1
:10C7B00002F095FF06460C464FF4805002A900F0A7
:10C7C00078F8DDE902239C4208BF964201D0FFF7CA
:10C7D000CDFE41F208046946204600F06AF803469F
:10C7E00040B3DDE9000350EA030220D010F0C00F8F
:10C7F000CDE9020304F10804C1B2C0F3811318D1DA
:10C800000A0400F47F46C0F3074002F4E0223043FC
:10C810001043CA0800EBD101B1F5805F0AD80DF1D1
:10C820000B012844F7F7B2FEB4F5005FD3D1012322
:10C8300000E00023094A14603BB9FFF7F1FE04460B
:10C840000028A0D0204604B070BDFFF71DFFF6E71A
:10C8500025232284E49CF2CB681500206825002063
:10C8600008B500F0CBF8012008BD0120704708B5DD
:10C87000002000F0C5F8B0FA80F0400908BD0120A2
:10C88000704738B5D5002A460C4600F0D6F818B9DE
:10C8900021462544A94203D1B0FA80F0400938BDB1
:10C8A000D1E90023D243DB4341F8082B41F8043C93
:10C8B000F0E70122FFF7E5BF2DE9F047064688467D
:10C8C00015460027C0B0202DA94628BF4FF02009EB
:10C8D0004FEAC90A5246684608EBC701F7F756FE09
:10C8E00000246B464C450DD152466946304600F057
:10C8F000C2F888B92D1B56442744E4D1012040B02A
:10C90000BDE8F087D3E90001C043C94343F8080BF1
:10C9100043F8041C0134E5E70020F0E707B5CDE952
:10C92000002369460122FFF7C7FF03B05DF804FB4F
:10C93000002208231146014803F0EABC0C0800401D
:10C9400008B5FFF7F5FF30B1062003F01DFD03F039
:10C9500053FD002008BD4FF0FF30FBE738B503F072
:10C96000FDFE00F57A75FFF7E3FF78B1052003F0CF
:10C970000BFD03F01BFDC4B203F03EFD03F0EEFE21
:10C98000A84206D214F00100EDD138BD4FF0FF30BF
:10C99000FBE76FF00100F8E7F7B51F468DF80710C9
:10C9A0000B0A090C064615468DF804008DF8063072
:10C9B0008DF80510FFF7BCFFE8B104210DEB010075
:10C9C00003F006FD044648B945B1022E0BD0032EF4
:10C9D0000ED12846B9B203F005FD044603F00CFD64
:10C9E000204603B0F0BD2846B9B203F0F1FCF4E7ED
:10C9F0004FF0FF34F2E74FF0FF34F1E703F04CBCA7
:10CA000000F58033B3F5002F10B5044612D283B27F
:10CA100083B9FFF7A3FF78B9FFF792FF60B9034628
:10CA200002462146D820FFF7B7FF28B9BDE81040DD
:10CA3000FFF794BF4FF0FF3010BD2DE9F0410746DE
:10CA40000D461646FFF78AFF0446804638B1324647
:10CA500000212846F7F710FE2046BDE8F081334656
:10CA60002A4639460320FFF797FF04460028F3D0F3
:10CA700032464146EDE72DE9F04106460F461546A0
:10CA800075B9FFF76BFF044638B9FFF751FF30B3B4
:10CA9000042003F079FC03F0AFFC2046BDE8F081F0
:10CAA0005FFA86F8C8F58078A84528BFA846FFF742
:10CAB00055FF04460028F0D1FFF742FF0446002846
:10CAC000EBD143463A4631460220FFF765FF044664
:10CAD0000028E2D147444644A5EB0805D0E74FF0D3
:10CAE000FF34DAE730B510F47F4F85B00190C0F322
:10CAF0000725C0F3074217D109B1304B9A5C8DF876
:10CB00000C208DF80D208DF80E2000209DF80C30A3
:10CB100063F307009DF80D3063F30F209DF80E308E
:10CB200063F3174005B030BD9DF8044061B3234B5B
:10CB30009A5C0620FF236043591BB0FBF3F06FF0B3
:10CB40005403434303EB440303EB4303DBB203FB14
:10CB500005F4C3F1FF036B4324121B12C4F1FF045D
:10CB6000C3F1FF03514354435343C1F30721C4F3BB
:10CB70000724C3F30723D2B2062819D8DFE800F050
:10CB80000608110F1418060092B2D2E714461A468E
:10CB90008DF80C208DF80D408DF80E10B5E713467A
:10CBA00022460C461946F3E71C4613460A46F9E7A7
:10CBB00013460A4621461C46EAE700BF0454010812
:10CBC000012184B004B0FFF78DBF012830B501D832
:10CBD000C0B230BDB0F5F75F88BFFF224FF001044F
:10CBE0009EBF42090832D2B2A3185910C3F34705B9
:10CBF000C3F34F035B439BB2834205D96A1ED2B293
:10CC00009442F1D9601EE3E7FF2902D06C1CE4B224
:10CC1000F6E70846DDE70000074B188800EB4022E6
:10CC200000EB820000F55850193080B2188000EBFC
:10CC30001020C0B2704700BF7E10002010F04003EB
:10CC400016BFC2430246D2B210B502F00F0103B1C3
:10CC50000131094CC2F3011204EB42035B785943E2
:10CC600014F81230020603EB2113DBB244BF5B421F
:10CC7000DBB283F0800010BDD753010884B001906F
:10CC8000C0F30723124800EB4100E42190F869004B
:10CC90004843C2EB10201C300028B8BF4042A3EB31
:10CCA000C00000B220EAE070584300128DF8050081
:10CCB0000020019BDAB262F30700C3F3072262F39C
:10CCC0000F20C3F3074363F3174004B0704700BF5E
:10CCD000500D002084B00190C0F30743124800EBD0
:10CCE0004100E42190F869004843C2EB10201C3059
:10CCF0000028B8BF4042A3EBC00000B220EAE070B9
:10CD0000584300128DF806000020019BDAB262F34E
:10CD10000700C3F3072262F30F20C3F3074363F353
:10CD2000174004B0704700BF500D002084B0019040
:10CD300000208DF80420019BDAB262F30700C3F3F0
:10CD4000072262F30F20C3F3074363F3174004B0D5
:10CD50007047000084B001900B4800EB410090F850
:10CD6000693000209B1A8DF80430019BDAB262F31F
:10CD70000700C3F3072262F30F20C3F3074363F3F3
:10CD8000174004B0704700BF500D002084B00190E0
:10CD90000B4800EB410090F86A3000209B1A8DF898
:10CDA0000430019BDAB262F30700C3F3072262F397
:10CDB0000F20C3F3074363F3174004B0704700BF6D
:10CDC000500D002030B5134B85B03431019003EB8A
:10CDD0004104A57803EB4103A5F1200464B25B781C
:10CDE000002CBCBFC5F1200464B29A1A2244C0B220
:10CDF00010448DF804000020019BDAB262F30700B2
:10CE0000C3F3072262F30F20C3F3074363F3174012
:10CE100005B030BD500D002084B0019000209DF879
:10CE2000102003EB430302EB53038DF80430019B06
:10CE3000DAB262F30700C3F3072262F30F20C3F3F1
:10CE4000074363F3174004B070471FB592B20190D7
:10CE500048B2002802FB02F2BCBF494248B2C0F10E
:10CE6000380000FB002080B21C46FFF7AEFE00EB4E
:10CE70004000044400208DF80440019BDAB262F3C4
:10CE80000700C3F3072262F30F20C3F3074363F3E2
:10CE9000174004B010BD000084B0019003F13400CD
:10CEA000104B03EB400398785B782038703B4B4382
:10CEB00002FB003200209DF80410002AB8BF7F3228
:10CEC00001EBE2128DF80420019BDAB262F3070055
:10CED000C3F3072262F30F20C3F3074363F3174042
:10CEE00004B07047500D002084B0019003F134006D
:10CEF000104B03EB400398785B782038703B4B4332
:10CF000002FB003200209DF80410002AB8BF3F3217
:10CF100001EBA2128DF80420019BDAB262F3070044
:10CF2000C3F3072262F30F20C3F3074363F31740F1
:10CF300004B07047500D002030B5174C85B0343325
:10CF4000019004EB43046578A378A5F1700464B202
:10CF5000203B002C02FB03F3BCBFC5F1700464B29C
:10CF6000C4F1380201FB023212EB4202C0B248BFE8
:10CF70007F3200EBE21200208DF80420019BDAB230
:10CF800062F30700C3F3072262F30F20C3F30743E2
:10CF900063F3174005B030BD500D002030B50D468D
:10CFA00085B00190C4B21046FFF748FE124901EB6C
:10CFB000450191F8692002440C20D2B2A2F180030D
:10CFC0005BB2002BBCBFC2F1800253B25B00DBB28C
:10CFD0004343002004EB13238DF80430019BDAB2A5
:10CFE00062F30700C3F3072262F30F20C3F3074382
:10CFF00063F3174005B030BD500D0020114B84B0D5
:10D00000019003EB410393F86910C0B28B1A5BB235
:10D01000002BBCBF521A53B21822DBB2534300EBB1
:10D0200013208DF804000020019BDAB262F30700A0
:10D03000C3F3072262F30F20C3F3074363F31740E0
:10D0400004B07047500D0020C94384B00190C9B2AC
:10D05000C0F307404143002009128DF80610019BE0
:10D06000DAB262F30700C3F3072262F30F20C3F3BF
:10D07000074363F3174004B0704784B0C9B201900E
:10D08000C1F18201C0B20029A8BF40188DF8040088
:10D090000020019BDAB262F30700C3F3072262F3B8
:10D0A0000F20C3F3074363F3174004B0704784B005
:10D0B00003EB8302BDF81030019013449BB2FF2BA9
:10D0C00028BFFF23DB43C0F30740DBB20344FF2B41
:10D0D00028BFFF2300208DF80630019BDAB262F3EF
:10D0E0000700C3F3072262F30F20C3F3074363F380
:10D0F000174004B0704700291FB5B8BF4942002A45
:10D10000B8BF524209B2090112B2FF294FEA021216
:10D11000A8BFFF21FF2AA8BFFF22BDF8184009B20F
:10D120001C4412B2A4B29142D4BF6418A418A3B292
:10D13000FF2B28BFFF23DB430190DBB2C0F3074086
:10D140000344FF2B28BFFF2300208DF80630019BEE
:10D15000DAB262F30700C3F3072262F30F20C3F3CE
:10D16000074363F3174004B010BD00001FB5482B00
:10D170000190C0F3074030D8BDF81840E31A9BB2C5
:10D18000FF2B28BFFF23083189B2102905D902F1EE
:10D19000080189B2112928BFFF23DB43DBB2034416
:10D1A000002AB8BF0332FF2B28BFFF2300200C4901
:10D1B0008DF80630497801EBA2028DF80420019B1E
:10D1C000DAB262F30700C3F3072262F30F20C3F35E
:10D1D000074363F3174004B010BDFF23D3E700BF3C
:10D1E000243D002084B0BDF81020C0F30741D31ABD
:10D1F0009BB2FF2B28BFFF23DBB2DA43D2B211442C
:10D20000FF2928BFFF210190034400208DF804303E
:10D210008DF80610019BDAB262F30700C3F3072210
:10D2200062F30F20C3F3074363F3174004B0704762
:10D2300084B0BDF810200190D31A9BB2FF2B28BFF9
:10D24000FF23DB43C0F30740DBB20344FF2B28BFBF
:10D25000FF2300208DF80630019BDAB262F307004D
:10D26000C3F3072262F30F20C3F3074363F31740AE
:10D2700004B07047024B1A7810431870704700BF13
:10D2800072250020012310B5044C06221C210448FD
:10D290002370FFF761F90023237010BD7225002071
:10D2A000243D002010B5044620B90029ACBF002061
:10D2B000802010BD80EAE073A3EBE0731BB200296D
:10D2C00003EB0102A7BFCB1A5B015B1A5201ABBF94
:10D2D00093FBF2F392FBF3F3C3F12003C3F160037A
:10D2E0005BB2D8B2002CBCBF4042C0B2E1E730B55F
:10D2F000C0F3072585B0EB1A01901046DCB2FFF7AA
:10D30000D1FFC0EB801300EB83002044C0B2684320
:10D3100000128DF805000020019BDAB262F30700CD
:10D32000C3F3072262F30F20C3F3074363F31740ED
:10D3300005B030BD30B5C0F3074585B0EB1A01909C
:10D340001046DCB2FFF7AEFFC0EB801300EB8300AA
:10D350002044C0B2684300128DF806000020019BF3
:10D36000DAB262F30700C3F3072262F30F20C3F3BC
:10D37000074363F3174005B030BD30B585B09DF865
:10D380002040C0F30725019010461C1BFFF78AFFC1
:10D390002C44E4B2201AC0B2684300128DF8050094
:10D3A0000020019BDAB262F30700C3F3072262F3A5
:10D3B0000F20C3F3074363F3174005B030BD30B50A
:10D3C00085B09DF82040C0F30745019010461C1B16
:10D3D000FFF768FF2C44E4B2201AC0B26843001281
:10D3E0008DF806000020019BDAB262F30700C3F358
:10D3F000072262F30F20C3F3074363F3174005B01E
:10D4000030BD1FB5019010461C46FFF74BFF20446E
:10D410008DF804000020019BDAB262F30700C3F329
:10D42000072262F30F20C3F3074363F3174004B0EE
:10D4300010BD1FB59DF81840019010461C1BFFF74A
:10D4400031FFE4B2241A00208DF80440019BDAB2C7
:10D4500062F30700C3F3072262F30F20C3F307430D
:10D4600063F3174004B010BD062208B51C21034821
:10D47000FFF72AF80022024B1A7008BD243D002055
:10D480007225002084B004B0FFF79ABB2DE9F74F56
:10D49000DFF8CCA0C0EB00180AEB08035B5C074682
:10D4A000FF2B0E462BD000252E4A90444FF0000B48
:10D4B000C5EB051403F134090AEB04010AEB490931
:10D4C000144411F801EBBEF1FF0F0ED0E8B2874211
:10D4D00018D15FFA8BF0864214D118F8060020307C
:10D4E000FF2828BFFF2008F806000BF1010BBBF155
:10D4F0000F0F04F10104E4D10135072DD6D103B09B
:10D50000BDE8F08F0EF1340E0AEB4E0E9EF80100CE
:10D5100099F801C09EF802E0ACEB000C99F802000B
:10D520000191A0EB0E0080B240430CFB0C0080B2D6
:10D530000093FFF74AFB2828009B0199094AD4D899
:10D5400094F800C0C0F12800C0B2102894BF8444F1
:10D550000CF1100C6046FF2828BFFF202070C4E7A4
:10D56000500D00207425002010B5007800EB00104D
:10D57000C0B200F11104E4B2532C214628BF53215C
:10D58000FBF7BCF8522C8CBF0020012010BDFFF728
:10D590006BBF000010B5084C35232046032200F86D
:10D5A000013B0649F6F7F2FFCC232371FF23637199
:10D5B000BDE81040FFF758BF243D00201645010884
:10D5C0000020704770B504460E461546FFF7F8FF79
:10D5D000054BC4EB04141C44A35DFF2B1EBF2B544E
:10D5E0000130C0B270BD00BF500D0020014BDB68A0
:10D5F000184700BFE0530108522817B406DC054C59
:10D600006468A446019403B010BC604703B010BC2A
:10D61000704700BFE05301082DE9F04F04788046C1
:10D6200004EB0414E4B204F11106F6B2532EB3462F
:10D6300028BF4FF0530B2E4BDFF8B8901D8899F898
:10D64000043089B05B085D432B4B0391C5F307257C
:10D6500003EB440703F20F1AE3B29B4506D8522EA0
:10D660008CBF0020012009B0BDE8F08F14F80A201B
:10D6700098F801301A4238D097F86A2097F8691064
:10D68000203A92B202FB02F0703989B201FB01002C
:10D6900080B205920491FFF798FA99F801C0034609
:10D6A00099F8020099F803E0059A04994CEA0020E1
:10D6B00012B209B2DDF80CC040EA0E400095E04716
:10D6C000C0F307238DF81C00C0F307408DF81D3010
:10D6D0008DF81E000798FFF7D5FEC0F30743C2B2CE
:10D6E000C0F307212046FFF787FF02370134B3E775
:10D6F0002C3D0020243D0020500D00200149FFF763
:10D700008BBF00BF7BD300080149FFF785BF00BF77
:10D71000BFD300080149FFF77FBF00BF19CE000843
:10D720000149FFF779BF00BF33D400082DE9F04F5E
:10D730000478804604EB0414E4B204F11106F6B256
:10D74000532EB34628BF4FF0530BDFF89890264B6B
:10D7500099F804501B886D085D43244B85B00191F6
:10D76000C5F3072503EB440703F20F1AE3B29B4509
:10D7700006D8522E8CBF0020012005B0BDE8F08FE6
:10D7800014F80A2098F801301A4228D099F802308B
:10D7900099F8010099F803C097F86A2097F8691082
:10D7A00040EA0320203A70392B4640EA0C40DDF86D
:10D7B00004C0E047C0F307238DF80C00C0F3074016
:10D7C0008DF80D308DF80E000398FFF75BFEC0F367
:10D7D0000743C2B2C0F307212046FFF70DFF02370F
:10D7E0000134C3E7243D00202C3D0020500D0020D3
:10D7F0000149FFF79BBF00BFEFD200080149FFF7C7
:10D8000095BF00BF35D300080149FFF78FBF00BFA8
:10D810004BCE00080149FFF789BF00BF03D40008C1
:10D820002DE9F74F0478074604EB0414E4B204F141
:10D830001106F6B2532EB246894628BF4FF0530A5E
:10D84000DFF87C801F4A98F80450DFF87CB0AB0802
:10D85000158803FB0555C5F30725E1B28A4506D8AF
:10D86000522E8CBF0020012003B0BDE8F08F14F8C9
:10D870000B207B781A4220D098F8020098F80130EB
:10D880002A4643EA002398F8030043EA0040C847C9
:10D89000C0F307238DF80400C0F307408DF805306E
:10D8A0008DF806000198FFF7EDFDC0F30743C2B203
:10D8B000C0F307212046FFF79FFE0134CDE700BFEC
:10D8C000243D00202C3D00205F0E00200149FFF781
:10D8D000A7BF00BF7DCC00080149FFF7A1BF00BF73
:10D8E000D5CC00080149FFF79BBF00BF2DCD000834
:10D8F0000149FFF795BF00BF55CD00080149FFF76B
:10D900008FBF00BF8DCD00080149FFF789BF00BF61
:10D91000C5CD00080149FFF783BF00BF9DCF0008B8
:10D920000149FFF77DBF00BFFDCF00082DE9F04F93
:10D93000DFF8C0A0304B9AF804501B88AD085D4357
:10D940000478C5F3072504EB0414E4B204F11108CC
:10D950005FFA88F8814605F1400087B0B8F1530FAF
:10D96000C0B20391C34628BF4FF0530BFFF766F9CF
:10D97000A0F180062846FFF761F9A0F1800776B292
:10D980007FB2E3B29B4507D8B8F1520F8CBF00209D
:10D99000012007B0BDE8F08F184AA15C99F801207A
:10D9A000114224D09AF802209AF801009AF803C094
:10D9B00040EA022031463A4640EA0C400095DDF844
:10D9C0000CC0E047C0F307238DF81400C0F30740F4
:10D9D0008DF815308DF816000598FFF753FDC0F34C
:10D9E0000743C2B2C0F307212046FFF705FE01340A
:10D9F000C7E700BF243D00202C3D00205F0E002023
:10DA00000149FFF793BF00BF99CE00080149FFF716
:10DA10008DBF00BFE9CE00080149FFF787BF00BFF7
:10DA200039CF00082DE9F04F0478364D04EB04148B
:10DA3000E4B22F7904F11106F6B20137532EB14644
:10DA400028BF4FF05309FF2F28BFFF274FF6FF7362
:10DA50008046B3FBF7F785B0DFF8ACB0DFF8ACA0D9
:10DA60000191E0B2814506D8522E8CBF00200120E2
:10DA700005B0BDE8F08F14F80B2098F801301A4279
:10DA80002DD09AF800302249013B5BB21A0628D506
:10DA90003A462979A8780131FF2928BFFF216B7800
:10DAA000514343EA0023E878C1F30F2143EA0040E1
:10DAB000019B9847C0F307238DF80C00C0F3074083
:10DAC0008DF80D308DF80E000398FFF7DBFCC0F3E6
:10DAD0000743C2B2C0F307212046FFF78DFD013492
:10DAE000BFE75A5C82420AD103F10C020AEB420200
:10DAF00092F801C092784CEA0222BA42C9D3013BA3
:10DB0000C4E700BF243D00205F0E0020303D002010
:10DB1000413D00200149FFF785BF00BF49D0000803
:10DB20000149FFF77FBF00BF7BD000082DE9F04F10
:10DB30000C78824604EB0414E4B204F11107FFB23E
:10DB4000532F3B4628BF53238B468BB00293414B48
:10DB500004921B780393404B03EB440803F20F132A
:10DB60000593029AE3B29A4206D8522F8CBF002046
:10DB700001200BB0BDE8F08F059BE25C9BF8013003
:10DB80001A4220D0D14600250322344908A8F6F7CE
:10DB9000FDFC304B0AF101061E44039A5FFA89F33B
:10DBA0009A4214D82E4BD87845432D128DF8225026
:10DBB0000898FFF767FCC0F30743C2B2C0F3072120
:10DBC0002046FFF719FD013408F10208C9E716F8ED
:10DBD000013B98F8691098F86A20C91AF37989B25C
:10DBE000D21A92B202FB02F001FB010080B207924E
:10DBF0000691FEF7EAFF1A4A09F10C0C92F804E0CC
:10DC0000144A0EF1010EBEF1FF0F28BF4FF0FF0EB8
:10DC100002EB4C0C03469CF801009CF802C0079AEA
:10DC200040EA0C200EFB00F006998DF82250C0F35C
:10DC30000F20049D009012B2089809B2A847C0F3C3
:10DC400007238DF820008DF82130C0F3074509F136
:10DC50000109A2E7303D0020500D0020253D0020A5
:10DC6000243D0020044B01461B78044A013B23EA73
:10DC7000E373D8B2FFF75ABF303D0020AFD00008A1
:10DC80000146024A0020FFF751BF00BFAFD0000895
:10DC9000044B01461B78044A013B23EAE373D8B2E4
:10DCA000FFF744BF303D0020F7D000080146024A8C
:10DCB0000020FFF73BBF00BFF7D00008044B014630
:10DCC0001B78044A013B23EAE373D8B2FFF72EBF67
:10DCD000303D00206DD100080146024A0020FFF7C8
:10DCE00025BF00BF6DD10008044B01461B78044AD4
:10DCF000013B23EAE373D8B2FFF718BF303D0020A1
:10DD0000E5D100080146024A0020FFF70FBF00BF1F
:10DD1000E5D10008044B01461B78044A013B23EA85
:10DD2000E373D8B2FFF702BF303D002031D20008C4
:10DD30000146024A0020FFF7F9BE00BF31D20008B9
:10DD40002DE9F3411D4A04785378054604EB041489
:10DD50009078E4B243EA002304F11106D078F6B2D9
:10DD6000532E43EA0040374628BF5327FFF78AFB6C
:10DD7000C0F307238DF80530DFF84480C0F3074374
:10DD80008DF804008DF80630E3B29F4206D8522E7B
:10DD90008CBF0020012002B0BDE8F08114F80820FB
:10DDA0006B781A4208D020469DF806309DF8042072
:10DDB0009DF80510FFF720FC0134E5E7243D002025
:10DDC0005F0E00202DE9F0430478DFF8B49004EBF7
:10DDD0000414E4B204F1110585B0EDB2532D4FF0F7
:10DDE000030209F10101064601A82F4628BF532767
:10DDF000F6F7CCFB019899F80180FFF743FBC0F3DD
:10DE000007238DF8093099F804308DF808009844FC
:10DE10008DF80480C0F307408DF80A000198FFF7E1
:10DE200031FBC0F307238DF80D30DFF85880C0F3C5
:10DE300007438DF80C008DF80E30E3B29F4206D8F0
:10DE4000522D8CBF0020012005B0BDE8F08314F8EE
:10DE500008307278134211D0DB07204643BF9DF88B
:10DE60000E309DF80C209DF80D109DF80A305CBF17
:10DE70009DF808209DF80910FFF7BEFB0134DCE790
:10DE8000243D00205F0E00202DE9F74F0478DFF8D5
:10DE9000808004EB0414E4B204F11105EDB2532DBB
:10DEA00006464FF00302684608F10101AA46DFF872
:10DEB000649028BF4FF0530AF6F768FB98F8047097
:10DEC000A9F1A50BBF08E3B29A4506D8522D8CBF25
:10DED0000020012003B0BDE8F08F14F8092073780A
:10DEE0001A4213D01BF814301A0998F8013002FBBB
:10DEF00007338DF800300098FFF7C4FAC0F30743EA
:10DF0000C2B2C0F307212046FFF776FB0134DAE7FF
:10DF1000243D00205F0E00202DE9F74F0478DFF844
:10DF2000848004EB0414E4B204F11105EDB2532D26
:10DF300006464FF00302684608F10101AA46DFF8E1
:10DF4000689028BF4FF0530AF6F720FB98F804704A
:10DF5000A9F1A60BBF08E3B29A4506D8522D8CBF93
:10DF60000020012003B0BDE8F08F14F80920737879
:10DF70001A4214D01BF8143007FB03F298F8013052
:10DF800003EB52138DF800300098FFF77BFAC0F3D3
:10DF90000743C2B2C0F307212046FFF72DFB01342F
:10DFA000D9E700BF243D00205F0E00202DE9F74394
:10DFB0000478DFF8B09004EB0414E4B204F1110526
:10DFC000EDB2532D4FF0030209F1010106466846F8
:10DFD0002F4628BF5327F6F7D9FA234B99F8038029
:10DFE000188899F80430DB085843C0F30720FEF77F
:10DFF00025FEA0F180035BB2002BBCBFC0F1800006
:10E0000043B25B00DBB208FB03F31B128DF8023056
:10E010000098FFF737FADFF85480C0F307238DF834
:10E020000400C0F307408DF805308DF80600E3B218
:10E030009F4206D8522D8CBF0020012003B0BDE8BE
:10E04000F08314F8082073781A4208D020469DF80F
:10E0500006309DF804209DF80510FFF7CDFA013435
:10E06000E5E700BF243D00202C3D00205F0E00208E
:10E0700037B5194B0446034493F80F31194229D0A0
:10E08000164B9A7859788DF80120DA788DF80220AD
:10E09000FEF7C2FD4FF4B47201F1B403B3FBF2F525
:10E0A00002FB15335B1A48BF033300F003009B10DB
:10E0B00003FB00138DF800300098FFF7E3F9C0F37D
:10E0C0000743C2B2C0F30721204603B0BDE8304089
:10E0D000FFF792BA03B030BD500D0020243D002060
:10E0E000F8B50478837804EB0414E4B204F1110663
:10E0F0000546F6B2F3B9154B154A1B791288103351
:10E10000FF2B28BFFF2353430A22C3F30F23B3FB84
:10E11000F2F102FB11339BB23BB9FEF77DFD5323B5
:10E12000584369780012FFF7A3FF522E8CBF0020DE
:10E130000120F8BD532E374628BF5327A742F4DDF0
:10E1400020466978FFF794FF0134F7E7243D00206B
:10E150002C3D002013B5134B0446034493F80F31B4
:10E1600019421CD0FEF758FD8DF80000FEF754FD53
:10E1700040F357037F338DF801300B4BDB788DF87C
:10E1800002300098FFF77EF9C0F30743C2B2C0F334
:10E190000721204602B0BDE81040FFF72DBA02B0BB
:10E1A00010BD00BF500D0020243D0020F8B586783A
:10E1B0000546E6B91A4B1B4A1B7912881033FF2B10
:10E1C00028BFFF2353430522C3F30F23B3FBF2F20F
:10E1D00002EB82029B1A9BB23BB9FEF71DFD532353
:10E1E000584369780012FFF7B5FF3046F8BD047850
:10E1F00004EB0414E4B204F11106F6B2532E3746D0
:10E2000028BF5327A74204DC522E8CBF00260126CC
:10E21000EBE720466978FFF79DFF0134F2E700BF86
:10E22000243D00202C3D00202DE9F7430478DFF841
:10E23000B09004EB0414E4B204F11105EDB2532DD7
:10E240004FF0030209F10101064668462F4628BF38
:10E250005327F6F79BF9234B99F80180188899F812
:10E260000430DB085843C0F30720FEF7E7FC0C221C
:10E27000A0F180035BB2002BBCBFC0F1800043B2B1
:10E280005B00DBB2534308EB13238DF8003000989A
:10E29000FEF796FCDFF85080C0F307238DF80400EA
:10E2A000C0F307408DF805308DF80600E3B29F42B9
:10E2B00006D8522D8CBF0020012003B0BDE8F083AA
:10E2C00014F8082073781A4208D020469DF80630CA
:10E2D0009DF804209DF80510FFF78EF90134E5E75D
:10E2E000243D00202C3D00205F0E0020014B9B6848
:10E2F000184700BFE05301082DE9F04F037885B0BF
:10E3000003EB03135FFA83FB0BF1110A5FFA8AFA3E
:10E310005346532B28BF53230093837807464BB1B2
:10E32000002211461046FFF7E1FF692200213A481A
:10E33000F6F7A2F93B786BB9384C208802F04BFA1B
:10E3400018288CBF01220022354B1A7002D902F026
:10E350003DFA208000252C46A84603E0B8F1100FB6
:10E3600051D800242F49C5EB051901EB09031A19EF
:10E370001B5D01925B453ED3009A93423BD20B4416
:10E3800093F80F217B7808F101081A425FFA88F8A8
:10E3900031D0214B244A994419F80460A6F1550361
:10E3A00023EAE373C3F1AA038DF808309378D27897
:10E3B0008DF8093006F1AA03FF2B28BFFF2303EBDA
:10E3C00043030233DBB253431B128DF80A30029829
:10E3D000FFF758F8C0F30743C2B2C0F30721019812
:10E3E0000078FFF709F90E4B1B7823B1013E26EAAE
:10E3F000E67609F804600134E4B20F2CB2D101359D
:10E40000EDB2072DAAD1BAF1520F8CBF0020012026
:10E4100005B0BDE8F08F00BF74250020DE25002088
:10E4200071250020500D0020243D00202DE9F04FE3
:10E43000524B87B0DC78524E04EB44034FEAA30BF7
:10E440009B080293FF23B3FBF4F3019383785BB142
:10E45000002211461046FFF749FF69220021494872
:10E46000F6F70AF9002333700025474FDFF814A1AF
:10E470003B7801333B70D0464FF0000932785FFAA9
:10E4800089F31A4363D10393F6F73CFA3F4B984262
:10E49000039B5CDC8AF800402946184604AAFFF773
:10E4A00091F898B198F80020029B9DF810009A42CC
:10E4B0005CD9A2EB0B030BFB03F3A4EB0B0293FB66
:10E4C000F2F32246DBB21946FFF796F809F101098B
:10E4D000B9F1070F08F10F08D0D10135EDB20F2DBA
:10E4E0000AF1010AC7D13B78019A934204BF002385
:10E4F0003B7033780133DBB21C2B3DD900233370E2
:10E50000234E06233546671E304629460F22062B2A
:10E5100004D190F800C0644508BF077011F80FCC13
:10E52000013AA44524BF01F80F7C0C7012F0FF02E1
:10E5300001F1010100F10100E9D1013B13F0FF03FA
:10E54000A5F10F05E0D1002007B0BDE8F08F98F8E5
:10E550000020002AA0D094429ED9397801988142A7
:10E5600004BF02F1FF3288F8002095E76243B2FB56
:10E57000FBF20023D2B2A6E73370E4E7243D00208B
:10E580007325002074250020702500205455550562
:10E59000CE2500202DE9F04F85B006460F461546E2
:10E5A000FCF7AEFE8046002852D0002D53D03946ED
:10E5B000304602AAFFF706F80446DFF8D49099F82F
:10E5C00000302344082B23DDC4F1080A611C5246A5
:10E5D000494409F10100F5F7D9FF04F10901524658
:10E5E000494409F10900F5F7D1FF09EB44014FEA6D
:10E5F0004A02193109F11900F5F7C8FF04F11101B8
:10E600005246494409F11100F5F7C0FF89F800A00E
:10E61000002299F800C011469146DFF874E00DF130
:10E62000080BD0B200EB0C03DBB28442019314D888
:10E630006444E4B209B1164B1C704DB1154B1B7804
:10E6400003F0FC037C2B03D139463046FEF71EFF56
:10E6500005B0BDE8F08F2C46AFE7019B1BF801AB7E
:10E660000EEB03000C4B0AF1340103EB41014B7834
:10E6700089784370019B41720C330EEB4303414692
:10E6800080F811A083F8019083F802900132C8E766
:10E69000E0250020243D0020500D0020012070477F
:10E6A00008B5FFF7FBFF08BD08B5017801EB0111C4
:10E6B000C9B2A1F11100532928BF5321C0B2F9F703
:10E6C000BFFE08BD2DE9F04F8D4C89B0206802F0E7
:10E6D00089F8054602F042F820600024894EA446DD
:10E6E00096F800E0C5F57F477146FF37E3B29E45D7
:10E6F00019D8BCF1000F00D03170DFF80CA2834CA8
:10E700009AF8003013F0030218BF9B08019218BF5B
:10E7100001932378032B00F22083DFE813F01C0021
:10E7200029002503320304F10C0206EB4202537860
:10E7300092F80280013443EA08239F4229BF5B1903
:10E7400001F1FF315370C3F307233ABF4FF0010CBF
:10E75000C9B29370CAE700226D4B6A491A706D4BBB
:10E76000292218606C48F5F711FF01232370F4E2A9
:10E770006A4B019A1B78934248D1694A9AF8003053
:10E78000127803F003039B1A18BF0123604C6278D0
:10E79000A3709AF805309A4205D00022114610461F
:10E7A0006370FFF7A3FD019B2D2B3AD8DFE813F030
:10E7B00030003B004000440048004C005000540032
:10E7C00058005C006000640068006C007000740019
:10E7D00078007C008000840088008C009000940009
:10E7E00098009C00A000A400BA001001F801970254
:10E7F0009B029F02A302A702AB02AF02B302B702C1
:10E80000BB02BF02C302C702CB02CF020123BDE796
:10E81000A478002C00F00481002211461046FFF776
:10E8200065FD0024FCE03A48FFF78AFA0446F7E069
:10E830003748FFF7C7FAF9E73548FFF725FBF5E753
:10E840003348FFF769FBF1E73148FFF7AFFBEDE72E
:10E850002F48FFF73BF8E9E72D48FFF73DF8E5E7DC
:10E860002B48FEF7C5FFE1E72948FEF7C7FFDDE7C4
:10E870002748FEF743FFD9E72548FEF745FFD5E7D0
:10E880002348FFF72FF8D1E72148FFF731F8CDE70C
:10E890001F48FFF733F8C9E71D48FFF735F8C5E70C
:10E8A0001B48FEF737FFC1E71948FEF7ADFFBDE78C
:10E8B0001748FEF7AFFFB9E71548FEF731FFB5E798
:10E8C0001348FFF79DF8B1E71148FFF79FF8ADE750
:10E8D0000F48FFF7A1F8A9E70D48FFF701FCA5E7EE
:10E8E0000B48FFF763FCA1E70948FFF79DFC9DE794
:10E8F0000748FFF70FF899E70548FFF711F895E784
:10E9000034270020E0250020243D00207D10002039
:10E91000781000202C3D0020303D00207B1000208E
:10E920007C100020964F974E25783A683368013561
:10E9300005EB05159A42EDB225D9FEF76DF9532383
:10E940005843914B4FEA202803EB202090F80F21E9
:10E9500063781A4217D0FEF75FF9820718D50023B3
:10E960001A4619464046FEF747FE9AF804304FF41F
:10E97000FA721033FF2B28BFFF231B09B2FBF3F3FE
:10E980003A6813443360522D8CBF0024012447E0C1
:10E99000FEF742F98DF81800FEF73EF99AF80330B9
:10E9A00040F357007F308DF81A308DF81900069823
:10E9B000FEF768FDC0F30721C0F307438DF81D1073
:10E9C0008DF81E308DF81C00DBB2C2B2C9B2C9E7A7
:10E9D000DFF8B8916A4BD9F800201B689A423FF6DD
:10E9E00020AFA3786A4D002B34D12078DFF8A4B192
:10E9F00000EB0010C0B200F111085FFA88F846463B
:10EA0000532E28BF532600EB40072F44C3B29E422B
:10EA10005AD8B8F1520F94BF0124002400F290801C
:10EA20005D4B1A7801321A70002C40F09981022156
:10EA30005A4A9B781170002B40F09281019B002B69
:10EA400000F08981FFF72CFE534809B0BDE8F04F74
:10EA5000FFF72ABE0022002611461046FFF746FCAB
:10EA60002F46B046FEF7D8F883070BD587F800800D
:10EA700087F8018087F802800136532E07F10307DB
:10EA8000F0D1B2E7FEF7C8F88DF81C00FEF7C4F825
:10EA90009AF8033040F357007F308DF81E308DF820
:10EAA0001D0006EB4603079805EB030B0293FEF7E8
:10EAB00087F8029BE854C0F30723C0F307408BF8A4
:10EAC00001308BF80200D7E710F80B2063781A4268
:10EAD00006D0BB783A7879780290FEF78DFD0298DF
:10EAE0000337013092E701EB4100013101EB4101B5
:10EAF000032229442844F5F749FDF9B2B14207F150
:10EB00000107F0DBFEF788F810F0020F4FEA46012C
:10EB100019D000230E44AA19AB55537093709AF87C
:10EB2000043040F6B8321033FF2B28BFFF231B09F7
:10EB3000B2FBF3F3124A12681344C9F800306FE7CE
:10EB40000027013ED9E7FEF767F88DF81C00FEF7B5
:10EB500063F89AF8033040F357007F308DF81E3089
:10EB60008DF81D0007980E44FEF72AF8AF19A85536
:10EB7000C0F30723C0F307407B70B870CFE700BF36
:10EB80002C3D002040270020500D00203C27002075
:10EB90003A2600205F0E0020781000207D10002013
:10EBA000A37823B1002211461046FFF79FFB20787F
:10EBB000013000EB0010C3B20493784B1A68784B15
:10EBC0001B689A4276D99AF802009AF80130DFF869
:10EBD000D48143EA00239AF80300734D43EA0040CE
:10EBE000FEF750FCC0F30726C0F307478DF81D6001
:10EBF0008DF81E708DF81C00C4B2F6B2FFB24FF053
:10EC0000000B05F10E090395CDF80880029A12F861
:10EC1000013B0292039A12F8010B0392002B4CD095
:10EC20003B4622463146FEF7E7FC3B46224631464C
:10EC300099F80000FEF7E0FC029B0BF1010B1B783A
:10EC4000029A5FFA8BFBBBF1060F02F8013C09F157
:10EC5000FF39DBD198F80690A879B9F1000F35D0CB
:10EC60003B4622463146FEF7C7FC3B46224631462C
:10EC7000287AFEF7C1FCFDF7CFFF10F0030F0CBFA1
:10EC80000123002388F80630484B0F35AB4208F1CA
:10EC90000708B4D19AF8043040F6B8321033FF2B8D
:10ECA00028BFFF231B09B2FBF3F33C4A126813444D
:10ECB0003B4A1360049B522B66E61A46194605939D
:10ECC000FEF79AFC059B1A461946B1E74B464A46A1
:10ECD0004946FEF791FC4B464A464946C8E7344848
:10ECE000FFF70AFBA2E53248FFF7A0FB9EE530489C
:10ECF000FEF710FF9AE52E48FEF712FF96E52C4826
:10ED0000FEF7B0FF92E52A48FEF7BAFF8EE52848E5
:10ED1000FEF7BEFF8AE52648FEF7C8FF86E52448D1
:10ED2000FEF7CCFF82E52248FEF7D6FF7EE52048BD
:10ED3000FEF7DAFF7AE51E48FEF7E4FF76E51C48A9
:10ED4000FEF7E8FF72E51A48FEF7F2FF6EE5184895
:10ED5000FEF70AFC6AE50323137009B0BDE8F08FE3
:10ED6000019B002BF9D06DE6019A124B1A709AF8AC
:10ED70000030114AC3F301031370FEF737FC03237D
:10ED8000F4E40E4B1B780BB1FEF76EFB034B1868D7
:10ED900001F028FD0F28E0D90023E7E42C3D0020F6
:10EDA0003827002009260020500D0020B90D002032
:10EDB000781000207B1000207C100020722500209D
:10EDC00010B50024114B1B68984711481022FF21F1
:10EDD00000F8194BF5F750FC0E481022FF2100F8FF
:10EDE000194BF5F749FCFCF7B6F918B9FCF73CFAF2
:10EDF000FEF7D0FBFEF746FA074B1B7813F0FC0F2B
:10EE000003D1BDE81040FEF7C5BB10BDE0530108BB
:10EE1000303D0020E0250020243D00207047000008
:10EE2000044A137883F0010313700022024B1A7016
:10EE3000FEF720BA243D00207D1000200020FFF7BF
:10EE4000EFBF0120FFF7ECBF064A137813F003036E
:10EE500004BF05490B700121137861F3010313709E
:10EE6000704700BF243D00207D100020054B1A781C
:10EE700092071EBF0021044A11701A786FF3010235
:10EE80001A707047243D00207D10002008B5FFF760
:10EE9000EDFFBDE808400120FEF7ECB9024B187801
:10EEA00000F00300704700BF243D002010B40B4C5D
:10EEB00002462378084699070ED04AB9012262F328
:10EEC000870300222370064B1A7010BCFEF7D2B9DC
:10EED0002D2A88BF2D22F2E710BC7047243D002068
:10EEE0007D1000200021FFF7E1BF0121FFF7DEBF09
:10EEF000014B187880087047243D0020054B0146DF
:10EF00001B789B0801332E2B34BF18460120FFF7D6
:10EF1000CDBF00BF243D00200120FFF7EFBF000060
:10EF2000064B01461B78C3F38503013B13F0FF0337
:10EF300014BF18462D20FFF7B9BF00BF243D0020A5
:10EF40000120FFF7EDBF000030B4084C054618461D
:10EF500023789B0708D0962A28BF96226570A17057
:10EF6000E27030BCFEF786B930BC7047243D00200B
:10EF70000023FFF7E9BF0123FFF7E6BF07B5032230
:10EF8000094901A8F5F702FB00209DF8043063F35E
:10EF900007009DF8053063F30F209DF8063063F3FA
:10EFA000174003B05DF804FB253D0020014B587865
:10EFB000704700BF243D0020014B9878704700BF88
:10EFC000243D0020014BD878704700BF243D00202D
:10EFD000034903464878CA7829308978FFF7B4BFD7
:10EFE000243D00200120FFF7F3BF0000054910B4C5
:10EFF0004C780346293CCA78A0B2897810BCFFF748
:10F00000A3BF00BF243D00200120FFF7EFBF000099
:10F0100010B4064C0346A178E2780131FF2928BFDD
:10F02000FF216078C9B210BCFFF78EBF243D0020DD
:10F030000120FFF7EDBF000010B4064C0346A17895
:10F04000E278013921EAE1716078C9B210BCFFF7BA
:10F050007BBF00BF243D00200120FFF7EDBF000073
:10F0600010B4064C0346E278A1781E32FF2A28BF6E
:10F07000FF226078D2B210BCFFF766BF243D0020AB
:10F080000120FFF7EDBF000010B4064C0346E27804
:10F09000A1781E3A22EAE2726078D2B210BCFFF781
:10F0A00053BF00BF243D00200120FFF7EDBF00004B
:10F0B000024B18710020FEF7DDB800BF243D002090
:10F0C000024B18710120FEF7D5B800BF243D002087
:10F0D000014B1879704700BF243D0020044A137982
:10F0E0003333FF2B28BFFF231371FEF7C3B800BFD4
:10F0F000243D00200120FFF7F1BF0000034A1379EF
:10F10000333B23EAE3731371FEF7B4B8243D0020C8
:10F110000120FFF7F3BF704730B5044D00EB40000E
:10F120002C186170A3702A5430BD00BF593D0020D7
:10F1300070B5134605460E46002420463246294641
:10F140000134FFF7E9FF532CF7D170BD532101487B
:10F1500000F098B8593D002000B110470847000062
:10F1600038B58C780546002C44D0FBF7EDFEA5F5AC
:10F17000F043203B00F02200142B0FD8DFE803F00F
:10F180000B1015181B1E2124272A2D303436380D5C
:10F190000D0D0D0D0D00FFF754FE0024204638BD67
:10F1A000154A1649FFF7D8FFF7E7144A1249F9E75D
:10F1B000134A1449F6E7134A1149F3E7124A13496F
:10F1C000F0E7124A1049EDE7114A1249EAE7114AFD
:10F1D0000F49E7E7104A1149E4E7104A0E49E1E711
:10F1E0000120FFF782FED8E70520FAE70D20F8E7B7
:10F1F0001220F6E70124D1E741EF000819EF0008DB
:10F2000009F00008E5EF000859F0000831F00008A7
:10F21000A9F0000881F0000811F10008F5F00008DD
:10F22000C1F10301490040FA01F3022213F0010F7A
:10F2300014BF0E23082302FA01F101421ABFA3F101
:10F240002000C0B243F080007047000010B50A4CA7
:10F2500040F282224FF40041084803F0B2FB2046FE
:10F2600002F038FF2046064902F0BEFE2046BDE807
:10F27000104002F0D5BE00BF6840002000040040EE
:10F28000F05301082DE9F04F2B4C064623780F462A
:10F2900085B01BB9FFF7DAFF0123237000254FF07B
:10F2A0000C09DFF89880ECB2BC4208D34FF48B61B4
:10F2B000224A234805B0BDE8F04F02F0CCBE002141
:10F2C00004EB440309FB04F4F21892F801B092F83D
:10F2D00002A0F35C221D424418460392029101935E
:10F2E000FFF79EFF0299039A01310429019B02F85E
:10F2F000010BF1D1002104F1080343445846029365
:10F300000191FFF78DFF0199029B0131042903F858
:10F31000010BF3D14FF0000B0C34444459465046D6
:10F32000FFF77EFF0BF1010BBBF1040F04F8010B9B
:10F33000F4D10135B7E700BF44270020452700205E
:10F340006840002040F27E3008B5FDF76FF82528B0
:10F3500001D0002008BD40F27F30FDF767F8092892
:10F36000F7D14FF46070FDF761F8A0F11203584235
:10F370005841EFE710B5041E14BF2521FF2140F2CC
:10F380007E30FDF7BBF8002C14BF0921FF2140F2AD
:10F390007F30FDF7B3F8002C18BF1221BDE81040F4
:10F3A00008BFFF214FF46070FDF7A8B8704708B59B
:10F3B00040F28130FDF73AF808BD704710B50446B9
:10F3C000FFF7FBFFE1B240F28130BDE81040FDF7EE
:10F3D00095B808B50020FFF7CDFF0020FFF7EEFF3E
:10F3E00000F0BFFC00F084FDBDE808400120FFF7FD
:10F3F000C1BF08B5FFF7DAFFFFF7D9FFFFF7DDFF61
:10F40000FFF7A0FF18B9BDE80840FFF7E2BF08BD4D
:10F41000FFF714BD08B50346887840B1A3F5EE4266
:10F420007F2A03D8D8B200F06FFD002008BD01206C
:10F43000FCE710B503780446013B032B0BD8DFE84B
:10F4400003F0020B1215FFF7BDFD9623C0EB002061
:10F45000B0FBF3F0607010BDFFF720FD0028F9D07D
:10F46000FFF746FDF6E7FFF733FEF3E7FFF79EFDF4
:10F470006070FFF7A1FDA070EDE738B50378044692
:10F48000013B032B2CD8DFE803F002111E23FFF70A
:10F490008DFD0546FFF790FD9623627801465A439D
:10F4A000A8B2120ABDE83840FFF762BD43781BB925
:10F4B000BDE83840FFF7DABCFFF7C6FC6078BDE86E
:10F4C0003840FFF70FBD4078BDE83840FFF7F0BD8A
:10F4D00045788478FFF776FD214602462846E1E725
:10F4E00038BD034610F8022B082A05D0092A05D09A
:10F4F000072A05D1FFF7C1BFFFF79BBFFEF747B84B
:10F50000FF221A70704708B54378032B03D1BDE87A
:10F510000840FFF7E6BFF7F7FBFD08BD2DE9F04116
:10F5200004460D46F7F7DAFC002840F0D680237831
:10F53000013B142B48D8DFE803F00B15425C626EE8
:10F5400071717176477C8086919C9FA2ADB8C10095
:10F55000002363700C23A37029462046BDE8F041C8
:10F5600001F012BC6378013B032B2DD8DFE803F0D8
:10F57000020C0F2101F0F2F8030EA370030CE370EC
:10F58000030A23716071E7E7FFF711FFF4E72646EE
:10F59000A77804F11C08062FDED8F8B2FCF76CF946
:10F5A000030AF37030710236B04507F10107F2D15A
:10F5B000D2E70023A370E37023716371CCE7637813
:10F5C000022B04D0052B10D0FF232370C4E7E3786F
:10F5D000A07840EA0320237940EA0340637940EAB7
:10F5E000036000BAFFF7EAFEB6E7A078FFF710FF66
:10F5F000B2E7E278A178607800F046FBC0E7627974
:10F600002379A17843EA02235BBAE27860789BB25F
:10F6100000F050FBA0E700F0A4FB9DE72946204640
:10F62000FFF771FF98E70020FFF7A4FEFFF7D1FE78
:10F6300092E700F02BFC60708EE700F029FC030AD3
:10F640006370A07088E76078A378E17840EA0320CF
:10F6500040BA221D80B200F01EFC7DE76078A378DE
:10F66000E17840EA032040BA221D80B200F02DFC70
:10F6700072E700F03DFC6FE700F0FAFADBE7607834
:10F68000A378E17840EA032040BA221D80B200F05E
:10F69000B7FB61E76078A378E17840EA032040BADD
:10F6A000221D80B200F0C8FB56E7E278A178003A4C
:10F6B00018BF0122607800F012FB61E762792379BC
:10F6C000A17843EA0223E2785BBA003A18BF01222C
:10F6D00060789BB200F025FB3EE7BDE8F081F0B515
:10F6E00045180446194610460026AC4200D3F0BD2A
:10F6F00014F8012B4FEA011C424093184FEA021EF6
:10F7000041EB01004CEA127C13EB0E0340EB0C00C2
:10F710004FEA421E9B184FEA411C41EB00004CEAA5
:10F72000D26C13EB0E0340EB0C004FEAC21E4FEA03
:10F73000C11C17024CEA526C13EB0E034FEA012175
:10F7400040EB0C0041EA1261DA1940EB0101394447
:10F75000B018CAE738B505468878002800F0DC8084
:10F76000A5F5E045ABB2222B00F2BB80FBF70BFD09
:10F770006A4C013D2080212D12D8DFE805F04DBDF7
:10F78000551B1F59235D692FB5336D3771973B7535
:10F790009F417B8327612B65477F8EA9B31651C597
:10F7A000237843F00103237095E0637843F0080366
:10F7B000637090E0237843F00203F4E7237843F08A
:10F7C0000403F0E7237843F00803ECE7637843F0A1
:10F7D0000103EDE7637843F00203E9E7237843F0A0
:10F7E0001003E0E7237843F02003DCE7237843F0BD
:10F7F0004003D8E7FAF754FF237843F08003D2E7B9
:10F80000237823F00C0343F00C03CCE7637823F058
:10F81000030343F00303CBE723786FF30003C2E74E
:10F8200063786FF3C303C3E723786FF34103BAE749
:10F8300023786FF38203B6E723786FF3C303B2E74D
:10F8400063786FF30003B3E763786FF34103AFE7C7
:10F8500023786FF30413A6E723786FF34513A2E729
:10F8600023786FF386139EE7FAF71AFF23786FF376
:10F87000C71398E7237823F00C0394E7637823F009
:10F88000030395E72378C3F3800282F00102D2B22A
:10F8900062F3820362F3C30385E76378DA4302F01D
:10F8A000010262F3000362F3410381E72378C3F3AB
:10F8B000801282F0010262F3861374E7FAF7F0FE19
:10F8C0002378C3F3C01282F0010262F3C7136AE720
:10F8D0000120FBF76DFC2088FBF758FCFAF7E0FEEF
:10F8E000002038BD0020F4E72378C3F3001282F033
:10F8F000010262F3041356E72378C3F3000282F097
:10F90000010262F300034EE76378C3F3C00282F0A2
:10F91000010262F3C3034BE70120E2E7043D00204C
:10F92000F8B5174B1749C2081F5C174B8D5C174978
:10F930009B5C00F007008E5C0341054113F001045D
:10F9400046FA00F005F0010500F0010602D0E120C2
:10F95000F7F766F915B1E620F7F762F93846FAF7D6
:10F9600058FC15B1E620F7F7BBF914B1E120F7F721
:10F97000B7F926B1BDE8F8402C20FAF74ABCF8BD2B
:10F980002455010804550108A4550108145501081F
:10F990002DE9F04104460E464FF00A08214F207829
:10F9A00000283DD0012838D16378012B0ED1A078F2
:10F9B000A51CFAF72EFC2C4635460134002DEED05E
:10F9C0006420013D01F04FFEEDB2F7E7022B04D1B8
:10F9D000A078A51CF7F724F9EDE7032B04D1A07854
:10F9E000A51CF7F77DF9E6E7042B01D00134E3E726
:10F9F0002246002512F8023FD95D1446490706D475
:10FA0000002DD9D0642001F02EFE013DF8E7303BF7
:10FA100008FB053512F8013FEEE7FFF781FFCBE762
:10FA2000BDE8F0811D4501080021FFF7B1BF4FF48B
:10FA3000E15001F04FBC00002DE9F84302230024FF
:10FA4000244DDFF89490DFF894802B700126E7B204
:10FA500059F82700202200F00F0106FA01F120F0EA
:10FA60000F0002F0AEFF58F82700202200F00F012F
:10FA700006FA01F120F00F0002F0A3FF34442A78C7
:10FA8000E3B29A42E2D8FFF7D2FF00202F78124C5F
:10FA9000124D134EC3B29F4201D8BDE8F88354F80B
:10FAA000041B55F804CB21F00F031A692CF00F0347
:10FAB0001B690CF00F0C23FA0CF301F00F015B0033
:10FAC000CA4003F0020302F00102134306F8013BAF
:10FAD0000130DFE7A32B0020C8550108D0550108ED
:10FAE0009F2B00202DE9F0470025A846584E594F7E
:10FAF00088B03378ECB2A34203D8404608B0BDE8E2
:10FB0000F087554B53F8241021F00F031A69534B1B
:10FB100001F00F0153F82400CA4020F00F031B69C5
:10FB200000F00F00C3405B0002F0010203F002038B
:10FB300013434B4A115D01F00300984200F08180AD
:10FB400043EA8103DBB21355464A4748115D03F08F
:10FB50000F02825C385D024452B28A423A5506DA9C
:10FB600049428A4203DD03F00303032B6DD1002ACF
:10FB700069DD4FF001094FF0FC0A3C4A8DF808405E
:10FB8000135D8DF809A0013313558DF80A9000F02C
:10FB90001DFE40EA0900ADF80C00DDE90201FAF7AC
:10FBA000F1FA642001F05FFD00238DF800408DF82C
:10FBB00002308DF801A000F009FE40EA0900ADF81E
:10FBC0000400DDE90001FAF7DDFA642001F04BFDE5
:10FBD0004B463A57002A30DA4FF001094FF0FD0A40
:10FBE000224A8DF81840135D8DF819A0013B13557A
:10FBF0008DF81A9000F0EAFD40EA090008ABADF874
:10FC00001C0013E90300FAF7BDFA642001F02BFD94
:10FC100000238DF810408DF812308DF811A000F0FF
:10FC2000D5FD40EA0900ADF81400DDE90401FAF75A
:10FC3000A9FA642001F017FD4B4600223A5548EA24
:10FC40000308013555E70023C3E70023F7E700BFAA
:10FC5000A32B00209D2B0020C8550108D05501087A
:10FC60009F2B0020C4550108B4550108A12B00208A
:10FC7000052070471E23520003FB0122D22101FB05
:10FC8000002000F282307047042838B510D80629C9
:10FC90000ED80E2A0CD8FFF7EDFF0546FCF7C6FB81
:10FCA0000402681CFCF7C2FBA4B2204380B238BD3A
:10FCB0000020FCE7042870B51C460FD806290DD893
:10FCC0000E2A0BD8FFF7D6FF0546210AFCF716FCD3
:10FCD000E1B2681CBDE87040FCF710BC70BD0428A0
:10FCE00070B516461BD8012919D8002A4FEA8101A0
:10FCF00001EBC00514BF0020022005F29C752844CA
:10FD0000FCF794FB002E4FEA002414BF01200320CF
:10FD10002844FCF78BFBA4B2204380B270BD0020C6
:10FD2000FCE7042870B516461D4619D8012917D8D6
:10FD3000002A4FEA810101EBC00414BF0020022019
:10FD400004F29C742044190AFCF7D8FB002E14BF5F
:10FD500001200320E9B22044BDE87040FCF7CEBB8F
:10FD600070BD2DE9F84300250026ECB216E0F9F746
:10FD70006BFFA8425FFA87F914DD4A4641462046E8
:10FD8000F9F764FF03464A46414620460137FFF72C
:10FD900091FF0F2FEBD10136072E05D000275FFA18
:10FDA00086F8E4E70123EEE70027F9F763FFA842AE
:10FDB000FEB21DDD012231462046F9F75DFF01222A
:10FDC000034631462046FFF7ACFF0022314620466D
:10FDD000F9F752FF0346002231462046FFF7A1FF04
:10FDE00027B10135052DBFD1BDE8F8830127DCE738
:10FDF000012331461A462046FFF793FF0123EAE725
:10FE00002DE9F041144640F219474FF0000800F286
:10FE100082355618B44201D1BDE8F081A5F2823393
:10FE2000BB4206DC2846FCF701FB2070013501349B
:10FE3000F0E784F80080F9E7F8B5144640F2194776
:10FE400000F282355618B44200D1F8BDA5F28233D3
:10FE5000BB4203DC28462178FCF750FB0134013516
:10FE6000F1E7042810B406D8062904D80E2A02D8CF
:10FE700010BCFFF709BF002010BC7047042803D84E
:10FE8000012901D8FFF72BBF0020704710207047D1
:10FE900040F63C0070472DE9F0411446054640F617
:10FEA0003B074FF000085618B44205F2C47001D168
:10FEB000BDE8F081BD4205DCFCF7B8FA20700134E2
:10FEC0000135F1E784F80080F9E7F8B514460546F6
:10FED00040F63B075618B44205F2C47000D1F8BD95
:10FEE000BD4202DC2178FCF709FB01340135F2E761
:10FEF00010B540F2C474204600210134FCF7FEFA2C
:10FF0000B4F5805FF7D110BD0F28F7B5044654D87B
:10FF100040F6FF70FCF78AFA00284ED140F2C47513
:10FF200034BBCDE900442846FCF780FA6F1C8DF8FD
:10FF300000008DF8014000283FD0012812D138463A
:10FF4000FCF774FAAE1C8DF80100B0B3431E022B0F
:10FF500019D83046FCF76AFAEF1C8DF8020060B33E
:10FF60008DF803400A216846FFF712FD3D46DAE7A7
:10FF7000B5F5805F21D02846FCF758FA08B9013C56
:10FF8000E4B20135CCE7042812D102273046FCF751
:10FF90004DFAFDB201360DF8070070B17C2809D189
:10FFA0000135EDB205F108030DEB030505F8084C2A
:10FFB0003746D7E70137072FE8D103B0F0BD00007F
:10FFC00047F61643984210B50C461BD1FAF7BCFF12
:10FFD000A2780D4B72B100F0AA00002815BF0122D3
:10FFE0000022352029201A70FAF77EFFFBF708F867
:10FFF000002010BD1B78002B14BF35202920FAF7F4
:020000040801F1
:100000007BFFF3E70120F4E7A42B0020F8B51446AA
:1000100082781D469DF81870284B92B11C7000F034
:10002000D5FB274B188004F12003DBB2072B44D803
:10003000012004F00704A040C0B2BDE8F840F6F784
:100040009DBE1E78A6422ED11D4B188800F0C3FB22
:10005000C72828D8AE4205F1200415D006F12003A8
:10006000DBB2072B06D8012006F00706B040C0B26D
:10007000F6F7B0FEE3B2072B06D8012005F0070320
:100080009840C0B2F6F77AFE3846E4B2FAF7C1F803
:10009000072C12D8012005F00705A840C0B2BDE822
:1000A000F840F6F797BE04F12003DBB2072B04D823
:1000B000012004F00704A040F0E7F8BDA52B0020C4
:1000C000A62B00200346A3F5F843183B07B50846C6
:1000D000062B3BD8DFE803F0171E0410252C330055
:1000E00026230093E12347F61A411A46FFF78EFFB5
:1000F000002003B05DF804FB27230093E52347F6B7
:100100001B411A46F2E72623E022009347F61841E6
:10011000E123EBE72723E422009347F61941E52387
:10012000E4E72623E222009347F61C41E123DDE7C2
:100130002723E622009347F61D41E523D6E728232F
:10014000E522009347F61E410123CFE7887818B1D6
:100150000022024B1A70CCE70120CAE7A52B002031
:1001600047F67743984270B506D047F678439842F1
:1001700029D00124204670BD8C7894B100F02CF871
:10018000FAF71EFB00F028F8044600F02BF80546AD
:1001900000F02EF8294602462046FAF71FFC0024FC
:1001A000E8E700F019F8FAF717FB00F015F8054634
:1001B00000F018F8064600F01BF8314602462846C3
:1001C000FAF70CFCD6E78C7814B100F00BF8D7E7FF
:1001D00000F008F8E7E70000014B1878704700BF0F
:1001E00081100020014B1878704700BF821000205A
:1001F000014B1878704700BF801000200E4B10B5DF
:100200001A78BAB901220D4C1A70206040F282327D
:100210004FF480610A4802F0D4FB4FF400610848B3
:1002200040F2823202F0CDFB2146BDE81040054885
:1002300001F09ABE10BD00BFA82B00208410002042
:1002400000080040D83E00204FF0FF3108B50248BA
:1002500001F06BFDC0B208BDE43E00200A464FF03D
:10026000FF330146014801F005BE00BF083F0020F2
:100270000A464FF0FF330146014801F07CBD00BF44
:10028000E43E002008B5034801F093FE80F0010031
:10029000C0B208BDD83E0020194B10B51C786CBB0D
:1002A000012208211A701748224602F08AFB2246D2
:1002B0002021144802F085FB22461021114802F04B
:1002C00080FB4FF47A7001F0CEF941F682220821CA
:1002D0000C4802F076FB40F282222021094802F00D
:1002E00070FB40F282221021064802F06AFB0648A9
:1002F00001F088FE4FF0FF32044B1A6010BD00BFC2
:10030000A92B002000040040344000208C10002065
:1003100010B5194C01461846236801332AD14B1CED
:1003200028D0F8B1154B80001882032A05D8DFE8E1
:1003300002F0021A1D1F0022DA602160012421F060
:100340000F0001F00F019960224604FA01F1586094
:1003500002F037FB09490A4801F046FE084801F05F
:100360005FFE204610BD4FF48002E5E78022E3E700
:10037000044AE1E70020F5E78C100020AC2B0020B8
:1003800034400020800040001FB501218DF8070097
:100390000DF10F0304480DF1070201F068FE9DF80E
:1003A0000F0005B05DF804FB34400020002307B5C2
:1003B000012106480DF107028DF8073001F079FEA2
:1003C0009DF8070003B05DF804FB00BF3440002037
:1003D00008B50246024801F05BFE002008BD00BFE0
:1003E0003440002008B50246024801F062FE0020B9
:1003F00008BD00BF3440002010B5074C236801330E
:1004000008D0064801F01AFE044801F0FBFD4FF049
:10041000FF33236010BD00BF8C100020344000204B
:10042000014B1860704700BFC02B0020024B1868BA
:1004300008B1036818477047C02B002008B5FFF7C4
:10044000F5FF08BD084B1B686BB1084A127842B132
:10045000074A92F90020002ABFBF027842700622A4
:1004600002705B6818477047C02B0020C011002045
:10047000043D0020034A12681AB1022101709368FA
:1004800018477047C02B00200B4B07B51A888242D3
:100490000ED01880094B1B6853B103228DF805005C
:1004A000000A8DF80600DB688DF8042001A8984743
:1004B00003B05DF804FB00BFC62B0020C02B00205A
:1004C0000B4B07B51A8882420FD01880094B1B6866
:1004D0005BB104228DF80500000A8DF80600DB6888
:1004E0008DF804200DEB0200984703B05DF804FB83
:1004F000C42B0020C02B00200C4B821C1B7863B146
:100500000B4B93F90030002BACBF06231E230020B9
:10051000013BDBB2FF2B02D170470623F7E712F84D
:10052000011B0029F4D00130C0B2F1E7C011002056
:10053000043D0020F9B1124B1B78A3B1114B93F984
:100540000030002B0FDAEF294FEAD10213D8012334
:10055000104401F0070103FA01F18378194214BF36
:10056000012000207047831C083013F8012B8A42B9
:1005700003D08342F9D1002070470120704700BFAB
:10058000C0110020043D00204FF0FF32002330B5A1
:10059000841C14F8015B8D420ED0B2F1FF3F02D1F2
:1005A000002D08BF1A460133DDB2062D5BB2F0D133
:1005B000531C01D01044817030BD002210B5831C43
:1005C000083013F8014B8C4208BF03F8012C83421A
:1005D000F7D110BDEF294FEAD10308D81844012301
:1005E00001F0070103FA01F1837819438170704724
:1005F000EF294FEAD10308D81844012301F007017D
:100600008B40817821EA03018170704710B4094C56
:10061000034624780A463CB1074C94F90040002C6C
:1006200002DA10BCFFF7D6BF1146184610BCFFF720
:10063000ABBF00BFC0110020043D002010B4094C26
:10064000034624780A463CB1074C94F90040002C3C
:1006500002DA10BCFFF7CCBF1146184610BCFFF7FA
:10066000ACBF00BFC0110020043D0020074B02308A
:100670001B7843B1064B93F90030002B03DA1E229E
:100680000021F3F7F9BF0622FAE700BFC0110020EE
:10069000043D0020062208B5F3F744FF003818BFD8
:1006A000012008BD70470000002814BF022001206F
:1006B00008B5024B1870F7F7DDFF08BDC82B002006
:1006C000032008B5024B1870F7F7D4FF08BD00BF30
:1006D000C82B0020FFF7E8BF012008B5024B1870B7
:1006E000F7F7C8FF08BD00BFC82B0020FFF7F4BF15
:1006F000704708B501F0CEF8BDE8084000F0C4BD71
:1007000008B5FAF737FCFAF74BFCFAF7FDFBFBF7F5
:10071000A7FD0020FFF7B8FE0020FFF7D1FEBDE8DF
:100720000840F9F7CABC0000302383F31188064B58
:10073000DA69064B1A600023054A1360054A136004
:1007400083F31188704700BF783E0020D42B00202F
:10075000CC2B0020D02B0020FFF7E6BF302370B554
:1007600083F31188124B13481349DC6903680A6844
:10077000E41AA242114A0AD9A3F58333E03B03608D
:1007800010680F4B04F583340344E03413600C60AD
:100790001668002181F311884FF47A750948002307
:1007A000E4FB0501084AF3F721FD304470BD00BFAA
:1007B000783E0020D42B0020CC2B0020D02B002012
:1007C00088598F029F860100A086010008B5FFF7B7
:1007D000C5FF80B208BD10B50446FFF7BFFF001B80
:1007E00080B210BD10B50446FFF7B8FF001B10BD66
:1007F000BFF34F8F0549064BCA6802F4E06213430A
:10080000CB60BFF34F8F00BFFDE700BF00ED00E0FE
:100810000400FA050A4A08B552F8041C094B99422B
:100820000DD1002342F8043C83F314884FF0006399
:100830001A6882F3088862B65B689847FEE708BDCD
:1008400000700020EFBEADDE08B5FFF7D1FF7047A6
:1008500008B5302383F31188034800F02DFC0023F2
:1008600083F3118808BD00BF4011002070B50A4C09
:100870000E46154619460022234643F8042FB0F8C9
:100880004A2045EA062000F0DDFA20606068002872
:1008900018BF204670BD00BFF82C002090F84A1009
:1008A000074A0229137807D1012B01D0062B05D165
:1008B0005278044B1A707047024A1370704700BF99
:1008C000582D0020302D002070B5044606480D46F6
:1008D00003680BB100F028FD2B462146BDE87040AF
:1008E000024A014800F018BD182D0020F108010847
:1008F00038B50C46302383F311880B78042B03D0D2
:10090000002383F3118838BD124B1B78DB09F7D124
:10091000114D2B78002BF3D0104B1B78002BEFD010
:100920000B899B0705D40823012120460C4A01F0BE
:1009300071FC28780B4B4FF47A72A0FB0303002163
:10094000002300F2E730F3F751FC21468000FFF767
:10095000BBFFD5E7043D0020142D0020C01100206E
:10096000312D0020A086010038B590F844300446AF
:1009700003F07F02212A79D113F0800F90F845000F
:1009800030D0022829D003281ED001286ED194F837
:1009900048305BB1022B94F846200DD0464B1A70BC
:1009A000A36394F84A30E36300232BE0434AA26335
:1009B0000822E263236438BD022AEFD1404BA363CF
:1009C0000623E3630023F5E7B4F84830002B4DD14C
:1009D00001203C4AE063A263ECE701203A4BE0636C
:1009E000A363EFE70A2838D00B280ED009283DD1A1
:1009F00094F8483013F0FD0F38D1344BA363022331
:100A0000E363334B01202364D5E7B4F8483003BBDC
:100A100094F846502B4B002D14BF012200221A706F
:100A200017D1294B1A78A2B1302282F31188187895
:100A3000284B4FF47A72A0FB03030021002300F23D
:100A4000E730F3F7D3FB21468000FFF73DFF85F346
:100A500011880023A363E363D4E71F4994F8472078
:100A60000978194BCD091A70F3D1DCE740F28163A4
:100A7000B4F844209A4214D194F84920616894F85B
:100A800048304D6843EA0223204694F8462094F803
:100A90004710A84708B900208DE74368A36303689F
:100AA00081E70E4B93F89230002BF4D02046BDE83E
:100AB000384000F0E1BA00BF702D0020312D002039
:100AC000522D0020C0110020142D0020582D002090
:100AD0009D080108A0860100043D00209010002020
:100AE00010B5064A064C117824784B1C03F00F030E
:100AF0009C421EBF034C1370605410BD623E002028
:100B0000633E0020523E002038B5044608460529C1
:100B10003DD8DFE801F0313C0331313D302383F330
:100B20001188214D01212046204A01F021FB03219B
:100B300020461F4A01F01CFB95F89010204605F155
:100B4000440201F015FB95F8921021B1204605F101
:100B5000680201F00DFB174800F077FA002383F3D9
:100B60001188154B1B7813B10520FFF7B9FF022040
:100B7000BDE83840FFF7B4BFFFF7B2FF302383F37F
:100B800011880C4800F03EFA002383F3118838BD29
:100B9000302383F31188074800F04CFA002383F3D5
:100BA00011880520E4E700BF90100020D855010807
:100BB000FC55010840110020512D0020102208B5DD
:100BC00000210448F3F758FD0023034A1370034A39
:100BD000137008BD523E0020623E0020633E00209C
:100BE00070B5284D284C002128782378274E98424C
:100BF00030D101B1207070BD01222370244B1A70D6
:100C0000244B93F84F10081E18BF0120FFF758FD22
:100C1000E9E7002223701E4B1A70FFF771FD1D4B90
:100C200093F84F10081E18BF0120FFF753FDDAE7B5
:100C30002370184B93F84F10081E18BF0120FFF7C0
:100C400033FDD0E7002123700846F8E72370FFF753
:100C500043FDC8E71A46B25C0133012103F00F03DC
:100C6000052AC4D80FF2040C5CF822F04D0C0108E0
:100C7000EF0B0108310C0108450C0108F90B0108C4
:100C8000130C0108623E0020633E0020523E00200B
:100C9000512D00209C40002070B50546144C04F1F5
:100CA0000802A26504F11C02E26504F13002E26769
:100CB00004F18C06B0343146204600F061F931462B
:100CC000204600F087F9284601F05AFE284601F038
:100CD00025FA41F2883000F0C6FC0649284601F0AA
:100CE0000AFA284601F02AFE0022034B1A6070BD62
:100CF0009010002020560108182D0020014B187874
:100D0000704700BF302D002013460A4601460148B7
:100D100001F092BA9C40002010B50D4B04461B78A0
:100D200053B9014608220120FFF7EEFF2022214699
:100D30000848F3F72BFC10BD074B014693F9003030
:100D4000002BABBF0822202201200320ECE700BFCC
:100D5000C0110020312D0020043D002010B50446B4
:100D6000014606220320FFF7CFFF06222146024854
:100D7000F3F70CFC10BD00BF522D002003220146EA
:100D80001046FFF7C1BF0000202903460A4610B4F1
:100D900007D1054850F8B01F4C681946234610BCCF
:100DA000184710BC704700BF9010002070B50A4C67
:100DB00088B004F1B005D4F8B03020221E6A69462C
:100DC00000232846B04720B1C1B26846FEF7A6FB13
:100DD000F1E708B070BD00BF90100020FFF71ABD0A
:100DE0007047704708B5FFF7F9FF01F025FCFFF7E2
:100DF000F7FF08BD08B501F03BFCFFF7F2FF08BDA7
:100E0000FFF774BC08B5FFF7D9FE0648FFF744FFAB
:100E1000054B064A41F288301A60BDE8084000F0F0
:100E200022BC00BF9C400020902D0020C411002057
:100E3000014B1868FFF7F4BA902D0020FFF7D0BEE1
:100E4000FFF7B4BF10B5040A032C0FD007D8012C4C
:100E500023D0022C07D15B20114A1A6010BD212C2F
:100E60000DD0222C12D000200246F6E7C0B2022894
:100E7000F9D80C4A0C4952F82020405CEDE70229D1
:100E8000F1D80A4A092052F82120E6E70229EAD8D7
:100E9000074A084852F82120EFE71220064ADCE70B
:100EA0005B560108305601083C56010840560108BF
:100EB0004C56010858560108B656010813B5446B44
:100EC000E36F1A681178042915D1217A022912D109
:100ED0001979012312898B4013420CD101A904F125
:100EE000440000F0D4FD024628B1E06F019B017977
:100EF000006801F08FF902B010BD0C3000F061BD48
:100F00004FF0FF330C3000F05CBD443000F027BEE2
:100F10004FF0FF33443000F022BE0C3000F034BDFF
:100F20004FF0FF310C3000F02FBD443000F0F7BD22
:100F30004FF0FF32443000F0F2BD10B5C36F0446ED
:100F40001A681178042916D1017A022913D1597926
:100F5000012352898B4013420DD10C3000F0CFFC9D
:100F6000024640B1E06FA36A4179043B0068BDE8E6
:100F7000104001F03DB910BD406BFFF7DEBF00002F
:100F80007FB5034601260D4604460F4A43F8042B5D
:100F900043600E4B067202900193CB680C300093B5
:100FA0004B690A6A314600F088FC094B31460193CF
:100FB000AB68EA69009302942B6904F1440000F0E5
:100FC00043FD04B070BD00BF00580108790F01084F
:100FD000BD0E010830220B6882F311880A7903EBF9
:100FE000820290614A79093243F822008A7912B16B
:100FF00003EB820398610223C1670372002383F32A
:101000001188704738B5044601250221043000F0EC
:10101000DDFB04F10C006FF00101257500F063FBAE
:1010200084F84C5004F144006FF00101BDE83840F1
:1010300000F059BB10B501210446043000F0C6FB96
:101040000023237584F84C3010BD38B504460025C4
:101050000C3000F049FC04F14400257500F00BFD54
:10106000201D84F84C50012100F0B0FB2046BDE863
:101070003840FFF762BF000090F84420034602F0BA
:101080006002202A14D190F845200020212A02D89D
:101090001F2A03D87047222A07D07047054A9A634F
:1010A0000722DA631864012070479863D863F9E770
:1010B00000207047D411002073B5C36F04461A682E
:1010C0001178042927D1017A022924D11979012321
:1010D00015898B401D401ED100F14406304600F0BA
:1010E00083FDC0B1304601A900F0D1FCE36F064694
:1010F0001A7E4AB101981A692946121A3044F3F748
:10110000BBFAE36F1B690193E06F32460179019BE3
:10111000006801F07FF802B070BD00EB81032DE99B
:10112000F3419E6904460D46FEB1302383F31188D6
:101130000821301D04EB850700F048FBFB6806F131
:1011400044085B691B6813B1404600F0ADFC4046A3
:1011500001A900F09CFC024650B1019B29462046A3
:1011600001F058F8002383F3118802B0BDE8F08144
:10117000FB685A691268002AF4D01B8A013B1342AB
:10118000F0D1F36F1B7E002BECD104F14402E5E7B4
:10119000093110B550F82140C4B1302383F31188D0
:1011A0000421601800F012FBE26F04F10C001368D8
:1011B000527903EB8203DB689B69596800F0A9FB55
:1011C0002046FFF7BAFE002383F3118810BD704755
:1011D000024B034A1A60034A5A607047643E00207B
:1011E000F040002000700020094B30B51C684D1EF7
:1011F000224449422A440A4059681044884204D88B
:10120000A04202D31860104630BD0022FBE700BFA9
:10121000643E002008B5302383F31188FFF7E4FF14
:10122000002383F3118808BD70477047FEE7000074
:1012300070B50825134C606823680146A268043B1A
:101240008A4219D8D31C1B1AC11E23F003038A42F9
:1012500038BF00231844E368C11EDA1C121A22F0BA
:101260000302994288BF00220021F3F705FA013DED
:1012700004F11004DFD170BD53F8046F41F8046B22
:10128000DEE700BF2858010838B501230025074CC8
:1012900023706560FFF79CFF0549064800F034F9AC
:1012A0000223237085F3118838BD00BF703E0020F3
:1012B000AC580108783E002072B60322024BD86574
:1012C000024B1A70FEE700BF783E0020703E0020FF
:1012D00000F03CB8034A516853685B1A9842FBD847
:1012E000704700BF001000E010B50A4C23699A68EF
:1012F00091420CD85A6881600360426010609A681D
:101300005860511A99604FF0FF33A36110BD1B68FC
:10131000891AECE7783E00200361002310B410BC6A
:10132000C2604361FFF7E0BF036881689A680A44BE
:101330009A60426813605A6000234FF0FF320360E6
:10134000014B9A61704700BF783E002070B5124D86
:101350002A46EB690133EB6152F8103F934206D005
:1013600030269A68013A9A602C69A36803B170BD6F
:10137000226861680A605160236083F31188204607
:10138000E3682169984786F3118861690029EBD0E9
:101390002046FFF7A9FFE7E7783E00200023826898
:1013A000037503691B6899689142FBD25A68036010
:1013B00042601060586070470023826803750369BB
:1013C0001B6899689142FBD85A68036042601060BC
:1013D0005860704708B50846302383F311880A7DAA
:1013E0000023052A06D8DFE802F00B050503120EDC
:1013F000826913604FF0FF338361FFF7CFFF002353
:1014000083F3118808BD8269936801339360426851
:10141000036813605A60EDE7FFF7C0BF054BD9685A
:1014200008751868026853601A6001220275D86056
:10143000F2F7C6BE783E002030B50C4B0446DD689E
:101440004B1C87B00FD02B466846094AFFF764FF54
:101450002046FFF7E3FF009B13B16846FFF764FFE8
:10146000A86907B030BDFFF7D9FFF9E7783E002043
:10147000D513010838B50C4D8161EB6881689A6815
:101480000446914203D8BDE83840FFF787BF1846AD
:10149000FFF792FF0123014623752046EC60BDE86B
:1014A0003840F2F78DBE00BF783E0020044B1A682A
:1014B000DB6890689B68984294BF002001207047C9
:1014C000783E0020084B10B51C68D868226853602D
:1014D0001A6001222275DC60FFF76EFF014620468C
:1014E000BDE81040F2F76CBE783E0020044B1A684D
:1014F000DB6892689B689A4201D9FFF7E3BF7047A7
:10150000783E0020FEE7000070B5002504461A4B27
:1015100086B05860856201630E4600F075F904F1EB
:101520001003236163614FF0FF33A361134BE56147
:10153000D9692B460A462046C4E9082304F1340140
:1015400080230F4A24606460A560E562E56500F0D1
:101550001DF801230B4AE06003750092726868462B
:101560000192B268CDE90223074BCDE9043500F0C2
:101570003FF806B070BD00BF703E0020783E0020EE
:10158000B8580108BD5801080515010802228B60F2
:101590004B62002308618A8208460B62CB61704768
:1015A0008368C168A3F14C0243F81C2C026943F81C
:1015B0004C2C42690C4843F8482C0C4A43F8180C50
:1015C00043F82C2C022203F8142C002243F8201C90
:1015D00003F8132C43F8041C43F8082C43F80C2C94
:1015E000A3F12800704700BF783E0020D1410008D9
:1015F00008B5FFF7D5FFBDE80840FFF70DBF0000B5
:1016000038B5302484F311882839441844F8243C30
:10161000049B002544F8203C0A4BA4F1240144F823
:10162000043C0223A382084BE16020462946A260C5
:10163000236162622562E561FFF71CFF85F3118873
:10164000204638BDD1410008783E0020024BDB68BF
:1016500098610F20FFF7E2BE783E0020302383F32D
:101660001188FFF7F3BF08B50146302383F31188D3
:101670000820FFF7E1FE002383F3118808BD000076
:10168000054BDB6821B1036098610320FFF7D4BEEE
:101690004FF0FF30704700BF783E002003460068DF
:1016A00020B100221A608161FFF7B6BE70470000CA
:1016B000064BDB6839B1426818605A6013604360BA
:1016C0000420FFF7B9BE4FF0FF307047783E00208E
:1016D00003460068834205D002681A605360816146
:1016E000FFF79ABE704738B504460D46206884421D
:1016F00000D138BD036823605C608561FFF78CFE14
:10170000F4E7034610B51B68984203D09C688A68CA
:101710009442F8D25A680B604A601160596010BD5B
:1017200000230060406083607047000038B5816826
:10173000164B0446DD6891B92B6A8560C360286248
:1017400038BD8B600B7D7BB1062B14D10B684A68CA
:10175000886913605A60FFF7D4FF8B699968AB689A
:101760008A689A42EDD306E04A680B68084613601F
:101770005A60FFF751FE20462946FFF7C2FFAC61D1
:101780000620BDE83840FFF749BE00BF783E002084
:1017900008B5302383F31188FFF7C8FF002383F3D4
:1017A000118808BDC3691943037DC1610A2B03D1A8
:1017B0008369194205D170470B2B06D183698B438E
:1017C00003D100238361FFF727BE704770B506463B
:1017D0000D460468B44200D170BDE3682B43E3605A
:1017E00015B123691D4203D0A1686068FFF7DAFFD5
:1017F0002468EFE7EFF30983203383F3098800239C
:1018000083F3118870470000302080F3118862B69E
:101810000C4B0D4AD96821F4E0610904090C0A4314
:10182000DA60D3F8FC20094942F08072C3F8FC204A
:101830000A6842F001020A602022DA7783F8220067
:10184000704700BF00ED00E00003FA05001000E063
:10185000302310B583F311880B4B5B6813F40063DE
:101860000FD0EFF309844FF08073203CE36184F3E1
:101870000988FFF71BFE10B1044BA36110BD044B98
:10188000FBE783F31188F9E700ED00E0E34100088E
:10189000E641000808B500F099FF01F091F800F06A
:1018A00041FB00F095FB00F018FCFFF7A3FABDE840
:1018B000084000F000B801F0A3B80172002130B573
:1018C000039C043304FB0325C361049B0060036392
:1018D000059B4060C16042610261856104624262B1
:1018E0008162C162436330BD0022416AC2604161CE
:1018F000016182626FF00101C262FFF7F4BE036909
:101900004269934201D1C2680AB9181D704700208C
:10191000704703691960C26800210132C260C26960
:10192000134482690361934224BF436A0361FFF752
:10193000CFBE38B504460D46E3683BB1626900206E
:10194000131D1268A3621344E36207E0237A33B9DC
:1019500029462046FFF7ACFE0028EDDA38BD6FF0CF
:101960000100FBE7C368C269013BC36043691344DC
:1019700082694361934224BF436A436100238362C7
:10198000036B03B11847704770B53023044683F3E7
:101990001188866A3EB9FFF7CCFF054618B186F379
:1019A0001188284670BDA36AE26A13F8015B93426E
:1019B000A36202D32046FFF7D5FF002383F31188EB
:1019C000EFE72DE9F84F04460E46904699464FF052
:1019D000300A8AF311880025AB46A76A4FB94946F9
:1019E0002046FFF7A6FF20B187F311882846BDE8FF
:1019F000F88FE76AA16A7A1AA8EB0507974228BF11
:101A00001746402F16D930464022F2F7BFFDA36A91
:101A100040364033A3624035A26AE36A9A4202D359
:101A20002046FFF79FFF8BF311884545DED28AF3EE
:101A30001188D2E730463A46F2F7A8FDA36A3E4441
:101A40003B44A3623D44E7E710B5029C04330172B6
:101A5000C36103FB042100238362C362039B006014
:101A60000363049B4060C46042610261816104625F
:101A70004262436310BD026A6FF00101C260426AB4
:101A80004261026100228262C262FFF72CBE0346FD
:101A900040691A69824201D1DB681BB950F8043BE6
:101AA0000B60704700207047C368C2690133C36090
:101AB00043690021134482694361934224BF436A0E
:101AC0004361FFF705BE38B504460D46E3683BB1F8
:101AD000236900201A1DA262E2691344E36207E051
:101AE000237A33B929462046FFF7E2FD0028EDDAD4
:101AF00038BD6FF00100FBE703691960C268013A65
:101B0000C260C269134482690361934224BF436A7D
:101B1000036100238362036B03B11847704770B5FC
:101B200030230D460446114683F31188866A2EB988
:101B3000FFF7C9FF10B186F3118870BDA36A1D704D
:101B4000A36AE26A01339342A36204D3E1692046A7
:101B50000439FFF7D1FF002080F31188EDE72DE96C
:101B6000F84F04460E46904699464FF0300A8AF3E5
:101B700011880025AB46A76A4FB949462046FFF7B2
:101B8000A2FF20B187F311882846BDE8F88FE76AE5
:101B9000A06A3A1AA8EB0507974228BF1746402FBC
:101BA00018D931464022F2F7F1FCA36A403640339F
:101BB000A3624035A26AE36A9A4204D3E1692046EF
:101BC0000439FFF799FF8BF311884545DCD28AF37E
:101BD0001188D0E731463A46F2F7D8FCA36A3E4472
:101BE0003B44A3623D44E5E70269416903468A42FA
:101BF00016D1C068A8B1986A98B10438801A10D07C
:101C00001060D96801200139D960D9690A449969FD
:101C10001A618A4224BF5A6A1A6100229A62704786
:101C200000207047F8B5154682680B46AA428169C4
:101C3000066938BF8568761AB54204460BD2184645
:101C40002A46F2F7A3FCA3692B44A361A3682846A4
:101C50005B1BA360F8BD0CD918463246F2F796FC20
:101C6000AF1B3A46E1683044F2F790FCE3683B442E
:101C7000EBE718462A46F2F789FCE368E5E72DE929
:101C8000F0410446154683682769934238BF85684A
:101C900040690E463F1ABD420BD22A46F2F776FC47
:101CA00063692B446361A36828465B1BA360BDE89E
:101CB000F0810CD93A46A5EB0708F2F767FC4246DB
:101CC000E068F119F2F762FCE3684344EAE72A4668
:101CD000F2F75CFCE368E5E710B50024C361029B02
:101CE000C1608161416111440060406084600161B4
:101CF000036210BD08B582694369934201D18268CD
:101D000082B98268013282605A1C4261197003698B
:101D1000426900219A4224BFC3684361FFF7D8FC9F
:101D2000002008BD4FF0FF30FBE770B530230446BC
:101D30000D4683F31188A668A6B1A368A269013B8A
:101D4000A360531CA36115782269934224BFE36802
:101D5000A361E3690BB120469847002383F3118800
:101D6000284607E029462046FFF7A2FC0028E2DAD1
:101D700086F3118870BD2DE9F74F04460E461746CD
:101D80009846D0F81C904FF0300A8AF311884FF033
:101D9000000B154665B12A4631462046FFF742FF43
:101DA000034660B941462046FFF782FC0028F1D087
:101DB000002383F31188781B03B0BDE8F08FB9F1DD
:101DC000000F03D001902046C847019B8BF3118878
:101DD000ED1A1E448AF31188DCE7C361009BC160E1
:101DE0008161416111440060406082600161036271
:101DF0007047F8B504460D461646302383F3118824
:101E0000A768A7B1A368013BA36063695A1C62611C
:101E10001D70236962699A4224BFE3686361E369C4
:101E20000BB120469847002080F3118807E0314627
:101E30002046FFF73DFC0028E2DA87F31188F8BD61
:101E40008369426910B59A4201D182687AB9826881
:101E50000021013282605A1C82611C7803699A4217
:101E600024BFC3688361FFF733FC204610BD4FF0E9
:101E7000FF30FBE72DE9F74F04460E46174698461C
:101E8000D0F81C904FF0300A8AF311884FF0000B05
:101E9000154665B12A4631462046FFF7F0FE034657
:101EA00060B941462046FFF703FC0028F1D000232B
:101EB00083F31188781B03B0BDE8F08FB9F1000FF0
:101EC00003D001902046C847019B8BF31188ED1A7F
:101ED0001E448AF31188DCE70C30FFF74CBF4FF04B
:101EE000FF330C30FFF747BF3030FFF7C3BF4FF071
:101EF000FF333030FFF7BEBF0C30FFF716BF4FF097
:101F0000FF310C30FFF711BF3030FFF772BF4FF0D9
:101F1000FF323030FFF76DBF012914BF6FF013009F
:101F20000020704700F00CBE37B5154602460B4640
:101F30000C49044642F8041B4260012200F154019E
:101F40000272009080220C30FFF7C6FE2B468022E2
:101F5000009404F1D40104F13000FFF73EFF03B018
:101F600030BD00BFC458010810B53023044683F3C8
:101F7000118800F0F7FD02230020237280F31188FE
:101F800010BD38B5436904460D461BB90421084409
:101F9000FFF71CFC294604F10C00FFF7ABFE0028FC
:101FA00006DA201D4FF40061BDE83840FFF70EBC93
:101FB00038BD302383F311880023406983F31188EF
:101FC000B0FA80F0400970474FF0FF31FFF758BB7F
:101FD00000F09CBE0123037000230C3040F8083C45
:101FE00040F8043CFFF79CBB10B53023044683F354
:101FF0001188416000F0A0FE02230020237080F3CE
:10200000118810BD10B53023044683F3118800F009
:1020100007FF002301226360227083F3118810BD43
:10202000302383F31188436899685A684FF48033EA
:102030008B409361002383F311887047302383F32F
:102040001188436899685A6801238B409361002383
:1020500083F31188704710B5302484F3118803246A
:10206000047000F020FF002383F3118810BD38B501
:102070000446302585F31188032504F8085B00F039
:10208000FBFE2046FFF7A0FF002383F3118838BD35
:1020900010B53023044683F31188032304F8083B6A
:1020A00000F001FF2046FFF78FFF002383F3118824
:1020B00010BD10B53023044683F31188032304F8C0
:1020C000083B00F008FF2046FFF77EFF002383F364
:1020D000118810BD0C30FFF75BBB01F01DB9012367
:1020E00003700023C36183620362C36243620363BC
:1020F00043608360704738B50446302383F311880A
:1021000000254160C56005614561856101F00AF9FE
:102110000223237085F31188284638BD70B530231B
:10212000044683F3118801F015F9254600260123A2
:10213000666005F80C3B1C3455F8043B7BB15869CC
:1021400020B16FF001010C30FFF7A8FA55F8043CFC
:10215000986920B16FF001010C30FFF79FFAA5429A
:1021600045F8046CE8D1FFF7C1F986F3118870BD1A
:1021700070B500EB8103054650690E461446DA60DF
:1021800018B114220021F2F777FAA06918B11422CD
:102190000021F2F771FA31462846BDE8704001F09F
:1021A000F7B8F8B504460027836800F1100503F07E
:1021B0000113836000F11C0655F8043B7BB158699C
:1021C00020B16FF001010C30FFF768FA55F8043CBC
:1021D000986920B16FF001010C30FFF75FFAB5424A
:1021E00045F8047CE8D12046BDE8F84001F05CB930
:1021F000F0B4012500EB8104E4684789A4698D40AF
:102200003D43458123600023A2606360E360F0BC2E
:1022100001F0BCB9F0B4012500EB8104E468078942
:1022200064698D403D43058123600023A2606360A3
:10223000E360F0BC01F0CAB970B504460D46302623
:1022400086F311880678042E05D0002383F31188C5
:102250006FF0010070BD04EB8504FFF7DBFFE3685E
:102260004FF0FF3158690C30FFF70AFA002383F36F
:102270001188EFE710B50378052B0FD1084CC82063
:10228000E37A43F00803E372637843F00403637076
:10229000FFF7E9F9637803F0FB03637010BD00BF3B
:1022A000004001402DE9F0410223002604464FF092
:1022B00030080370C664866000F10C0500F11C074D
:1022C00055F8043BABB188F3118855F8043C5869C4
:1022D00020B16FF001010C30FFF7E0F955F8043C34
:1022E000986920B16FF001010C30FFF7D7F986F340
:1022F0001188BD4245F8046CE2D1204684F8346070
:1023000001F0B4F863681B6823B12046BDE8F041D2
:1023100000211847BDE8F081F8B50378044680F83D
:1023200050300523037043681B680BB104219847A4
:1023300000263027A66004F10C051C3455F8043B38
:10234000ABB187F3118855F8043C586920B16FF0A0
:1023500001010C30FFF7A2F955F8043C986920B14F
:102360006FF001010C30FFF799F986F31188A5424F
:10237000E4D1F8BD90F85020436802701B680BB19F
:102380000521184770470000F8B590F8343004462E
:102390000E4613B1002380F834303146204604F154
:1023A000440201F0D7F863689B68B3B994F84430ED
:1023B00013F0600538D00021204601F047F90021D4
:1023C000204601F035F963681B6813B106212046E9
:1023D0009847062384F83430F8BD204698470028F3
:1023E000E4D094F84B2094F84A3043EA0223E26B9D
:1023F0009A4294F9442088BFE363002AE36B80F299
:102400000481002B00F0F880092384F83430302355
:1024100083F3118800212046E36BA26BFFF7FAFEDD
:10242000002383F31188D7E794F8452003F07F0356
:1024300043EA022340F20232934200F0CA8021D8DC
:10244000B3F5807F4DD00DD8012B44D0022B00F086
:102450009880002BAFD104F14C02A2630222E26308
:102460002364BEE7B3F5817F00F0A080B3F5407F21
:10247000A1D194F84630012B9DD1B4F84C3043F0F3
:10248000020337E0B3F5006F52D01CD8B3F5A06F4C
:1024900036D0A3F5C063012B8DD894F8492061682C
:1024A00094F848304F6843EA0223204694F84620C7
:1024B00094F84710B84700283FF47DAF4368A36302
:1024C0000368E3631AE0B3F5106F36D040F60242BA
:1024D00093427FF470AF554BA3630223E363002361
:1024E000BEE794F84630012B7FF465AFB4F84C306A
:1024F00023F00203A4F84C30A563E563256470E77C
:10250000B4F84430B3F5A06F0ED194F846302046AD
:1025100084F84E3000F034FF63681B6813B101216A
:1025200020469847032323700023A363E36397E7C0
:1025300004F14F03A3630123C3E72378042B10D1D5
:10254000302383F311882046FFF72BFE85F3118893
:102550000321636884F84F5021701B680BB120463B
:10256000984794F84630002BDED084F84F3004238F
:10257000237063681B68002BD6D002212046984741
:10258000D2E794F8483020461D0603F00F010AD523
:1025900000F0C4FF012804D002287FF40CAF244BC4
:1025A0009AE7244B98E700F09DFFF3E794F8463054
:1025B000002B7FF400AF94F8483013F00F01B3D034
:1025C0001A06204602D501F059F8ADE701F04AF8A5
:1025D000AAE794F84630002B7FF4EDAE94F848302B
:1025E00013F00F01A0D01B06204602D501F02EF8F3
:1025F0009AE701F01DF897E714233146204684F846
:102600003430BDE8F84000F0B5BF63B1152384F85D
:102610003430302383F3118800212046E36BA26B12
:10262000FFF7E6FDFCE60B23E7E700BFF0580108E3
:10263000EC580108EE58010808B500F0C9F80B4B3A
:102640009A6C42F020029A649A6C9A6C42F04002B2
:102650009A649A6C9A6C42F080029A649A6C9A6CB2
:1026600042F480729A649B6C08BD00BF000C01406C
:102670007047162303604FF0FF307047002070470B
:10268000184670470020704710B5002204460846DF
:102690000121FEF7BFFD18B90C234FF0FF30236076
:1026A00010BD08B51346002158221846F1F7E4FF83
:1026B0004FF400524260002008BD01207047000026
:1026C00008B50248FEF7F8FDF1F714FFF2580108CB
:1026D00008B50248FEF7F0FDF1F70CFFF7580108C6
:1026E0000120704770470122090100F1604303F5A2
:1026F0006143C9B283F8001300F01F039A404309F5
:102700009B0003F1604303F56143C3F880211A6025
:102710007047012200F01F039A4043099B0003F118
:10272000604303F56143C3F88020C3F88021002390
:1027300000F1604000F5614080F800337047090106
:1027400000F16040C9B200F56D40017670470000AD
:1027500017498A68022A12D0032A26D0154B164937
:10276000012A08BF0B46124A926902F07F02013229
:1027700052080132B3FBF2F3104A13607047104A5B
:102780000B68526F49686FEA921201290CBF0A491F
:102790000C4902F0030203324A4303F01F030133E2
:1027A0005B080133B2FBF3F3DDE7074BDBE700BF68
:1027B000000C014000127A00006CDC02DC110020E9
:1027C000000401400048E801001BB700FFF7C0BF4C
:1027D00013B50C20032440F2BE71314B314A9C6288
:1027E000D862C2F8941000219962D9629C62D862C2
:1027F0008020C3F81C0CD3F81C0CC3F81C0C0091EF
:1028000001914FF40141C3F8481C4FF6FC71A3F548
:10281000744319630F2119600223136501234BF6DA
:102820008031D364936D03F001030193009B013366
:102830000093019B13B9009B8B42F3D1019B03B919
:10284000FEE7194B19490120C3F800140021A3F534
:102850008843996180211962196A196220215860A0
:10286000196019681960196801431960C02151671E
:102870009067D16F0329FCD102229A6001220021C6
:10288000DA60074A9162D1629A6C42F400429A641B
:102890009A6CDA6C42F40062DA64DB6C02B010BD50
:1028A00000000140000401400050014012000003FC
:1028B000144B834225D1144B02201A6C134942F465
:1028C00080721A641A6C42F002021A64D3F88820EB
:1028D00042F00202C3F88820D3F8882022F00202D6
:1028E000C3F8882001225A63DA670864DA6608228E
:1028F0005A615A6942F004025A615A6942F001026F
:102900005A6170479C400020000C0140004C01407F
:10291000084B83420CD1084B5A6902F008025A61F5
:1029200000225A61DA66DA671A6C22F002021A642F
:10293000704700BF9C400020000C01400F4A936C80
:1029400043F4004343F0200393644FF080436FF45B
:10295000C0521A634FF07072DA624FF020721A6040
:1029600000225A609A60DA604FF44C325A620122B7
:1029700003F5A0335A700722DA727047000C014049
:102980000E4A6FF48051936C43F4004343F02003EC
:1029900093644FF080436FF4C0521A6300221A60B0
:1029A0009A60DA6019634FF0807119604FF48051BA
:1029B00059605A624FF080529A617047000C014092
:1029C0007047C9434FF05533016302F00301594387
:1029D000016042F380014160C2F3C101594381604B
:1029E000C2F341115943C160C2F3C1214B43C362D9
:1029F0004FF01133C2F3C3125A430262426270476E
:102A00004FF0E02340F2CF225A6100229A61072260
:102A100008210B201A61FFF792BE08B5302383F31B
:102A20001188FEF755FC002383F3118808BD08B513
:102A3000FFF7F3FFBDE80840FEF70ABF024A5368FC
:102A400043F0020353607047008400402DE9F041D9
:102A5000384ED6F854516B69D806DCB20AD530230B
:102A600083F311884FF48061301DFEF7AFFE002321
:102A700083F31188302383F311882F4FA7F10408C3
:102A800014F00F0332D183F311886B68980714D5C3
:102A9000A10612D5302383F311882848FFF7D0F917
:102AA000002844DA08212448FEF790FE6B6823F0E2
:102AB00002036B60002383F311886B689A0711D5BA
:102AC00063060FD5302383F31188726CB36C9A427E
:102AD00005D1B36B1BB110211748FEF777FE002319
:102AE00083F31188BDE8F041FEF7B2BE14F0020F87
:102AF00014BF4FF480710021620748BF41F02001EC
:102B0000230748BF41F0400114F00104384618BFC4
:102B100041F08001FEF75AFE2B682CB196F858114F
:102B200040461940FFF72DFA6C69E4B2A8E7286027
:102B3000C0E700BFD83E0020DC3E0020083F002058
:102B400010B5054C00212046044AFFF7EDF9044B6F
:102B5000C4F8543110BD00BFD83E00203D2A010802
:102B60000084004038B5294C037A002918BF0C4670
:102B7000012B05461AD1264B984217D1254B082127
:102B8000DA6C202042F00802DA64DA6CD3F8942080
:102B900042F00802C3F89420D3F8942022F00802EF
:102BA000C3F89420D3F89430FFF79DFDD5F8543145
:102BB000E1791A6902F050020A431A612168164A43
:102BC00002EB5102B2FBF1F202F00F01C3F8C010A8
:102BD0008021D960C2F3071119600021C2F30732C6
:102BE0005A60D960607922790243A0790243DA60A1
:102BF0000122C3F89C10C3F898205A6842F00502DD
:102C00005A60FF2385F8583138BD00BFFC580108D1
:102C1000D83E0020000C014000A24A0470B50446D2
:102C2000C5692E6BC26A6B6A9A4234BFC36A6B6A0B
:102C3000013B35D2E36A002B3ED1EB6263681B682F
:102C400033B104222046227098472378042B01D107
:102C500002232370302383F31188002104F108003C
:102C6000FEF71CFD002383F31188F30717D5286AAC
:102C7000228E666AE36A616AD31A3344121A934257
:102C800028BF134699424FF6FF7138BF636A013B74
:102C90001BD2636A1BB9EB6A23F00103EB6270BDC0
:102CA000296EE26A013AE262A26A002AC0D011707B
:102CB000A26A0132A262BBE7E26AEB699A429EBF56
:102CC000E36A03F1FF33EB61CFE7626A013A6262C4
:102CD000226A0AB92966DAE712F8010B286622622D
:102CE000D5E7000008B50348FFF798FFBDE80840A6
:102CF000FEF7AEBD3440002008B50348FFF78EFF55
:102D0000BDE80840FEF7A4BD6840002010B5064CA1
:102D10002046FFF75FF9054BE361054C2046FFF7BE
:102D200059F9044BE36110BD3440002000300040ED
:102D3000684000200090004010B503780446012B45
:102D400045D1344B98421FD1334B0A219A6C1A203B
:102D500042F480529A649A6CD3F8902042F48052E4
:102D6000C3F89020D3F8902022F48052C3F890202A
:102D7000D3F89030FFF7B7FC6268E369128A5A61B2
:102D80001A6942F001021A61244B9C421FD1224B66
:102D90000921DA6C1B2042F01002DA64DA6CD3F8F5
:102DA000942042F01002C3F89420D3F8942022F02B
:102DB0001002C3F89420D3F89430FFF794FC6268B3
:102DC000E369128A5A611A6942F001021A61616864
:102DD000E269CB8989890B4343F007039BB21360F7
:102DE000238E4BB901239361916999420DD101332F
:102DF000B3F5807FF7D1238600239361D361D36A33
:102E000023F0FF03D362936C10BD012B08BF002396
:102E1000F1E700BF34400020000C01406840002072
:102E200010B503780446022B1FD10022C3699A60B3
:102E3000DA6A22F0FF02DA629B6C0C4B984208D1EE
:102E40001A20FFF766FC0A4B9A6C22F480529A64AF
:102E50009B6C084B9C4208D11B20FFF75AFC044B8B
:102E6000DA6C22F01002DA64DB6C10BD3440002012
:102E7000000C01406840002010B50C4691B18362FF
:102E8000038E4162C1625908A14228BF2146C3692D
:102E9000026299610139D961DA6A42F01102DA629B
:102EA00001229A6010BD10B50C4699B100238362CF
:102EB000038E4162C1625908A14228BF2146C369FD
:102EC000026299610139D961DA6A42F01102DA626B
:102ED00001229A6010BD10B50C4699B1002303621F
:102EE000038E4162C1625908A14228BF2146C369CD
:102EF000826299610139D961DA6A42F01102DA62BB
:102F000001229A6010BD000010B590F834300446DC
:102F1000B3B1063BDAB20F2A11D80F2B0FD8DFE876
:102F200003F00F0E0E080F0F0E0E0E0E0E0E0E0EED
:102F30000F0F036C03B19847002384F8343010BDA1
:102F400000216022064B99735A7499735A7463680E
:102F50001B6813B10621204698470623EDE700BF02
:102F60000040014090F8342010B5152A04460CD8D2
:102F7000012393400C4A134208D19B0205D5036CF0
:102F800003B19847002384F8343010BD002160223B
:102F9000064B99735A7499735A7443681B680BB142
:102FA000062198470623EEE7410E1000004001403D
:102FB0000146F8B5284C861C04EB86035F68274859
:102FC000BB698173027DD20739D5254A9D6881731B
:102FD00090F817E002EB810C827D42EA0E22A818DD
:102FE00085422DD198681044986058681044586004
:102FF0001868801A1860188A013880B218827B8A93
:10300000934200D808BB012303FA01F2638923EA43
:103010000203638104EB86035B68DB680BB10E4837
:103020009847302383F3118804EB8604636898691A
:1030300041680C30FEF732FB002383F31188F8BDA2
:103040009CF800E005F801EBCAE7044A137D03F0A1
:10305000FE031375F3E700BF9C40002000400140D1
:1030600020400140F8B5214C871C04EB87035E68C3
:103070000146726950681568A84219D3012303FA02
:1030800001F2238923EA02032381B3680BB12046AE
:103090009847302383F3118804EB87046368002189
:1030A00058690C30FEF7FAFA002383F3118817E011
:1030B0000F4B9973136918445060281ADED0348A74
:1030C000844228BF04469068146103440948936011
:1030D00000EB81001C44A34203D10122044B5A742B
:1030E000F8BD13F8012B0270F5E700BF9C400020EB
:1030F00000400140204001402DE9F041844B9B7984
:103100009C07DFB202D58348FFF734F9780702D570
:103110008048FFF7C7F8390713D57E4C6368DB6832
:1031200023B97B4AD37A03F0F703D3722378052BB4
:1031300002D17848FFF71EF96368DB680BB1754868
:103140009847734B9A781D7902F0FF06EDB252B999
:10315000002D3AD1FB0702D56E48FFF7DDF8BDE838
:10316000F041FEF775BBF20720D50022694CE068FC
:103170009A7393F811C01CF0040F5FFA8CF11CBF16
:103180005A7484F83420CB0605D58022604B5A74DB
:10319000002384F8343094F834300BB1062B24D15A
:1031A000CC0703D5436800215A489847B20702D597
:1031B0000120FFF757FF730702D50220FFF752FFE8
:1031C000340702D50320FFF74DFFA80702D50120E1
:1031D000FFF7EEFE690702D50220FFF7E9FE2A0796
:1031E000B8D50320FFF7E4FEB4E7092B4CD1DFF894
:1031F00020C19CF81130DAB213F00203D6D102F0EC
:103200001102112AD2D042698CF80E30516813692C
:10321000D2F800E019445160BEEB0101B0F8108013
:1032200016D0414528BF41469468116123449360FC
:103230005A18934207D1038A99422CBF02210A21CE
:103240008CF81110B2E713F8014B8CF82040F0E72E
:10325000434504D10A238CF811301161A6E7238974
:1032600023F00103238183680BB12A489847302358
:1032700083F311880021E36858690C30FEF70EFAD9
:10328000002383F3118891E7152B8FD1DFF880E0BD
:103290009EF81130D90789D500228369D3F808C078
:1032A0008EF80E209EF81620D1B26244944527D1A4
:1032B0009A680A449A605A680A445A601A68521A0C
:1032C0001A601A8A013A92B21A82438A8B424FF0EC
:1032D00000010F4B997300D8BAB948225A74638918
:1032E00023F001036381E368DB6813B1002109481F
:1032F0009847302383F31188E36898694168BCE7F5
:103300009EF820800CF8018BD0E740225A744DE7DC
:10331000004001409C4000200148FEF7E0BE00BF95
:103320009C40002010B50478012C0ED1074AC260E1
:10333000FFF7BEFA0022064B0D21DA72DC715A72D9
:103340000E20BDE81040FFF7CEB910BD04590108AA
:103350000040014010B503780446012B0CD00E202C
:10336000FFF7D7F90022054B2046DA72DA715A725C
:10337000BDE81040FFF7CCBA10BD00BF00400140CF
:1033800090F84E20014B1A70704700BF004001407A
:1033900000EB8100344BC26801F00F0110B5997346
:1033A000106800F00300002956D002282CD0032812
:1033B0002AD0012827D153690BB993691BB3E020A8
:1033C000294B9874108AC0F3C700187440205874B1
:1033D0000820587458740120DC7900FA01F149B2D0
:1033E00041EA0400C0B2D871C0205875528AC2F3B5
:1033F000C702DA7480221A7510221A751A755A7A61
:103400001143C9B2597210BD506980B1002098743F
:10341000108AC0F3C70018744020587408205874EC
:1034200058740120DC7988402043C0B2D871936978
:10343000002BE8D000200C4B5875528AC2F3C7020B
:10344000DA7480221A7510221A751A750122587AB8
:1034500002FA01F10143D4E70028D4D1DA7942F02D
:103460000102DA71CFE700BF00400140002208B539
:103470000B4BDA715A724268D2681AB1DA7A42F0AA
:103480000802DA72074B0021C360FFF781FF0122B7
:10349000034B5A70DA7A42F00102DA7208BD00BFBB
:1034A000004001400459010870B50D4B0021DA7944
:1034B000402602F00102DA71082401228025102042
:1034C00059729A730132D2B2042A99745E745C7490
:1034D0005C7459751D7518751875F2D170BD00BFF3
:1034E000004001400C4B01F00F029A7341B95A7C25
:1034F00052070ED4D87910F0010018BF022070478F
:10350000187D10F0200004D15B7A134113F0010FF5
:10351000F3E70120704700BF004001400C4B01F071
:103520000F029A7341B95A7C52070ED4D87910F021
:10353000010018BF02207047587C10F0100004D121
:10354000DB79134113F0010FF3E70120704700BF4F
:103550000040014001F00F03054901EB830102F136
:103560000803087802F8010B9342FAD1704700BFB4
:10357000204001404822044B01F00F0199735A7416
:10358000002380F8343070470040014010B501F04E
:103590000F0400EB8101CB6899690A6872B1588AFF
:1035A0001318013BB3FBF0F39BB20B82064B9C73E9
:1035B00034B11A7D02F0FE021A7510BD0123F4E742
:1035C00040225A74F9E700BF0040014000EB81033C
:1035D00011F00F0170B508BF4025DC6808BF124B21
:1035E000626904BF99735D74238A15680F4CAB42FE
:1035F00028BF2B461361926804EB8104D518AA42B8
:1036000005D1094A917331B10123537470BD12F889
:10361000016B2670F3E7517CC168098A8B422CBF8D
:1036200002230A23F1E700BF00400140204001408F
:10363000054B01F00F01997311B120221A757047E3
:1036400060225A74704700BF00400140044B01F0F3
:103650000F01997311B110225A7470476022FBE771
:1036600000400140044B01F00F01997311B1802219
:103670001A7570475974704700400140044B01F0BF
:103680000F01997311B140225A74704759747047F1
:1036900000400140074BD3E902128A4208D0596822
:1036A00001F59C70824201D1D96070470832DA601E
:1036B000704700BF2C3700200023074930B51A4659
:1036C0000C46834201D1E25430BD11F8015B013355
:1036D0002A44D2B2F5E700BFF82E00202DE9F843C6
:1036E000034616461A481B4C00F8013BF0F74EFF04
:1036F000D4E9018708F59C794F4506F10106E36896
:1037000004D1984506D10020BDE8F88307F10802EE
:103710009342F7E7104A216902F2CF735B1A312B0B
:1037200098BF2261322EEED82569324628460849D4
:10373000F0F72CFF4F453D6035447D6018BF0837DA
:1037400025610CBFC4F80880A7600120DCE700BF3A
:10375000B43800202C3700205C2F002008220249BA
:103760000120FFF7BBBF00BF382F00200E22024907
:103770000220FFF7B3BF00BF452F002003680449B4
:1037800005220B60037907200B71FFF7A7BF00BF6D
:10379000402F002070B50546264C003044F001044F
:1037A00018BF0120A047686A234E003018BF0120CF
:1037B000A0470120A047A86B003018BF0120A047F8
:1037C000E86B003018BF0120A04700244FF47A7244
:1037D0001A491B48356000F0D1FD1A4B1A4A1B49A3
:1037E0005A601961C3E902221C703368C2E90011F2
:1037F0005B6A4FF4E130984735680F22214605F1A6
:103800001400F0F739FF0123EB752B766423EB7777
:103810000F4B0E221C700F4B21461C605C600E4843
:10382000F0F72AFF0D4B1C800D4B1C601C710D4BDB
:103830001C7070BD64590108302F0020EC38002046
:10384000D43C00202C370020743700205C2F00204F
:10385000362F0020382F0020452F0020342F002045
:10386000402F0020E43C00200048704788590108A0
:10387000034BD8689B68C01A18BF0120704700BF6F
:103880002C3700202DE9FF47AB4C06462068AB4F94
:10389000003047F0010718BF0120B8472068A84D45
:1038A000003018BF0120B8472368DFF8A882586BA2
:1038B000003018BF0120B8472368986A003018BF4D
:1038C0000120B84723685B6B9847002800F09C8074
:1038D00023689B6A984795F83230012B4AD0002B19
:1038E00034D0022B4ED095F832305A1CE85498F858
:1038F0000030D2B2013BDBB285F8322088F80030CC
:10390000002BDFD119468E48013A91425FD3AA5C61
:103910009A4240F05F8140F66153ADF80C300A23C3
:103920008DF80E3023680321DB6A03A89847002333
:1039300085F832302B785C2B00F041814DD85A2B22
:1039400073D05B2B79D07F4B03222FE061280BD8FB
:10395000602804D2A0F15A03DBB2032B06D801235E
:10396000287085F8323001E0AF28F8D0002388F8BD
:103970000030A7E70223602885F83230687018BF4E
:103980000123F4E70A282B7812D10322612BA870B7
:1039900085F832200CD16B780D2BA4D1002321683F
:1039A00085F8323088F800300B75664B1A702BE0C2
:1039B000AF2B98D16B78602B95D195F83230E854C5
:1039C0000133013085F8323088F800007AE710F8CA
:1039D00001CB01316344DBB297E7602B00F0F38049
:1039E000AF2B06D05D2BAED123686A7883F82120F7
:1039F0000AE05548AD7800F0D5FCA84204D32A4629
:103A00005249514800F0DBFC2068003018BF01200B
:103A1000B8474C4A13789046032B00F2F280DFE857
:103A200013F03301DD001D012C016B7813F0F80F4A
:103A3000EAD1226882F82030E6E76A782368213AE2
:103A4000212AE1D801A151F822F000BFD53A01089E
:103A5000DB3A0108E13A0108093A0108093A01088C
:103A6000093A0108093A0108093A0108093A010826
:103A7000093A0108093A0108093A0108093A010816
:103A8000093A0108093A0108093A0108EB3A010824
:103A9000053B01081F3B0108593B01086F3B01082A
:103AA000893B01089F3B0108093A0108093A0108CE
:103AB000093A0108093A0108093A0108093A0108D6
:103AC000093A0108093A0108093A0108093A0108C6
:103AD000B93B010801225A7596E70122DA8293E781
:103AE00000225A754FF48072F8E7194A1278002ABA
:103AF0008AD0964288D101221A83002283F820209E
:103B00001A7781E7124A1278002A3FF47DAF964275
:103B10007FF47AAF4FF480721A830022F0E70C4AE8
:103B20001278002A3FF470AF96427FF46DAF002206
:103B30001A8383F8202067E7302F0020645901089A
:103B4000C52E00202C370020D43C0020C82E002099
:103B5000C42E0020532F00209B4A1278002A3FF4E5
:103B600053AF96427FF450AF01225A774CE7964A02
:103B70001278002A3FF448AF96427FF445AF012205
:103B80009A7600225A76D4E78F4A1278002A3FF4B8
:103B90003BAF96427FF438AF0122DA76F1E78A4AEA
:103BA0001278002A3FF430AF96427FF42DAF012205
:103BB0001A7700225A7627E700221A7524E723682D
:103BC0006A78DA7720E72368687883F82200DB6B6D
:103BD000984719E7002385F8323073E623687B4D58
:103BE0009B6B98472B68984223689B6B31D398470F
:103BF0002B68C01A764B1B78834202D2022388F8C6
:103C000000301EB32368062E9B6B724D40F09C81E2
:103C100098472B68984223689B6BC0F08D8198472A
:103C20002B68181A18BF012080B16B4C2378D90774
:103C300004D523F001032370FFF790FD23789A0742
:103C400004D523F002032370FFF790FD04B0BDE814
:103C5000F08798472B68DB431844CBE75F4A6049FD
:103C6000137809780133DBB29942137003D2002331
:103C70001370FFF70FFD0023C1E7FFF70BFD0023D3
:103C8000564A88F800301370D8E902239342B8D01E
:103C9000D3E90015534B6D1A2A461846F0F776FC07
:103CA0008146002DADD020686A1E003018BF01206B
:103CB0000192B8470A21464B4948197032210170D8
:103CC00099F800108246019A122923D8DFE811F0F2
:103CD00013001A0048005D006A0075009000AF00F4
:103CE000C000CC00D100D6002001E100F5000001A9
:103CF00008011001180103223B4B5A63A6221A80C7
:103D0000022019E02268127D32B1002211461046CD
:103D1000FFF7E4FC032372E705221A700A233249F5
:103D2000A1224B630B46314803F8012B0268C1F80E
:103D30000120426809205A60FFF7BEFC2368D86A58
:103D4000003018BF0120B84727482368818EDB6AFE
:103D5000984723689B6B98471C4B186001234EE7DC
:103D600005221A701022204B5A63A22203F8012B5D
:103D70001E4A02F10C0152F8040B8A4243F8040B6C
:103D8000F9D112880F201A80D6E705221A70042272
:103D9000154B03205A63A3221A70B9F80120A3F827
:103DA0000120C9E705221A7003220F4B5A63A4228F
:103DB0001A7099F801205A70A2E705221A7003229E
:103DC000094B5A63A522F3E7C42E0020E8380020EF
:103DD000E0110020582F0020362F0020542F002003
:103DE000E111002040370020F82E0020413700204C
:103DF0000322624B02205A63A6221A7099F801200E
:103E00005A70FFF759FC99F80130522B09D8512B01
:103E100002D2303B052B91D8002E8FD0584B1E700C
:103E20008CE7532B8AD101238AF8003086E70522DC
:103E30001A700723514AA8215363134603F8011B44
:103E400050490868C2F801000A7906201A7173E720
:103E50004A48AB1C4363A9230370427049490230AE
:103E6000F0F794FB681C67E74448AB1C4363AB2343
:103E7000F2E74248AB1C4363AC23EDE73F486B1CC1
:103E80004363AD233F4900F8013BF0F77FFB284631
:103E900052E746F2AF13DFF8E49003353949C9F829
:103EA0003450A9F8003089F8022009F10300F0F736
:103EB0006DFBD9F8340001383EE7DFF8C090B1233C
:103EC00048460135C9F8345000F8013B2D49EEE76A
:103ED000DFF8A8900135C9F834504846B223F3E71B
:103EE000DFF898900135C9F834504846B323EBE722
:103EF000DFF888900135C9F834504846B423E3E729
:103F0000DFF878900135C9F834504846A723DBE73D
:103F100003231A4D6B6340F661532B800A23AB7069
:103F20002368D86A003018BF0120B8472368A98EDB
:103F3000DB6A28469847EDE698472B68C01A10F1CF
:103F4000FF3018BF01206FE698472B68984223681E
:103F50009B6B0ED398472B68C01A072894BF00208C
:103F6000012000283FF472AE23689B6B98472860BD
:103F70005BE698472B68DB431844EEE7F82E0020F9
:103F8000C42E002041370020012000B50E4B89B01F
:103F9000034398470D4800F0FAF91F2811D9002370
:103FA00020226946094800F03EFA2021074800F027
:103FB00064FA20216846F2F791FF012009B05DF80C
:103FC00004FB0020FAE700BF64590108D43C00203C
:103FD000F8B504461F464C4B4C4A186842F00102A3
:103FE000003018BF01200D469DF818609047231F30
:103FF000A02B43D8464A022315B3D55CA5421AD05C
:104000003DB9D454434A137843F001031370284652
:10401000F8BD0133082BF0D16EB1E30804F00701BD
:1040200001243D4A8C40D15C0C43D454394A137866
:1040300043F0020313700025E9E70133082B09D090
:10404000D15CA142F9D10021D154324A137843F016
:10405000010313703048E108435C04F0070443FA9D
:1040600004F2D207E7D5012202FA04F4294A23EA2E
:1040700004034354137843F00203C7E7A4F1E002BA
:1040800093B2072B16D86DB10FB1E32C05D00123E5
:104090001F4993400A7813430B701E4A137843F06C
:1040A0000103C7E701231A4903FA02F20B7823EA56
:1040B0000203F1E7A4F1A50083B2022B12D801227A
:1040C0001649824091F9003052B245B113430122A2
:1040D0000420DBB20B701149FFF700FBABE723EACA
:1040E0000203F4E7A4F1A8031A2B0AD825B1583427
:1040F0000B4BE4B233F814500A4902220D8003201E
:10410000EAE7012583E700BF302F0020645901084A
:10411000382F0020362F0020452F0020E43C0020BF
:1041200028590108342F002038B5184C0025237871
:10413000032B29D8DFE803F0020C16200A231448C9
:1041400043708570FFF71AFB08B10123237038BD57
:10415000F6230F4845708370FFF710FB0028F6D058
:104160000223F3E7F6230A4843708570FFF706FB46
:104170000028ECD00323E9E70A2305484570837043
:10418000FFF7FCFA0028E2D02570E0E7372F002087
:10419000402F002007B501228DF807000DF107011F
:1041A0000620FFF79BFA03B05DF804FB38B5044620
:1041B0000E4D0F4B286843F00103003018BF01205B
:1041C0009847601EC0B204280ED80A4A2B68125CB9
:1041D00053F822402046F0F727FD2146BDE838403D
:1041E00002460820FFF77ABA002038BD302F0020A1
:1041F000645901085E59010838B50D460446084B5C
:104200001868084B003018BF012043F0010398479D
:104210002A462146BDE838400920FFF75FBA00BFB3
:10422000302F00206459010838B50D460446084B6C
:104230001868084B003018BF012043F0010398476D
:104240002A462146BDE838400A20FFF747BA00BF9A
:10425000302F002064590108002337B501930B4B20
:10426000044618680A4B003018BF012043F00103D0
:104270000D469847042244EA05440DEB02010B2049
:104280000194FFF72BFA03B030BD00BF302F0020A0
:104290006459010808B1FFF771BA7047264B08202E
:1042A0001A4610B513F8011B002936D000231360FD
:1042B0005360FFF753FA01200023204A12F8011B34
:1042C00081B30E2200211D48F0F7D6F9FFF74EFA10
:1042D00001201B490A784B78134306D000230222A1
:1042E0000B800320FFF7FAF90120164A002311463C
:1042F00012F8014BDCB1002312480B600B71FFF781
:10430000C9FF012010490B7833B1002301220B7043
:104310000420FFF7E3F9012010BD013810F0FF0081
:10432000C0D1C9E70133DBB20E2BC7D1D1E70133CE
:10433000DBB2052BDCD1E5E7382F0020452F00202C
:10434000342F0020402F0020E43C002038B50D46DB
:104350000446084B1868084B003018BF012043F092
:10436000010398472A462146BDE838400D20FFF753
:10437000B5B900BF302F00206459010830B129B110
:1043800022B10023C0E90012C0E90233704740B1F6
:10439000D0E902239A4201D8981A7047406818441D
:1043A000801A704750B1D0E90232934297BF4068FB
:1043B00003F1FF30C01800F1FF30801A7047F8B5E4
:1043C0000F461446054660B3D0F800C0BCF1000F9C
:1043D00027D031B32AB3D0E9023083429CBF6A6848
:1043E0009B18013B1B1AA3421BD36E68361AA642C8
:1043F00028BF264676B9A21BB9192868F0F7C6F877
:10440000E8686B680444B4FBF3F003FB104401203C
:10441000EC60F8BD32466044F0F7B8F8B442EFD92A
:10442000E9E70020F5E7F8B50F461446064610B355
:10443000006808B3F9B1F2B1D6E90252954284BFDF
:1044400071685218521BE118914214D82B447568B8
:10445000ED1AA54228BF254625B1C1182A4638467F
:10446000F0F794F8AC4204D9621B31687819F0F780
:104470008DF8012000E00020F8BD10B588B189B1A9
:10448000D0E902239A4284BF44681B199B1A8B42CD
:1044900008D343681144B1FBF3F203FB12118160AE
:1044A000012010BD0020FCE71A1B1C1D1E1F20212F
:1044B00022235553425F4445564943455F53544177
:1044C00054455F4E4F5F494E4954005553425F4437
:1044D00045564943455F53544154455F494E4954FD
:1044E000005553425F4445564943455F5354415438
:1044F000455F434F4E464947555245440055534248
:104500005F4445564943455F53544154455F5355B5
:104510005350454E440000FF5A0000000020202068
:104520002020202020202828282828202020202063
:104530002020202020202020202020202088101033
:10454000101010101010101010101010100404048F
:10455000040404040404041010101010101041414D
:10456000414141410101010101010101010101013B
:10457000010101010101010110101010101042424F
:10458000424242420202020202020202020202020B
:1045900002020202020202021010101020000000AB
:1045A000000000000000000000000000000000000B
:1045B00000000000000000000000000000000000FB
:1045C00000000000000000000000000000000000EB
:1045D00000000000000000000000000000000000DB
:1045E00000000000000000000000000000000000CB
:1045F00000000000000000000000000000000000BB
:1046000000000000000000000000000000000000AA
:10461000000000000000000000000000000000009A
:10462000040C00200000000000000000000000005A
:10463000000000000000000000000000000000007A
:10464000000000000000000000000000000000006A
:10465000000000000000000000000000000000005A
:10466000000000000000000000000000000000004A
:10467000000000000000000000000000000000003A
:1046800000000000480053000000540057003100B3
:1046900038003600370000006D6F64756C65207659
:1046A00065723A2025640D0A000D0A6275696C6412
:1046B00020646174653A20323032352D30392D3125
:1046C000322D31373A34313A353100374B45595371
:1046D000205457313836372D3100374B4559532048
:1046E0005457313836372D3200374B455953205403
:1046F00057313836372D33005742204B4220340093
:104700005742204B42203500E200E900EA00B500A4
:10471000B600B700CD008301CC008A01920194015C
:104720002102230224022502260227022A02B300C4
:10473000B4006F0070009F01CB019F02A002000037
:104740000000000060EA000020BF0200E0930400C7
:10475000C0270900804F120040771B00C0270900C6
:104760000008004001080040020800400308004023
:10477000060000400A0400400B0400400C04004006
:104780000D0400400E0400400A00004006080040EE
:1047900007080040080800400908004009480321B4
:1047A00081620C21C162084890F81003074900F0AB
:1047B0000F000A68824200D008600020401C2328B5
:1047C000FCDB70470000014000F0FF1F04040140C3
:1047D0000748032181620C21C1620648016801F08B
:1047E0000F01082901D90821016000BF00BF7047EF
:1047F00000000140040401400000004001000040AE
:104800000200004003000040040000400D0800408A
:104810000E08004000000000000000000000000042
:104820000000000000000000000000000000000088
:104830000000000000000000000000000000000078
:104840000000000000000000000000000000000068
:104850000000000000000000000000000000000058
:104860000000000000000000000000000000000048
:104870000000000000000000000000000000000038
:104880000000000000000000000000000000000028
:104890000000000000000000000000000000000018
:1048A0000000000000000000000000000000000008
:1048B00000000000000000000000000000000000F8
:1048C00000000000000000000000000000000000E8
:1048D00000000000000000000000000000000000D8
:1048E00000000000000000000000000000000000C8
:1048F00000000000000000000000000000000000B8
:1049000000000000000000000000000000000000A7
:104910000000000000000000000000000000000097
:104920000000000000000000000000000000000087
:104930000000000000000000000000000000000077
:104940000000000000000000000000000000000067
:104950000000000000000000000000000000000057
:104960000000000000000000000000000000000047
:104970000000000000000000000000000000000037
:104980000000000000000000000000000000000027
:104990000000000000000000000000000000000017
:1049A0000000000000000000000000000000000007
:1049B00000000000000000000000000000000000F7
:1049C00000000000000000000000000000000000E7
:1049D00000000000000000000000000000000000D7
:1049E00000000000000000000000000000000000C7
:1049F00000000000000000000000000000000000B7
:104A000000000000000000000000000000000000A6
:104A10000000000000000000000000000000000096
:104A20000000000000000000000000000000000086
:104A30000000000000000000000000000000000076
:104A40000000000000000000000000000000000066
:104A50000000000000000000000000000000000056
:104A60000000000000000000000000000000000046
:104A70000000000000000000000000000000000036
:104A80000000000000000000000000000000000026
:104A90000000000000000000000000000000000016
:104AA0000000000000000000000000000000000006
:104AB00000000000000000000000000000000000F6
:104AC00000000000000000000000000000000000E6
:104AD00000000000000000000000000000000000D6
:104AE00000000000000000000000000000000000C6
:104AF00000000000000000000000000000000000B6
:104B000000000000000000000000000000000000A5
:104B10000000000000000000000000000000000095
:104B20000000000000000000000000000000000085
:104B30000000000000000000000000000000000075
:104B40000000000000000000000000000000000065
:104B50000000000000000000000000000000000055
:104B60000000000000000000000000000000000045
:104B70000000FF00FF55FFAAFF2BFFBFFF6A0101E6
:104B80001A1B1C1D1E1F202122230000FF55FFAAF7
:104B9000FF2BFFBFFF80FF04500D0F1018191A1DC7
:104BA000252122232B02050609060D0F10191A22B2
:104BB000A900AA0027782878A900AA0027782878D1
:104BC000A900AA0027782878A900AA0027782878C1
:104BD000A900AA002778287829003A003B003C0069
:104BE0003D003E003F0040004100420043004400C1
:104BF00045004600480035001E001F00200021002F
:104C00002200230024002500260027002D002E006E
:104C10002A004C002B0014001A0008001500170091
:104C20001C0018000C00120013002F00300031008F
:104C30004B00390004001600070009000A000B00B1
:104C40000D000E000F003300340028004A004E0013
:104C5000E10064001D001B000600190005001100A2
:104C60001000360037003800E50052004D00E0002B
:104C7000E300E2000000000000002C000000000043
:104C80002178E6002152500051004F001C7E0000A8
:104C90000000000000000000000000000000000014
:104CA00000000000000000000000037CB300B4001E
:104CB000B200AF00AC00AB00AE00AD00A800AA008F
:104CC000A9001B7E01002378010001000100010002
:104CD00001000100010001000100010001000100CC
:104CE0000100077E207801000100010001000100A1
:104CF0000100010001000100245201000100010037
:104D0000010001000100010001000100010001009B
:104D1000010001000100245201000100010021787E
:104D2000010001000100007E017E027E057E067EFC
:104D30000100010001000100010024522778010058
:104D400001000B70010000000000000001000000E5
:104D500000000100010001002A782878297801006C
:104D60000000000000000000000000000000000043
:104D70000000000000000000000000002900BE004C
:104D8000BD00C100C20028782778AC00AE00AB009F
:104D9000A800AA00A9004600480035001E001F0018
:104DA00020002100220023002400250026002700E7
:104DB0002D002E002A004C002B0014001A000800C1
:104DC000150017001C0018000C00120013002F0023
:104DD000300031004B0039000400160007000900C4
:104DE0000A000B000D000E000F00330034002800F5
:104DF0004A004E00E10064001D001B00060019007F
:104E0000050011001000360037003800E5005200A0
:104E10004D00E000E200E3000000000000002C0074
:104E2000000000002178E7002352500051004F009D
:104E30000100000000000000000000000000000071
:104E40000000000000000000000000000000037CE3
:104E50003A003B003C003D003E003F004000410066
:104E60004200430044004500010023780100010096
:104E7000010001000100010001000100010001002A
:104E8000010001000100077E2078010001000100FF
:104E90000100010001000100010001002452010095
:104EA00001000100010001000100010001000100FA
:104EB0000100010001000100010024520100010075
:104EC00001002178010001000100007E017E027EC8
:104ED000057E067E01000100010001000100245250
:104EE000277801000100010001000000000000001F
:104EF0000100000000000100010001002A7828786C
:104F000029780100000000000000000000000000FF
:104F10000000000000000000000000000000000091
:104F2000007C0100010001000100010001000100FE
:104F30000100010001000100010001000100010069
:104F40000100010001000100010001000100010059
:104F50000100010001000100010001000100010049
:104F60000100010001000100010001000100197EA3
:104F70000100010001000100010001000100010029
:104F8000010001000100010001000100197E010083
:104F900001000100010001000100010001001A7E72
:104FA0000100010013700100010001000100010077
:104FB00001000100010001000100010000000000EB
:104FC00000000100000000000100010001000100DC
:104FD00001000100010000000000000000000000CE
:104FE00000000000000000000000000000000000C1
:104FF0000000FF550000000000000000000000005D
:1050000000000000000000000000000000000000A0
:105010000000000000000000000000000000000090
:105020000000000000000000000000000000000080
:105030000000FF550000000000000000000000001C
:105040000000000000000000000000000000FF550C
:10505000FF55FF55000000000000000000000000A8
:105060000000000000000000000000000000000040
:105070000000000000000000000000000000000030
:105080000000000000000000000000000000000020
:105090000000000000000000000000000000000010
:1050A00000000000FF5500000000000000000000AC
:1050B00000000000000000000000000000000000F0
:1050C000000000000000FF00FF00FF0000000000E3
:1050D00000000000000000000000000000000000D0
:1050E00000000000FF00FF00FF00FF00FF000000C5
:1050F00000000000000000000000000000000000B0
:10510000FF00FF00FF00FF00FF00000000000000A4
:10511000000000000000000000000000000000008F
:10512000FF00FF00FF000000FF0000000000000083
:10513000000000000000000000000000FF00000070
:105140000000000000000000FF0000000000000060
:1051500000000000000000000000FF000000FF0051
:10516000000000000000000000000000000000003F
:10517000000000000000000000000000000000002F
:10518000000000000000000000000000000000001F
:10519000000000000000FFAA000000000000000066
:1051A00000000000000000000000000000000000FF
:1051B000000000000000FFAAFFAAFFAAFFAAFFAAA2
:1051C000FFAAFFAA0000000000000000000000008D
:1051D00000000000FFAAFFAAFFAAFFAAFFAA000082
:1051E00000000000000000000000000000000000BF
:1051F0000000FFAAFFAAFFAAFFAAFFAA0000000062
:10520000000000000000000000000000000000009E
:10521000000000000000FFAAFFAA0000000000003C
:10522000000000000000000000000000000000007E
:10523000000000000000000000000000000000006E
:10524000000000000000000000000000000000005E
:10525000000000000000000000000000000000004E
:10526000000000000000000000000000000000003E
:10527000000000000000000000000000000000002E
:10528000000000000000000000000000000000001E
:10529000000000000000000000000000000000000E
:1052A00000000000000000000000000000000000FE
:1052B00000000000000000000000000000000000EE
:1052C00000000000000000000000000000000000DE
:1052D00000000000000000000000000000000000CE
:1052E00000000000000000000000000000000000BE
:1052F00000000000000000000000000000000000AE
:10530000000000000000000000000000000000009D
:10531000000000000000000000000000000000008D
:10532000000000000000000000000000000000007D
:105330000000000000000000000000000008004025
:105340000108004002080040030800400600004039
:105350000A0400400B0400400C0400400D0400400F
:105360000E0400400A000040060800400708004004
:10537000080800400908004000000040010000400B
:105380000200004003000040040000400D080040FF
:105390000E080040E200E900EA00B500B600B700E0
:1053A000CD008301CC008A019201940121022302E5
:1053B00024022502260227022A02B300B4006F004D
:1053C00070009F01CB019F02A002296C6C756E28B2
:1053D00000296C696E2800003131295A1B750A00BA
:1053E00017F1000819F1000831F100084DF100082B
:1053F00000000000000400400F000000000000005A
:105400001800000000010101010101010101020277
:105410000202020202020203030303030303030462
:10542000040404040404050505050506060606062D
:10543000070707070708080808090909090A0A0AE7
:105440000B0B0B0C0C0C0D0D0D0E0E0E0F0F0F1089
:105450001011111112121313141415151616171713
:10546000181819191A1A1B1B1C1D1D1E1E1F20207F
:10547000212222232424252626272829292A2B2CC9
:105480002D2D2E2F30313232333435363738393AEC
:105490003B3C3D3E3F404142434445464748494AE4
:1054A0004C4D4E4F50515354555658595A5B5D5EB2
:1054B0005F616264656668696B6C6D6F707273754D
:1054C00077787A7B7D7E8082838587888A8C8E8FB1
:1054D00091939596989A9C9EA0A2A3A5A7A9ABADDF
:1054E000AFB1B3B5B7BABCBEC0C2C4C6C9CBCDCFCD
:1054F000D1D4D6D8DBDDDFE2E4E7E9EBEEF0F3F57B
:10550000F8FAFDFF000000000000000000000000AD
:10551000000000000000000000000000000000008B
:105520000000000000000000000000002A2B2800FE
:105530000000000000000000000000000000002942
:10554000000000002C1E3420212224342627252E82
:10555000362D3738271E1F202122232425263333BA
:10556000362E37381F0405060708090A0B0C0D0EE6
:105570000F101112131415161718191A1B1C1D2FB2
:105580003130232D350405060708090A0B0C0D0ED2
:105590000F101112131415161718191A1B1C1D2F92
:1055A0003130354C000000007E0F00D4FFFFFFC7F4
:1055B0000000007800FF0100010000FFFF00000173
:1055C0000001FF000202000008040040050800403E
:1055D0000904004000040040030000000000000037
:1055E0004F0801080000000008000000002D002006
:1055F00000000000020000000000000003000000A6
:10560000000000004F08010800000000200000001A
:105610005C2D0020000000000200000000000000DF
:10562000090B01086D080108690901085108010802
:105630000C570108105701081857010804060E00FE
:105640006D56010886560108A6560108C85601087D
:10565000285701084A5701084422B609025B000393
:105660000100A0FA09040000010301010009211151
:10567000010001224400070581030800010904011B
:10568000000203000000092111010001222200078D
:10569000058203200001070502032000010904021E
:1056A00000010300000009211101000122B60007DA
:1056B00005830320000112010002000000402D3488
:1056C00047E503000102000105010906A1010507E4
:1056D00019E029E71500250195087501810295015A
:1056E000750881010507190029FF150026FF00959F
:1056F0000675088100050819012905150025019581
:105700000575019102950175039101C00403090417
:1057100006034800530000000E03540057003100F8
:1057200038003600370000000660FF0961A101095A
:1057300062150026FF009520750881020963150097
:1057400026FF00952075089102C005010902A101FC
:1057500085020901A1000509190129081500250183
:105760009508750181020501093009311581257FF0
:1057700095027508810609381581257F9501750800
:105780008106050C0A38021581257F95017508816F
:1057900006C0C005010980A101850319012AB700CF
:1057A000150126B700950175108100C0050C09018F
:1057B000A101850419012AA002150126A002950164
:1057C00075108100C005010906A1018506050719AC
:1057D000E029E715002501950875018102050719E3
:1057E0000029EF1500250195F075018102050819C2
:1057F000012905950575019102950175039101C077
:1058000000000000110F0108010F0108310F01080D
:10581000210F01082B0F01081B0F01080B0F0108B6
:10582000FB0E01080000000054600108F040002059
:10583000F0400020F040002054600108000000000B
:10584000000000000000000054600108000000009B
:10585000000000000000000054600108000000008B
:10586000000000000000000054600108000000007B
:10587000000000000000000054600108000000006B
:10588000000000000000000054600108000000005B
:10589000000000000000000054600108000000004B
:1058A000000000000000000063300000A85801085C
:1058B000982D0020A82E00206D61696E0069646C2F
:1058C0006500000000000000EF1E0108DF1E010857
:1058D0000F1F0108FF1E0108091F0108F91E01081A
:1058E000E91E0108D91E0108191F01080000010066
:1058F000000065786974006B696C6C0000960000AC
:10590000030000000000000089230108092F01089E
:10591000652F010840004000A82E0020A82E00207E
:1059200001000000BC2E0020E200E900EA00B50002
:10593000B600B700CD008301CC008A01920194012A
:105940002102230224022502260227022A02B30092
:10595000B4006F0070009F01CB019F02A002000104
:10596000020304000549D1F80012054A114010B1A4
:105970000448814200D0FEE77047000000F0FF1F9E
:10598000FF3F00F080290030627473206C69622050
:1059900076657273696F6E3A2076322E382E320039
:1059A0005245454E54206D616C6C6F632073756376
:1059B00063656564656400002E2E2F2E2E2F2E2E1B
:1059C0002F2E2E2F2E2E2F2E2E2F2E2E2F2E2E2FF1
:1059D0006E65776C69622F6C6962632F7374646C97
:1059E00069622F72616E642E630000002C20667560
:1059F0006E6374696F6E3A20000000006173736516
:105A00007274696F6E2022257322206661696C654D
:105A1000643A2066696C6520222573222C206C690B
:105A20006E65202564257325730A0000232D302B15
:105A300020000000686C4C00656667454647000022
:105A400030313233343536373839414243444546B4
:105A50000000000030313233343536373839616276
:105A60006364656600000000B4E7FE7F010000008B
:105A7000040C0020000000006446010844460108B0
:105A800024460108000000000000000000000000A3
:105A90000000000000000000000000000000000006
:105AA00000000000000000000000000000000000F6
:105AB00000000000000000000000000000000000E6
:105AC00000000000000000000000000000000000D6
:105AD00000000000CB460108DA460108E94601084B
:105AE000F84601080047010800000000000000001F
:105AF0000000000000000000FD010108490201084B
:105B00005D02010871020108850201085D070108B4
:105B100039670008000000000000000000000000DD
:105B20009D670008BD7A0008E17A000869640008F2
:105B300025680008DD62000800000000B80B0000C6
:105B4000007E000000000000B80B0000017E000095
:105B500000000000B80B0000027E00000000000002
:105B6000B80B0000037E000000000000B80B00002E
:105B7000047E000000000000B80B0000057E00005D
:105B800000000000B80B0000437E00000000000091
:105B9000B80B0000037C000000000000B80B000000
:105BA000117E000000000000B80B0000127E000013
:105BB00000000000B80B0000137E00000000FF0092
:105BC0001817161514131211100F0E0D0C0B0A19BD
:105BD0001A1B1C1D1E1F20212223242526093433B5
:105BE0003231302F2E2D2C2B2A29282707353637F6
:105BF00038393A3B3C3D3E3F404108064EFF4D4C54
:105C00004B4A4948474645444342054F5051FFFFE0
:105C1000FF52FFFFFF0001020304FFFFFFFFFFFF32
:105C2000FFFFFFFFFFFFFFFFFF9540A440C240D1F1
:105C300040E040E033E026E01AE00DE000D100C291
:105C400000B300A400950086007700680059004A60
:105C5000003C002D001E000F000000000D0F0D1E67
:105C60000D2D0D3C0D4A0D590D680D770D860D95C6
:105C70000DA40DB30DC20DD11AB31AA41A951A862C
:105C80001A771A681A591A4A1A3C1A2D1A1E1A0F2C
:105C90001A001A00260F261E262D263C264A2659B3
:105CA000266826772686269526A426C226D133B3D3
:105CB00033A433953386337733683359334A333CCF
:105CC000332D331E33003300400F401E4059400433
:105CD0000404040404040404040404040404040484
:105CE0000404040404040404040404040404040474
:105CF0000404040404040404040404040404040464
:105D00000404040404040404040404040404040453
:105D10000404040404040404040404040404040443
:105D200004040100FA00000000000000010000006F
:105D300000000000C800000005830008FF0000000C
:105D4000FA00000000000000010000000000000058
:105D5000C9000000058300080000FF00FA000000F1
:105D6000000000000100000000000000CA00000068
:105D700005830008FF000000FA000000000000009A
:105D80000100000000000000CB00000005830008B7
:105D9000FF000000FA000000000000000100000009
:105DA00000000000CC00000005830008FF00000098
:105DB000FA000000000000000300000000000000E6
:105DC000420000000000000051515100FA000000A4
:105DD00000000000030000000000000004000000BC
:105DE0000000000051515100FA00000000000000C6
:105DF000030000000000000003000000000000009D
:105E000051515100FA0000000000000003000000A2
:105E1000000000000200000000000000515151008D
:105E2000FA00000000000000030000000000000075
:105E30003400000000000000FFFFFF00FA00000037
:105E4000000000000100000000000000360000001B
:105E500000000000FFFFFF00FA000000000000004B
:105E600001000000000000003700000000000000FA
:105E7000FFFFFF00FA000000000000000300000028
:105E800000000000FA000000318C00080000000053
:105E9000FA00000000000000030000000000000005
:105EA000FB000000598D000800000000FA0000000F
:105EB000000000000300000000000000FF000000E0
:105EC000318E000800400000650000000000000066
:105ED000B80B0000A8000000EC14002009B800086E
:105EE00001140A1E0150082800FF00FFFF033905B6
:105EF000030102000096000003000000FFFFFFFF07
:105F00000400000004000000000000000000000089
:105F10000000000000000000000000000000000081
:105F20000000000000000000000000000000000071
:105F30000000000000000000000000000000000061
:105F40000000000003000000000000001B11010819
:105F50009111010820002000000000000000000056
:105F6000020000000000000003000000000000002C
:105F7000CF11010800000000080000000000000030
:105F80000000000002000000000000009C40002013
:105F900002020000040000000400000020000000D5
:105FA0002000000000000000D82B0020682C0020FA
:105FB00000000000000000000000000000000000E1
:105FC00000000000000000000000000000000000D1
:105FD00000000000000000000000000000000000C1
:105FE00000000000000000000000000000000000B1
:105FF00000000000000000000000000000000000A1
:106000000000000000000000000000000000000090
:106010000000000000000000000000000000000080
:106020000000000000000000000000000000000070
:1060300001000000FD0C0108190D01085D0D0108AB
:106040007D0D0108009600000000080000A24A042F
:046050000A32000010
:00000001FF
